{
"type": "FeatureCollection",
"name": "MdotAadtCaadtCurrentYear",
"crs": { "type": "name", "properties": { "name": "urn:ogc:def:crs:OGC:1.3:CRS84" } },
"xy_coordinate_resolution": 8.98315e-10,
"z_coordinate_resolution": 0.0001,
"features": [
{ "type": "Feature", "properties": { "PR": "1495003", "Aadt": 5305, "AadtCommercial": 149, "FacilityType": 2, "Year": "2024", "LocationId": "25-6930" }, "geometry": { "type": "LineString", "coordinates": [ [ -83.6443264922, 43.0098676616 ], [ -83.6423870648, 43.0099316713 ], [ -83.6400349356, 43.0099666476 ], [ -83.6363660616, 43.0100556925 ], [ -83.6346318399, 43.0101052798 ] ] } },
{ "type": "Feature", "properties": { "PR": "0762506", "Aadt": 1450, "AadtCommercial": 40, "FacilityType": 2, "Year": "2024", "LocationId": "44-5012" }, "geometry": { "type": "LineString", "coordinates": [ [ -83.4078295892, 42.9693042745 ], [ -83.4041412388, 42.969340893 ] ] } },
{ "type": "Feature", "properties": { "PR": "1526003", "Aadt": 1135, "AadtCommercial": 31, "FacilityType": 1, "Year": "2024", "LocationId": "25-6952" }, "geometry": { "type": "LineString", "coordinates": [ [ -83.6841141264, 43.0202189893 ], [ -83.6839969616, 43.020603443 ], [ -83.6838492002, 43.0209570911 ], [ -83.6836723355, 43.021235055 ], [ -83.683459966, 43.0215057441 ], [ -83.6831221239, 43.0218908619 ], [ -83.6827024003, 43.0223693109 ], [ -83.6825485487, 43.0225595016 ], [ -83.6818060769, 43.023355586 ], [ -83.6815268818, 43.0237247863 ], [ -83.681380411, 43.023994356 ], [ -83.6813627515, 43.0240250941 ], [ -83.6809913471, 43.0245539551 ], [ -83.680730712, 43.0249568775 ], [ -83.6803814329, 43.0254985155 ], [ -83.680176263, 43.0258075766 ], [ -83.679691928, 43.0266671294 ], [ -83.6792427066, 43.0274616791 ], [ -83.6787779902, 43.0282845347 ], [ -83.6783096524, 43.0290817477 ], [ -83.6778486382, 43.029895209 ], [ -83.6774236348, 43.0306993059 ], [ -83.6768728497, 43.0312634004 ], [ -83.676231063, 43.032074596 ] ] } },
{ "type": "Feature", "properties": { "PR": "1509803", "Aadt": 3153, "AadtCommercial": 90, "FacilityType": 2, "Year": "2024", "LocationId": "25-5192" }, "geometry": { "type": "LineString", "coordinates": [ [ -83.8500691459, 42.9127793885 ], [ -83.8504491647, 42.9266804778 ], [ -83.8504797615, 42.9269025889 ], [ -83.8505409479, 42.9270889077 ], [ -83.8506808966, 42.9273344247 ], [ -83.8508383192, 42.9275426717 ], [ -83.8513149273, 42.9279604696 ], [ -83.8559650111, 42.9313723255 ], [ -83.8567954542, 42.9320057083 ], [ -83.8573983879, 42.9325273573 ], [ -83.8577408535, 42.9330082592 ], [ -83.8580404028, 42.9334972964 ], [ -83.8583017074, 42.9340348386 ], [ -83.8584859275, 42.9347075163 ], [ -83.8593819467, 42.9379790993 ], [ -83.8594315006, 42.93837668 ], [ -83.8594446095, 42.9387269071 ], [ -83.8594077622, 42.9390528557 ], [ -83.859342125, 42.9392942639 ], [ -83.8586872278, 42.9416601748 ] ] } },
{ "type": "Feature", "properties": { "PR": "1519805", "Aadt": 10125, "AadtCommercial": 283, "FacilityType": 2, "Year": "2024", "LocationId": "25-5203" }, "geometry": { "type": "LineString", "coordinates": [ [ -83.8504129807, 42.9569413208 ], [ -83.8480116669, 42.9569428057 ], [ -83.8445261766, 42.9569902299 ], [ -83.8408965888, 42.9570395015 ] ] } },
{ "type": "Feature", "properties": { "PR": "0756601", "Aadt": 1808, "AadtCommercial": null, "FacilityType": 4, "Year": "2024", "LocationId": "44-0032" }, "geometry": { "type": "LineString", "coordinates": [ [ -83.4393108172, 43.0172697174 ], [ -83.4398252864, 43.0173110464 ], [ -83.4401794174, 43.0173488757 ], [ -83.440464347, 43.017340394 ], [ -83.4407167438, 43.017299473 ], [ -83.4409065834, 43.0172161403 ], [ -83.4411241847, 43.0171166451 ], [ -83.4415006533, 43.0168641234 ], [ -83.4421818774, 43.0163723733 ], [ -83.4425053828, 43.0161708566 ], [ -83.4427337576, 43.0160566863 ], [ -83.443018229, 43.0159463891 ], [ -83.4432600165, 43.0158671998 ], [ -83.4434751135, 43.0158273052 ], [ -83.4437006764, 43.0157801883 ], [ -83.4444459357, 43.0157374197 ], [ -83.4450676732, 43.0156963095 ] ] } },
{ "type": "Feature", "properties": { "PR": "1497601", "Aadt": 9970, "AadtCommercial": 280, "FacilityType": 2, "Year": "2024", "LocationId": "25-6855" }, "geometry": { "type": "LineString", "coordinates": [ [ -83.6652224894, 43.0506239032 ], [ -83.6629773139, 43.0506423017 ], [ -83.6608669031, 43.0506953098 ], [ -83.6603789955, 43.0506988307 ], [ -83.6600706594, 43.0507068202 ], [ -83.658475892, 43.0507340371 ], [ -83.6580634795, 43.0507437278 ], [ -83.6568661857, 43.0507571313 ], [ -83.6554065048, 43.050771094 ], [ -83.6543174441, 43.0507846845 ], [ -83.6528364752, 43.0508320128 ], [ -83.6515563622, 43.0508484364 ], [ -83.6505110329, 43.05086237 ], [ -83.6486059209, 43.0508662625 ], [ -83.6483475549, 43.0508704507 ], [ -83.6478873798, 43.0508785878 ], [ -83.645630692, 43.0509218678 ], [ -83.6446592128, 43.0509293305 ], [ -83.6443615598, 43.0509437705 ], [ -83.6431863078, 43.0509484381 ], [ -83.6419538313, 43.050966195 ], [ -83.6406654442, 43.0509922456 ], [ -83.6357749307, 43.0510690066 ] ] } },
{ "type": "Feature", "properties": { "PR": "1519303", "Aadt": 3208, "AadtCommercial": 92, "FacilityType": 2, "Year": "2024", "LocationId": "25-5191" }, "geometry": { "type": "LineString", "coordinates": [ [ -83.8302812186, 42.9127686985 ], [ -83.830257222, 42.9127986499 ], [ -83.8302466473, 42.9128156689 ], [ -83.8302385755, 42.9128323685 ], [ -83.8302342926, 42.9128485265 ], [ -83.8302320732, 42.9128660717 ], [ -83.8302353324, 42.9128820801 ], [ -83.8302423509, 42.9129000378 ], [ -83.8302513395, 42.912916421 ], [ -83.8302623693, 42.9129337523 ], [ -83.8302804444, 42.9129581514 ] ] } },
{ "type": "Feature", "properties": { "PR": "1495003", "Aadt": 8649, "AadtCommercial": 243, "FacilityType": 2, "Year": "2024", "LocationId": "25-6859" }, "geometry": { "type": "LineString", "coordinates": [ [ -83.6809711073, 43.0156729237 ], [ -83.6805499744, 43.0151754629 ], [ -83.6801911001, 43.0147433927 ], [ -83.6794712594, 43.013999969 ], [ -83.6792923429, 43.0138100642 ], [ -83.678589828, 43.0133923143 ], [ -83.6777094292, 43.0129140561 ], [ -83.6768111348, 43.0124181066 ], [ -83.6758693013, 43.0118836988 ], [ -83.6750386497, 43.0114816208 ], [ -83.6742214053, 43.0110385051 ], [ -83.674013493, 43.0109239942 ], [ -83.6736516527, 43.0107060384 ], [ -83.6733651016, 43.0105515025 ], [ -83.6730262614, 43.0103523469 ], [ -83.6727966137, 43.0102406054 ], [ -83.6726877751, 43.0101905889 ], [ -83.6720961091, 43.0099217085 ], [ -83.6720699959, 43.0099046489 ], [ -83.6716888436, 43.0097798311 ], [ -83.67139205, 43.0096746413 ], [ -83.6708155989, 43.0095194661 ], [ -83.6703487404, 43.0094287028 ], [ -83.6699929568, 43.0093895964 ], [ -83.669124343, 43.0093247186 ], [ -83.6690520899, 43.0093221621 ], [ -83.6656070886, 43.0093674439 ], [ -83.6641368081, 43.0093946777 ], [ -83.663326285, 43.0094147772 ], [ -83.6624014848, 43.0094377029 ], [ -83.6619864856, 43.0094527198 ], [ -83.6608125394, 43.0094783478 ], [ -83.6597238028, 43.0094885133 ], [ -83.658579368, 43.0095322772 ], [ -83.6574076557, 43.009565859 ], [ -83.6561838996, 43.0096093184 ], [ -83.6542376752, 43.0096742067 ], [ -83.653056344, 43.0096666475 ], [ -83.6521552928, 43.0096879908 ], [ -83.6512038577, 43.0097179218 ], [ -83.650192525, 43.0097326291 ], [ -83.6493766457, 43.0097545315 ], [ -83.6482956804, 43.0097724431 ], [ -83.6473172598, 43.0097987348 ], [ -83.6463720251, 43.0098222627 ], [ -83.6454161274, 43.009834773 ], [ -83.6443264922, 43.0098676616 ] ] } },
{ "type": "Feature", "properties": { "PR": "1844705", "Aadt": 1042, "AadtCommercial": 28, "FacilityType": 1, "Year": "2024", "LocationId": "25-0068" }, "geometry": { "type": "LineString", "coordinates": [ [ -83.6775816489, 43.0341457245 ], [ -83.677614375, 43.033318523 ] ] } },
{ "type": "Feature", "properties": { "PR": "1512407", "Aadt": 17340, "AadtCommercial": 485, "FacilityType": 2, "Year": "2024", "LocationId": "25-5522" }, "geometry": { "type": "LineString", "coordinates": [ [ -83.8131740928, 43.0601834082 ], [ -83.8121609887, 43.0602430196 ], [ -83.8111892236, 43.0602893621 ], [ -83.8099599098, 43.060284841 ], [ -83.8089607702, 43.0603092874 ], [ -83.8026362998, 43.0602869493 ], [ -83.8005040691, 43.0603154505 ], [ -83.7995823316, 43.0603232364 ], [ -83.7971456098, 43.0603400626 ], [ -83.7938821798, 43.0603625158 ], [ -83.7936335388, 43.060364223 ], [ -83.7926826678, 43.0603707459 ], [ -83.7885292716, 43.0603938348 ], [ -83.7876970093, 43.0604108316 ], [ -83.7837602298, 43.0604218957 ], [ -83.7827453176, 43.060439681 ], [ -83.7816923397, 43.060444339 ], [ -83.7787781083, 43.0604792405 ], [ -83.7733837211, 43.0605682871 ], [ -83.7729509801, 43.0605543023 ] ] } },
{ "type": "Feature", "properties": { "PR": "1844310", "Aadt": 3466, "AadtCommercial": null, "FacilityType": 4, "Year": "2024", "LocationId": "25-4453" }, "geometry": { "type": "LineString", "coordinates": [ [ -83.6730846587, 43.0541007795 ], [ -83.6731450557, 43.055710624 ] ] } },
{ "type": "Feature", "properties": { "PR": "1844309", "Aadt": 5323, "AadtCommercial": null, "FacilityType": 4, "Year": "2024", "LocationId": "25-4450" }, "geometry": { "type": "LineString", "coordinates": [ [ -83.6735449488, 43.051338386 ], [ -83.6733395898, 43.0525065065 ], [ -83.6732353163, 43.0528823967 ], [ -83.6731561732, 43.0532280331 ], [ -83.6730991942, 43.0534642325 ], [ -83.6730846587, 43.0541007795 ] ] } },
{ "type": "Feature", "properties": { "PR": "1503003", "Aadt": 1383, "AadtCommercial": null, "FacilityType": 4, "Year": "2024", "LocationId": "25-3671" }, "geometry": { "type": "LineString", "coordinates": [ [ -83.7244208542, 42.8061336038 ], [ -83.7246755361, 42.8061114891 ], [ -83.7249023058, 42.8061440381 ], [ -83.7252409033, 42.8062347953 ], [ -83.7254730105, 42.8063793595 ], [ -83.7255901756, 42.8065495849 ], [ -83.7256303655, 42.806746237 ], [ -83.7255940991, 42.8069553373 ], [ -83.7254745005, 42.8072908243 ] ] } },
{ "type": "Feature", "properties": { "PR": "1502802", "Aadt": 12258, "AadtCommercial": 355, "FacilityType": 2, "Year": "2024", "LocationId": "25-5267" }, "geometry": { "type": "LineString", "coordinates": [ [ -83.707141115, 42.8074734263 ], [ -83.7073043283, 42.8073057521 ], [ -83.7085119897, 42.8062004952 ], [ -83.7095680589, 42.8051974355 ], [ -83.7096763906, 42.8050947175 ], [ -83.7098688405, 42.805028679 ], [ -83.7101570988, 42.8049790249 ] ] } },
{ "type": "Feature", "properties": { "PR": "1532601", "Aadt": 2244, "AadtCommercial": 64, "FacilityType": 2, "Year": "2024", "LocationId": "25-5569" }, "geometry": { "type": "LineString", "coordinates": [ [ -83.7321818093, 43.0385033526 ], [ -83.731387849, 43.0385105735 ], [ -83.7303839147, 43.0384950972 ], [ -83.7293680538, 43.0384473293 ], [ -83.7283977218, 43.0384738161 ], [ -83.7280757298, 43.0384790162 ], [ -83.7275984776, 43.0385323782 ], [ -83.7272597994, 43.0385759907 ], [ -83.7264132198, 43.0387419292 ], [ -83.7254876839, 43.0389679799 ], [ -83.7245165553, 43.0391352762 ], [ -83.7235544709, 43.0392425227 ], [ -83.7225952089, 43.0392750673 ], [ -83.7224741505, 43.0392014304 ], [ -83.7222902478, 43.0391882006 ], [ -83.722132733, 43.0391768465 ], [ -83.7219472009, 43.0391610531 ], [ -83.7217962362, 43.039147247 ], [ -83.721685688, 43.0391359775 ], [ -83.7215494393, 43.0391211756 ], [ -83.7214132711, 43.0391042214 ], [ -83.7212420783, 43.0390818245 ], [ -83.7210487835, 43.0390538145 ], [ -83.7208690156, 43.0390252145 ], [ -83.7206315625, 43.0389813948 ], [ -83.7205092134, 43.0389575971 ], [ -83.7203092368, 43.0389192769 ], [ -83.720154292, 43.0388882429 ], [ -83.7199882611, 43.0388521815 ], [ -83.7197962392, 43.0388076611 ], [ -83.719572174, 43.0387548957 ], [ -83.7192863617, 43.0386876421 ], [ -83.7192178548, 43.0386715219 ], [ -83.7190301078, 43.0386332874 ], [ -83.7188779484, 43.0386043796 ], [ -83.7187245032, 43.0385784606 ], [ -83.718566791, 43.038556763 ], [ -83.7184416751, 43.0385426114 ], [ -83.7182686682, 43.0385901591 ], [ -83.71803403, 43.0385735187 ], [ -83.7176498113, 43.0385657704 ], [ -83.7172945109, 43.0385751634 ], [ -83.7161817074, 43.0385709868 ], [ -83.7160645069, 43.0385705465 ] ] } },
{ "type": "Feature", "properties": { "PR": "0553806", "Aadt": 1061, "AadtCommercial": null, "FacilityType": 4, "Year": "2024", "LocationId": "76-0159" }, "geometry": { "type": "LineString", "coordinates": [ [ -84.0019740378, 42.9283596539 ], [ -84.0017610522, 42.9284422286 ], [ -84.0016328817, 42.9284823305 ], [ -84.0014988082, 42.9285265649 ], [ -84.0014230585, 42.9285506467 ], [ -84.00129572, 42.92856534 ], [ -84.001180186, 42.9285717671 ], [ -84.0010649286, 42.9285697247 ], [ -84.00091579, 42.928545895 ], [ -84.0007785951, 42.9285095653 ], [ -84.0006817598, 42.9284599836 ], [ -84.0005849647, 42.9284131058 ], [ -84.0005099645, 42.9283575814 ], [ -84.0004529473, 42.928315924 ], [ -84.0004027646, 42.9282556457 ], [ -84.0003439092, 42.9281739872 ], [ -84.0002856719, 42.9280758558 ], [ -84.0002759072, 42.9279989066 ], [ -84.0002662894, 42.9279174436 ], [ -84.0002691787, 42.9278294278 ], [ -84.0002906432, 42.9277372248 ], [ -84.0003463327, 42.9276320802 ], [ -84.0004870166, 42.9274652145 ], [ -84.0007675895, 42.9272814284 ] ] } },
{ "type": "Feature", "properties": { "PR": "1502903", "Aadt": 3201, "AadtCommercial": null, "FacilityType": 4, "Year": "2024", "LocationId": "25-0594" }, "geometry": { "type": "LineString", "coordinates": [ [ -83.7262468824, 42.9171848802 ], [ -83.7263934798, 42.9165417067 ], [ -83.7269373392, 42.9149783688 ], [ -83.7269698102, 42.9147104017 ] ] } },
{ "type": "Feature", "properties": { "PR": "1503510", "Aadt": 1217, "AadtCommercial": 35, "FacilityType": 2, "Year": "2024", "LocationId": "25-6818" }, "geometry": { "type": "LineString", "coordinates": [ [ -83.6975528568, 43.1128150044 ], [ -83.6975335355, 43.1135029242 ], [ -83.6975566727, 43.1142832405 ], [ -83.6975869396, 43.1150126441 ], [ -83.6976119886, 43.115258798 ], [ -83.6975977238, 43.1157191521 ], [ -83.6975645268, 43.1164356428 ], [ -83.6975731509, 43.117140479 ], [ -83.6976374284, 43.1178054432 ], [ -83.6976791514, 43.1184755931 ] ] } },
{ "type": "Feature", "properties": { "PR": "1506007", "Aadt": 2427, "AadtCommercial": 67, "FacilityType": 2, "Year": "2024", "LocationId": "25-7032" }, "geometry": { "type": "LineString", "coordinates": [ [ -83.6568601416, 43.105534751 ], [ -83.6569561577, 43.1103028284 ], [ -83.6570744065, 43.1127364817 ], [ -83.6571447795, 43.1145576513 ], [ -83.6574068329, 43.1200901155 ] ] } },
{ "type": "Feature", "properties": { "PR": "1501801", "Aadt": 797, "AadtCommercial": 24, "FacilityType": 2, "Year": "2024", "LocationId": "25-7119" }, "geometry": { "type": "LineString", "coordinates": [ [ -83.51916299, 43.0292068257 ], [ -83.5179298893, 43.0292327594 ] ] } },
{ "type": "Feature", "properties": { "PR": "1494907", "Aadt": 5451, "AadtCommercial": null, "FacilityType": 4, "Year": "2024", "LocationId": "25-4115" }, "geometry": { "type": "LineString", "coordinates": [ [ -83.6818835642, 43.0089372834 ], [ -83.681322848, 43.0090600929 ], [ -83.68093277, 43.0091784247 ], [ -83.6806667216, 43.0092942429 ], [ -83.6805539084, 43.0093490655 ], [ -83.6804804173, 43.0093974444 ], [ -83.6804048862, 43.0094511754 ], [ -83.6803213414, 43.0095044421 ], [ -83.6801692131, 43.0096094841 ], [ -83.6800758248, 43.0096979034 ], [ -83.6799900369, 43.0097797368 ], [ -83.6798974584, 43.0098951379 ], [ -83.6796732378, 43.0101898062 ], [ -83.6796223789, 43.0102509057 ], [ -83.6795767531, 43.0103048017 ], [ -83.6795182668, 43.0103817223 ], [ -83.6794639615, 43.010453666 ], [ -83.6793961252, 43.0105425502 ], [ -83.6791303386, 43.0109014278 ], [ -83.6789951776, 43.011137448 ], [ -83.6789133183, 43.011497457 ], [ -83.6788919149, 43.0117535181 ], [ -83.678932301, 43.0119167961 ], [ -83.6789885216, 43.0121231489 ], [ -83.6790754753, 43.0122873828 ], [ -83.6791679253, 43.0124602789 ], [ -83.6793072687, 43.0126255861 ], [ -83.6794930177, 43.0127961198 ], [ -83.6796727292, 43.0129982898 ] ] } },
{ "type": "Feature", "properties": { "PR": "0551310", "Aadt": 7029, "AadtCommercial": 652, "FacilityType": 2, "Year": "2024", "LocationId": "76-0004" }, "geometry": { "type": "LineString", "coordinates": [ [ -84.0389689774, 42.9993531895 ], [ -84.0365657874, 42.9993157915 ], [ -84.026955673, 42.9992368873 ], [ -84.0256102388, 42.9992243628 ], [ -84.0068905626, 42.9991677573 ], [ -83.999978432, 42.9992513519 ], [ -83.986739396, 42.9995361636 ], [ -83.9865891004, 42.9995367903 ], [ -83.9806389296, 42.9995715906 ], [ -83.9772920218, 42.9996155754 ], [ -83.9741405172, 42.9995874128 ], [ -83.9668008689, 42.9994671973 ], [ -83.9616257076, 42.9992517912 ], [ -83.9547688107, 42.9989424782 ], [ -83.9525386807, 42.9988706256 ], [ -83.9504831655, 42.9987805848 ], [ -83.9483205132, 42.9987010599 ], [ -83.9392593437, 42.9988166665 ], [ -83.9328156729, 42.9989017841 ], [ -83.9323646966, 42.9989020216 ], [ -83.9285678795, 42.9988891946 ] ] } },
{ "type": "Feature", "properties": { "PR": "3251670", "Aadt": 2363, "AadtCommercial": 66, "FacilityType": 1, "Year": "2024", "LocationId": "25-6877" }, "geometry": { "type": "LineString", "coordinates": [ [ -83.6857836951, 43.0069589789 ], [ -83.6860897436, 43.007248921 ], [ -83.6862687972, 43.0074071689 ], [ -83.6865097214, 43.0076420321 ], [ -83.6869006809, 43.0079968843 ], [ -83.6874327742, 43.0085237395 ], [ -83.6879157848, 43.0089367401 ], [ -83.6883978898, 43.0093678937 ], [ -83.6890528959, 43.009951676 ], [ -83.6892845524, 43.0101927151 ], [ -83.6896887628, 43.0105666174 ], [ -83.6901086331, 43.0110066222 ], [ -83.6904015764, 43.0113618885 ], [ -83.6908586275, 43.0119689682 ], [ -83.6916659166, 43.012888291 ], [ -83.6924283872, 43.0138081394 ], [ -83.693203958, 43.0147470372 ], [ -83.6938507158, 43.015481722 ], [ -83.6940012124, 43.0156741294 ] ] } },
{ "type": "Feature", "properties": { "PR": "1497505", "Aadt": 4312, "AadtCommercial": 125, "FacilityType": 2, "Year": "2024", "LocationId": "25-7002" }, "geometry": { "type": "LineString", "coordinates": [ [ -83.6555635032, 43.0414240053 ], [ -83.6556633186, 43.0421763607 ], [ -83.6555086239, 43.0426760851 ], [ -83.6554678466, 43.0427690314 ], [ -83.6554067306, 43.0434551535 ], [ -83.6553925044, 43.0441735743 ], [ -83.6553941672, 43.0448820234 ], [ -83.6553704804, 43.0470953521 ], [ -83.655348569, 43.0485417275 ], [ -83.6554065048, 43.050771094 ], [ -83.6554279446, 43.052733407 ], [ -83.6554730151, 43.0529335756 ], [ -83.6555163635, 43.0530531588 ], [ -83.6556473532, 43.0532317009 ], [ -83.6558618013, 43.053419941 ], [ -83.6563963079, 43.0538626098 ], [ -83.6566211036, 43.0540958417 ], [ -83.6566633292, 43.0542416484 ], [ -83.6566396087, 43.0557697017 ], [ -83.6566222223, 43.0559105886 ], [ -83.6565962864, 43.0562602189 ] ] } },
{ "type": "Feature", "properties": { "PR": "1494105", "Aadt": 7170, "AadtCommercial": 201, "FacilityType": 2, "Year": "2024", "LocationId": "25-5124" }, "geometry": { "type": "LineString", "coordinates": [ [ -83.8311036062, 42.9860894335 ], [ -83.8310762355, 42.9860804681 ], [ -83.8310490024, 42.9860735311 ], [ -83.8310215319, 42.9860693676 ], [ -83.8309939598, 42.9860679215 ], [ -83.8309687094, 42.9860709085 ], [ -83.830942553, 42.9860759481 ], [ -83.8309203036, 42.9860825913 ], [ -83.8308961067, 42.9860914878 ] ] } },
{ "type": "Feature", "properties": { "PR": "1497102", "Aadt": 5413, "AadtCommercial": 84, "FacilityType": 2, "Year": "2024", "LocationId": "25-6711" }, "geometry": { "type": "LineString", "coordinates": [ [ -83.6850952992, 43.0099147538 ], [ -83.6860833404, 43.0107964325 ], [ -83.6869069283, 43.0115774845 ], [ -83.6878063024, 43.0125436842 ], [ -83.6882986467, 43.0130977215 ], [ -83.6890740135, 43.0140584198 ], [ -83.6898395475, 43.0149921896 ], [ -83.6906148923, 43.015879011 ], [ -83.6914247183, 43.016820539 ], [ -83.6918701457, 43.01734643 ], [ -83.6921062683, 43.0176515756 ], [ -83.6924983746, 43.0180780775 ], [ -83.692599921, 43.0181962999 ], [ -83.6927213126, 43.0183376286 ], [ -83.6928478495, 43.0184850281 ], [ -83.6931053797, 43.0187784445 ], [ -83.6933751521, 43.0190750636 ], [ -83.6935068077, 43.0192174978 ] ] } },
{ "type": "Feature", "properties": { "PR": "0467708", "Aadt": 6890, "AadtCommercial": null, "FacilityType": 4, "Year": "2024", "LocationId": "73-0537" }, "geometry": { "type": "LineString", "coordinates": [ [ -83.7726295939, 43.2478470595 ], [ -83.7728569574, 43.2482892455 ], [ -83.7728959467, 43.2483491589 ], [ -83.7738386834, 43.2501945987 ] ] } },
{ "type": "Feature", "properties": { "PR": "1500204", "Aadt": 3099, "AadtCommercial": 89, "FacilityType": 2, "Year": "2024", "LocationId": "25-6789" }, "geometry": { "type": "LineString", "coordinates": [ [ -83.7333914006, 43.0673921247 ], [ -83.7295744026, 43.0675276687 ], [ -83.7285607348, 43.0675443455 ], [ -83.7254600226, 43.0676011367 ], [ -83.724249925, 43.0676401174 ], [ -83.7226379966, 43.0676697812 ], [ -83.7216186772, 43.0676949098 ], [ -83.7209907564, 43.0677150542 ], [ -83.7205183047, 43.0676264747 ], [ -83.7193983922, 43.0671664422 ], [ -83.718377903, 43.0671313564 ], [ -83.7172985565, 43.0671278207 ], [ -83.7162836944, 43.0671286158 ], [ -83.7152314962, 43.0671239239 ], [ -83.714119658, 43.0671019103 ], [ -83.7090289015, 43.0671535845 ], [ -83.7062256214, 43.0671717977 ], [ -83.7037383356, 43.0671778729 ], [ -83.7013109633, 43.0672156842 ], [ -83.6988758231, 43.0672173083 ], [ -83.6964370425, 43.0672326959 ], [ -83.6941030125, 43.0672492744 ], [ -83.693915881, 43.0672502902 ] ] } },
{ "type": "Feature", "properties": { "PR": "1495505", "Aadt": 1648, "AadtCommercial": null, "FacilityType": 4, "Year": "2024", "LocationId": "25-0446" }, "geometry": { "type": "LineString", "coordinates": [ [ -83.5953558613, 43.0204923474 ], [ -83.5951688711, 43.0207974675 ], [ -83.5950439116, 43.0209723947 ], [ -83.5948004773, 43.0211577986 ], [ -83.5945488316, 43.021252072 ], [ -83.594322827, 43.0212949147 ], [ -83.5941460557, 43.021286828 ], [ -83.5938589294, 43.0212330836 ], [ -83.5936552301, 43.0211594549 ], [ -83.5934424688, 43.021016334 ], [ -83.5932959525, 43.0208399701 ], [ -83.5932441485, 43.0206569569 ], [ -83.5932461094, 43.0204577611 ], [ -83.59333671, 43.020256119 ], [ -83.5934668872, 43.0200986297 ], [ -83.5936309154, 43.0199808405 ], [ -83.5939269396, 43.0198315258 ], [ -83.5941658857, 43.0197611618 ] ] } },
{ "type": "Feature", "properties": { "PR": "1520110", "Aadt": 5026, "AadtCommercial": 140, "FacilityType": 2, "Year": "2024", "LocationId": "25-5308" }, "geometry": { "type": "LineString", "coordinates": [ [ -83.7115962782, 42.944210089 ], [ -83.7115949956, 42.944389522 ], [ -83.7116221263, 42.9444537271 ], [ -83.711658609, 42.9445311415 ], [ -83.7117216101, 42.9446365805 ], [ -83.7120674015, 42.945183204 ], [ -83.7121178789, 42.9453477709 ], [ -83.7121441574, 42.94553505 ], [ -83.7122082778, 42.9478136842 ], [ -83.7123873939, 42.9537709835 ], [ -83.7124111933, 42.9543869615 ], [ -83.7124348788, 42.955 ], [ -83.7125354983, 42.9574151138 ], [ -83.7125719195, 42.9592509548 ] ] } },
{ "type": "Feature", "properties": { "PR": "1506906", "Aadt": 449, "AadtCommercial": 11, "FacilityType": 2, "Year": "2024", "LocationId": "25-6838" }, "geometry": { "type": "LineString", "coordinates": [ [ -83.6932954993, 43.1179413926 ], [ -83.6923772192, 43.1179565486 ], [ -83.6884234471, 43.1180170755 ] ] } },
{ "type": "Feature", "properties": { "PR": "1506606", "Aadt": 7583, "AadtCommercial": 221, "FacilityType": 2, "Year": "2024", "LocationId": "25-5502" }, "geometry": { "type": "LineString", "coordinates": [ [ -83.8526121076, 43.0654552589 ], [ -83.8526378332, 43.0662279855 ], [ -83.8527123145, 43.0672353614 ] ] } },
{ "type": "Feature", "properties": { "PR": "3250565", "Aadt": 4850, "AadtCommercial": 183, "FacilityType": 2, "Year": "2024", "LocationId": "25-6980" }, "geometry": { "type": "LineString", "coordinates": [ [ -83.6771564338, 43.0071076318 ], [ -83.6770328442, 43.0067267497 ], [ -83.6769798207, 43.0065772178 ], [ -83.6767886467, 43.0063864109 ], [ -83.6762646485, 43.0058842242 ], [ -83.67596069, 43.0055842263 ], [ -83.6758616691, 43.0054433255 ], [ -83.6757054692, 43.0052160626 ], [ -83.6756570574, 43.0051139806 ], [ -83.6746976746, 43.0034929247 ], [ -83.6744756144, 43.0034659279 ], [ -83.6742876533, 43.0034333341 ], [ -83.6738029677, 43.0034482085 ], [ -83.672819467, 43.0034665035 ], [ -83.6718508613, 43.0034881501 ], [ -83.6708818009, 43.0034957187 ], [ -83.6698954064, 43.0035200815 ], [ -83.6689012109, 43.003524363 ], [ -83.6678939169, 43.0035554954 ], [ -83.6669345054, 43.003578763 ], [ -83.6659527892, 43.0036003807 ], [ -83.6649808972, 43.0036081501 ], [ -83.6640048915, 43.003628198 ], [ -83.6638800323, 43.0036231867 ], [ -83.6637452346, 43.0036243783 ], [ -83.6627254197, 43.0036179417 ], [ -83.6617234157, 43.0036342319 ], [ -83.6604463277, 43.0036579264 ], [ -83.6594826615, 43.0036704838 ], [ -83.6583230545, 43.0036764244 ], [ -83.657154451, 43.0036977833 ], [ -83.6549953404, 43.0037261128 ], [ -83.6540134997, 43.0037515688 ], [ -83.6528349833, 43.0037670151 ], [ -83.6511457578, 43.0037959992 ], [ -83.6501150357, 43.0038024148 ], [ -83.6491599697, 43.0038352405 ], [ -83.6480578577, 43.0038721037 ], [ -83.6473577621, 43.0038716031 ], [ -83.6461118647, 43.0038816812 ], [ -83.6456553743, 43.0038783462 ], [ -83.644694878, 43.0039021768 ], [ -83.644096346, 43.0039088865 ], [ -83.6430924683, 43.003923271 ], [ -83.6425923228, 43.0039389253 ], [ -83.6403485436, 43.0039986759 ], [ -83.6393303407, 43.0040278679 ], [ -83.6388721688, 43.0040412368 ], [ -83.6369599183, 43.0041037226 ], [ -83.6344898694, 43.0041690411 ] ] } },
{ "type": "Feature", "properties": { "PR": "1498006", "Aadt": 5976, "AadtCommercial": 168, "FacilityType": 2, "Year": "2024", "LocationId": "25-5593" }, "geometry": { "type": "LineString", "coordinates": [ [ -83.7332872609, 43.0069050022 ], [ -83.732257854, 43.0069018952 ], [ -83.7312916345, 43.0068875721 ], [ -83.7304063917, 43.0068812026 ], [ -83.7293288091, 43.0068919802 ], [ -83.7283445392, 43.006909512 ], [ -83.7273804459, 43.0069133784 ], [ -83.7262488399, 43.0069017706 ], [ -83.7261198701, 43.0069003034 ], [ -83.7254380744, 43.0069073116 ], [ -83.7243005425, 43.0069023755 ], [ -83.7233203979, 43.0069024277 ], [ -83.721485271, 43.0068931566 ], [ -83.7213368648, 43.0068998474 ], [ -83.7193125177, 43.0068567401 ], [ -83.7182876933, 43.0068562045 ], [ -83.7175027155, 43.0068683566 ], [ -83.7170498563, 43.0068672326 ], [ -83.7161000109, 43.0068547588 ], [ -83.7147014536, 43.0068495148 ], [ -83.7138362026, 43.0068536996 ], [ -83.7126019601, 43.006865773 ], [ -83.7108212014, 43.0068729487 ] ] } },
{ "type": "Feature", "properties": { "PR": "1496604", "Aadt": 2831, "AadtCommercial": null, "FacilityType": 4, "Year": "2024", "LocationId": "25-0597" }, "geometry": { "type": "LineString", "coordinates": [ [ -83.7674045425, 43.1776093787 ], [ -83.7676374479, 43.178024442 ], [ -83.7676697335, 43.1780851354 ], [ -83.7677036528, 43.1781497333 ], [ -83.7677399946, 43.1782240917 ], [ -83.7679517963, 43.1786808401 ], [ -83.7680247219, 43.1788495796 ], [ -83.7680921577, 43.1790082009 ], [ -83.7681468732, 43.1791408327 ], [ -83.7681914274, 43.1792575355 ], [ -83.7682302825, 43.1793698357 ], [ -83.768264494, 43.1794756104 ], [ -83.7683020838, 43.1795957501 ], [ -83.7683368504, 43.1797129752 ], [ -83.7683608218, 43.1798049631 ], [ -83.7683935263, 43.1799424836 ], [ -83.7684198418, 43.1800681218 ], [ -83.7684459425, 43.180221758 ], [ -83.7684702189, 43.1803807205 ], [ -83.7684881866, 43.1805285965 ], [ -83.7686554574, 43.182471837 ] ] } },
{ "type": "Feature", "properties": { "PR": "1496005", "Aadt": 8422, "AadtCommercial": null, "FacilityType": 4, "Year": "2024", "LocationId": "25-0380" }, "geometry": { "type": "LineString", "coordinates": [ [ -83.7493533772, 43.0027227771 ], [ -83.7492761731, 43.0030270641 ], [ -83.7492286659, 43.0031520352 ], [ -83.7491407107, 43.0033076811 ], [ -83.7490250525, 43.0034391659 ], [ -83.7488524438, 43.003564271 ], [ -83.7486594706, 43.0036601138 ], [ -83.7484319423, 43.0037237895 ], [ -83.7482664873, 43.0037519755 ], [ -83.7480485243, 43.0037502591 ], [ -83.7477799898, 43.0037116426 ], [ -83.7475455095, 43.0036484096 ], [ -83.7473344511, 43.0035368982 ], [ -83.7471598884, 43.0034070429 ], [ -83.747053142, 43.0032864371 ], [ -83.7469857291, 43.0031692477 ], [ -83.7469467027, 43.0030605227 ], [ -83.746933158, 43.0029417724 ], [ -83.7469376882, 43.0021856826 ] ] } },
{ "type": "Feature", "properties": { "PR": "1499502", "Aadt": 3808, "AadtCommercial": 107, "FacilityType": 2, "Year": "2024", "LocationId": "25-6806" }, "geometry": { "type": "LineString", "coordinates": [ [ -83.7062256214, 43.0671717977 ], [ -83.7062201843, 43.0678919411 ], [ -83.7062067943, 43.0687080724 ], [ -83.7062257228, 43.069421539 ], [ -83.7062434072, 43.0701692532 ], [ -83.7062485457, 43.0708746042 ], [ -83.706274118, 43.0715872619 ], [ -83.7062734201, 43.0723411203 ], [ -83.7062688939, 43.0730484218 ], [ -83.7062735197, 43.0737674024 ], [ -83.7063037396, 43.0756031564 ] ] } },
{ "type": "Feature", "properties": { "PR": "1501604", "Aadt": 613, "AadtCommercial": 19, "FacilityType": 2, "Year": "2024", "LocationId": "25-5442" }, "geometry": { "type": "LineString", "coordinates": [ [ -83.5017104274, 42.9184770937 ], [ -83.5029797253, 42.9184473232 ], [ -83.5050701449, 42.9183972526 ], [ -83.5064974895, 42.9184083754 ], [ -83.5079791028, 42.9183924627 ] ] } },
{ "type": "Feature", "properties": { "PR": "1503101", "Aadt": 4455, "AadtCommercial": 123, "FacilityType": 2, "Year": "2024", "LocationId": "25-5289" }, "geometry": { "type": "LineString", "coordinates": [ [ -83.7305213799, 42.9146630269 ], [ -83.7306972111, 42.9194336051 ], [ -83.7307453876, 42.9207405757 ], [ -83.7307838506, 42.9220263801 ], [ -83.7310203843, 42.9283231545 ], [ -83.7310614405, 42.9290675519 ], [ -83.731301592, 42.9343851906 ], [ -83.7313932648, 42.9361921677 ], [ -83.7314365698, 42.937187358 ], [ -83.7315688687, 42.9397984521 ], [ -83.7315944143, 42.9402271194 ], [ -83.7317363001, 42.9438822965 ] ] } },
{ "type": "Feature", "properties": { "PR": "0756506", "Aadt": 887, "AadtCommercial": 26, "FacilityType": 2, "Year": "2024", "LocationId": "44-5053" }, "geometry": { "type": "LineString", "coordinates": [ [ -83.4092576832, 43.0055587868 ], [ -83.4094128719, 43.0090131901 ], [ -83.409591251, 43.0128319177 ], [ -83.4096623244, 43.0143469193 ], [ -83.4097523343, 43.016460071 ], [ -83.4098639483, 43.0195795828 ], [ -83.4098902415, 43.0200865478 ], [ -83.4099525827, 43.0212068093 ], [ -83.409959541, 43.0217995255 ], [ -83.410034559, 43.0237005392 ], [ -83.410127822, 43.0255745632 ], [ -83.4101733617, 43.0258058453 ] ] } },
{ "type": "Feature", "properties": { "PR": "0472006", "Aadt": 523, "AadtCommercial": 18, "FacilityType": 2, "Year": "2024", "LocationId": "73-5242" }, "geometry": { "type": "LineString", "coordinates": [ [ -83.9035458799, 43.2206096234 ], [ -83.9035891469, 43.2256612299 ], [ -83.9035912339, 43.2271921097 ], [ -83.9036454794, 43.2277454777 ], [ -83.9036890356, 43.2281528654 ], [ -83.9037978756, 43.2289349137 ], [ -83.9039758542, 43.2300095367 ], [ -83.9039764017, 43.2301187169 ], [ -83.9039714484, 43.2301993156 ], [ -83.9039520689, 43.2302590786 ], [ -83.9039203178, 43.2303012099 ], [ -83.9038803007, 43.2303321121 ], [ -83.9037949846, 43.2303836271 ], [ -83.903680925, 43.23046607 ], [ -83.9036469013, 43.2305113224 ], [ -83.9036279605, 43.2305584366 ], [ -83.9036080878, 43.2306324307 ], [ -83.9036055694, 43.2307051635 ], [ -83.9036345122, 43.2313201506 ], [ -83.903645098, 43.2316459282 ], [ -83.9036674098, 43.233333425 ], [ -83.9036799523, 43.2352584112 ], [ -83.9036831943, 43.2360320001 ], [ -83.9036964387, 43.2368831299 ], [ -83.903710801, 43.2385679455 ], [ -83.9037453531, 43.2407190135 ], [ -83.9037571053, 43.241719802 ], [ -83.9037498909, 43.2421523771 ], [ -83.9037800707, 43.2433862607 ], [ -83.9037937171, 43.2438303042 ], [ -83.9037985025, 43.2455914235 ], [ -83.9038336696, 43.2462876881 ], [ -83.9038731049, 43.2491134898 ], [ -83.9038798362, 43.2503062813 ] ] } },
{ "type": "Feature", "properties": { "PR": "1495407", "Aadt": 2928, "AadtCommercial": null, "FacilityType": 4, "Year": "2024", "LocationId": "25-4491" }, "geometry": { "type": "LineString", "coordinates": [ [ -83.6543239659, 43.0125130595 ], [ -83.6545716409, 43.0124833284 ], [ -83.6548696581, 43.012459578 ], [ -83.655709182, 43.0124427696 ], [ -83.6559082427, 43.0124169669 ], [ -83.6562895582, 43.0123479134 ], [ -83.6573699622, 43.0121266039 ], [ -83.6584325211, 43.0118717549 ] ] } },
{ "type": "Feature", "properties": { "PR": "1497903", "Aadt": 7184, "AadtCommercial": null, "FacilityType": 4, "Year": "2024", "LocationId": "25-0653" }, "geometry": { "type": "LineString", "coordinates": [ [ -83.7583071905, 43.096935849 ], [ -83.759405265, 43.0974960993 ], [ -83.7598033032, 43.0976906512 ], [ -83.7606226388, 43.0982430808 ], [ -83.7611469665, 43.0987233181 ], [ -83.7614873585, 43.09902935 ], [ -83.7616943933, 43.0992707859 ], [ -83.7618541263, 43.0994937061 ], [ -83.7620368661, 43.0997434516 ], [ -83.7622293298, 43.1000549228 ], [ -83.7624820686, 43.1005214164 ], [ -83.7626529998, 43.1009291554 ], [ -83.7629367347, 43.1020203846 ], [ -83.7630704305, 43.1023597496 ] ] } },
{ "type": "Feature", "properties": { "PR": "1509706", "Aadt": 1195, "AadtCommercial": 34, "FacilityType": 2, "Year": "2024", "LocationId": "25-5106" }, "geometry": { "type": "LineString", "coordinates": [ [ -83.8950937303, 42.8118380815 ], [ -83.8953061851, 42.8166804982 ], [ -83.895302355, 42.8167917218 ], [ -83.8953246635, 42.8178038346 ], [ -83.8953650081, 42.8182072215 ], [ -83.8953918897, 42.8190758072 ], [ -83.895409474, 42.8196362986 ], [ -83.8954561803, 42.8203419883 ], [ -83.8954593151, 42.8206110252 ], [ -83.8956623338, 42.8250993447 ], [ -83.8961639456, 42.8365163912 ], [ -83.8963085641, 42.8396613309 ], [ -83.8965800054, 42.8469979113 ], [ -83.8966532657, 42.8492910441 ], [ -83.896818312, 42.8542453366 ], [ -83.8971376046, 42.8617346998 ], [ -83.8972992835, 42.8655723885 ], [ -83.8974491213, 42.8692876911 ] ] } },
{ "type": "Feature", "properties": { "PR": "1494503", "Aadt": 6515, "AadtCommercial": 171, "FacilityType": 2, "Year": "2024", "LocationId": "25-0077" }, "geometry": { "type": "LineString", "coordinates": [ [ -83.6599905891, 43.1788683326 ], [ -83.6592450813, 43.1788970891 ], [ -83.658543077, 43.1789124928 ], [ -83.6535549176, 43.1789919256 ], [ -83.6519855758, 43.1790047967 ], [ -83.6517368219, 43.1790138357 ], [ -83.6477208382, 43.179059955 ], [ -83.6459499518, 43.179090525 ], [ -83.6401573289, 43.1791900863 ], [ -83.6350520444, 43.1792574432 ], [ -83.6300307953, 43.1793427277 ], [ -83.6266883692, 43.1794489501 ], [ -83.6224510542, 43.1796019563 ], [ -83.620266255, 43.1796671417 ], [ -83.6147233003, 43.1797482406 ], [ -83.6113187205, 43.1797776588 ], [ -83.6103541322, 43.1797876609 ], [ -83.6085191129, 43.1798101555 ], [ -83.6013592931, 43.1798758886 ], [ -83.6003314137, 43.1798906949 ], [ -83.5919079575, 43.1799599518 ], [ -83.5884804408, 43.1800045047 ], [ -83.5855773227, 43.1800130422 ], [ -83.5804075969, 43.180064403 ], [ -83.5770237773, 43.180085751 ], [ -83.5704505962, 43.1800882725 ], [ -83.5622144651, 43.1800958295 ], [ -83.5595881408, 43.1800945627 ] ] } },
{ "type": "Feature", "properties": { "PR": "1497907", "Aadt": 4026, "AadtCommercial": null, "FacilityType": 4, "Year": "2024", "LocationId": "25-0591" }, "geometry": { "type": "LineString", "coordinates": [ [ -83.7257484261, 42.9125516564 ], [ -83.7256278331, 42.9130701117 ], [ -83.7255572036, 42.9132754668 ], [ -83.7254467448, 42.9135355719 ], [ -83.7251311373, 42.9143014633 ], [ -83.7250534588, 42.9145749868 ], [ -83.7250417274, 42.9147396813 ] ] } },
{ "type": "Feature", "properties": { "PR": "1494704", "Aadt": 3348, "AadtCommercial": null, "FacilityType": 4, "Year": "2024", "LocationId": "25-4496" }, "geometry": { "type": "LineString", "coordinates": [ [ -83.7651529088, 42.9728680405 ], [ -83.7644984858, 42.972774938 ], [ -83.7642788461, 42.972709416 ], [ -83.76410859, 42.9725850933 ], [ -83.7639813747, 42.9724186558 ], [ -83.7639322827, 42.9722355493 ], [ -83.7639372721, 42.9721123145 ], [ -83.7639964764, 42.9720068721 ], [ -83.7640683068, 42.9719081182 ], [ -83.7642307352, 42.9717906656 ], [ -83.764410166, 42.9717168054 ], [ -83.7647328616, 42.971625287 ], [ -83.7650551405, 42.9715451436 ], [ -83.7652633835, 42.9715310457 ], [ -83.7654768222, 42.9715443708 ], [ -83.7656849945, 42.9716167855 ], [ -83.7658064202, 42.971687485 ], [ -83.7659022257, 42.9717804463 ], [ -83.7659628693, 42.9719023089 ], [ -83.7659915306, 42.9720508604 ], [ -83.7659678562, 42.9721892708 ], [ -83.7658977934, 42.9723244885 ], [ -83.7657877877, 42.9725226761 ] ] } },
{ "type": "Feature", "properties": { "PR": "1497409", "Aadt": 7783, "AadtCommercial": 218, "FacilityType": 2, "Year": "2024", "LocationId": "25-7130" }, "geometry": { "type": "LineString", "coordinates": [ [ -83.4982696183, 43.0352078663 ], [ -83.4947450193, 43.0352347309 ], [ -83.4925540049, 43.035246462 ], [ -83.4909019171, 43.0352552798 ], [ -83.488388426, 43.0352686496 ], [ -83.4879833569, 43.0352701344 ], [ -83.478601129, 43.0353117298 ], [ -83.4686704177, 43.0354726667 ] ] } },
{ "type": "Feature", "properties": { "PR": "0756502", "Aadt": 31674, "AadtCommercial": 5766, "FacilityType": 2, "Year": "2024", "LocationId": "25-0411" }, "geometry": { "type": "LineString", "coordinates": [ [ -83.4582469254, 43.0158238452 ], [ -83.4563418495, 43.0157548547 ], [ -83.4551228717, 43.0157106944 ], [ -83.4542887908, 43.0156945467 ], [ -83.4526805786, 43.0156393083 ], [ -83.4484595155, 43.0154772427 ], [ -83.4479941349, 43.0154595892 ], [ -83.4466942821, 43.0154129807 ], [ -83.4453233365, 43.0153767686 ], [ -83.4438215612, 43.015320537 ], [ -83.442065954, 43.0152585577 ], [ -83.43959557, 43.0151698031 ] ] } },
{ "type": "Feature", "properties": { "PR": "4410182", "Aadt": 4643, "AadtCommercial": 131, "FacilityType": 2, "Year": "2024", "LocationId": "63-5375" }, "geometry": { "type": "LineString", "coordinates": [ [ -83.4565525792, 42.8576403494 ], [ -83.4563565774, 42.8577034896 ], [ -83.4561049142, 42.8577514078 ], [ -83.4558860184, 42.8577617939 ], [ -83.4555943691, 42.857770544 ], [ -83.4533902442, 42.8579888435 ], [ -83.4528267728, 42.8580297379 ], [ -83.4523829928, 42.8580553326 ], [ -83.4515964433, 42.8580847058 ], [ -83.4490979809, 42.8581370945 ], [ -83.4474902031, 42.8581684697 ], [ -83.4444103405, 42.8582454121 ], [ -83.4431821575, 42.85828773 ], [ -83.4412282928, 42.8583249123 ], [ -83.4389902177, 42.8583703324 ], [ -83.4382084367, 42.8583585864 ], [ -83.4363466643, 42.8584000287 ], [ -83.4352078212, 42.858430727 ], [ -83.4334768576, 42.8584773643 ], [ -83.4330929858, 42.8584657569 ], [ -83.4311338553, 42.8585173535 ], [ -83.4304208828, 42.8585378927 ], [ -83.4270258176, 42.8586049271 ], [ -83.4268507527, 42.8586137571 ], [ -83.425808306, 42.8586356622 ], [ -83.4195201745, 42.8587591239 ], [ -83.4173630304, 42.8588007237 ], [ -83.4156215694, 42.8588342779 ], [ -83.4153840974, 42.8588637643 ], [ -83.4151534568, 42.8589248315 ], [ -83.4150071027, 42.858999528 ], [ -83.4149079428, 42.8590870081 ], [ -83.41482435, 42.8591826479 ], [ -83.414756486, 42.8593202323 ], [ -83.415001659, 42.8653193275 ], [ -83.4149988132, 42.8654623143 ], [ -83.4149827117, 42.8655416795 ], [ -83.4149598468, 42.8656142419 ], [ -83.4149089983, 42.8657242353 ], [ -83.4148303664, 42.8658277917 ], [ -83.4147088465, 42.8659420756 ], [ -83.414561488, 42.8660401606 ], [ -83.4143670927, 42.8661215636 ], [ -83.4141818934, 42.8661677935 ], [ -83.4139398556, 42.8661898435 ], [ -83.4136371351, 42.8661985358 ], [ -83.4100374391, 42.8662762223 ], [ -83.4052359941, 42.8663725251 ], [ -83.404887872, 42.8663795061 ], [ -83.3953196293, 42.8666019163 ], [ -83.3947295104, 42.866613591 ], [ -83.3922191941, 42.8666632166 ], [ -83.3920595515, 42.8666751474 ], [ -83.3917919306, 42.8667314148 ], [ -83.3915017856, 42.8668183782 ], [ -83.3885960628, 42.8676178378 ], [ -83.3882312214, 42.8676960831 ], [ -83.387962697, 42.8677122813 ], [ -83.3877419379, 42.8677045202 ], [ -83.3875188786, 42.8676708268 ], [ -83.387245971, 42.867602099 ], [ -83.3869846597, 42.8675102251 ], [ -83.3864984916, 42.8672180644 ], [ -83.3862385133, 42.8670950049 ], [ -83.38598847, 42.8669877819 ], [ -83.3856738382, 42.8669024784 ], [ -83.3853893389, 42.8668568896 ], [ -83.3849872572, 42.8668319967 ], [ -83.3837916709, 42.8668392983 ], [ -83.3831149365, 42.8668649659 ], [ -83.3805083679, 42.866900776 ], [ -83.375549921, 42.8670676492 ], [ -83.3706698134, 42.8671918272 ], [ -83.3702934918, 42.8672013939 ], [ -83.368116742, 42.8672447303 ], [ -83.3655886673, 42.8673148165 ], [ -83.3632212786, 42.8673588046 ], [ -83.3606542899, 42.8674229649 ], [ -83.3557979735, 42.8675126474 ], [ -83.350794651, 42.8676532308 ], [ -83.3492405569, 42.8676925802 ], [ -83.346829469, 42.8677402843 ], [ -83.3461539986, 42.8677532386 ], [ -83.3459615047, 42.867748728 ], [ -83.3455677177, 42.8677394995 ], [ -83.3422594246, 42.8676518072 ], [ -83.3408585518, 42.8676146463 ], [ -83.3360435707, 42.8674070349 ], [ -83.3353390196, 42.8674561476 ], [ -83.3308040765, 42.8677560736 ], [ -83.3304913452, 42.86777287 ], [ -83.3287568319, 42.8678910944 ], [ -83.3272418002, 42.867992592 ], [ -83.3238321934, 42.8682209391 ], [ -83.3190572505, 42.8685569554 ], [ -83.3184365938, 42.8685825958 ], [ -83.3177021704, 42.8686011832 ], [ -83.314334531, 42.8686652918 ], [ -83.3097115958, 42.8687449263 ], [ -83.3079440108, 42.8687837738 ], [ -83.300498186, 42.8689471183 ], [ -83.2963723642, 42.8690193457 ], [ -83.2957371062, 42.8690405182 ], [ -83.2954151917, 42.869010296 ] ] } },
{ "type": "Feature", "properties": { "PR": "0474004", "Aadt": 684, "AadtCommercial": 20, "FacilityType": 2, "Year": "2024", "LocationId": "73-5232" }, "geometry": { "type": "LineString", "coordinates": [ [ -83.9850227285, 43.2492491214 ], [ -83.9822124156, 43.2492591126 ], [ -83.9791865728, 43.249232485 ], [ -83.9767269043, 43.2492123363 ], [ -83.9739959552, 43.2491845545 ] ] } },
{ "type": "Feature", "properties": { "PR": "0651802", "Aadt": 8617, "AadtCommercial": 242, "FacilityType": 2, "Year": "2024", "LocationId": "63-5162" }, "geometry": { "type": "LineString", "coordinates": [ [ -83.5293250137, 42.8008141534 ], [ -83.5301070279, 42.8010744438 ], [ -83.5309521763, 42.8013586693 ], [ -83.5314789341, 42.8015590883 ], [ -83.5320211387, 42.80180787 ], [ -83.5324566541, 42.8020607241 ], [ -83.5332525827, 42.802618741 ], [ -83.5336019316, 42.8029374308 ], [ -83.5339817118, 42.803333149 ], [ -83.5342542976, 42.8036913061 ], [ -83.5345687597, 42.8041976639 ], [ -83.5347207303, 42.8045275734 ], [ -83.534953056, 42.8051801309 ], [ -83.5354978468, 42.8066673842 ], [ -83.5357606786, 42.8072686697 ], [ -83.5360452671, 42.8077615637 ], [ -83.536341895, 42.8081714695 ], [ -83.536689894, 42.8086017059 ], [ -83.5370312654, 42.8089805663 ], [ -83.5374026806, 42.8093152532 ], [ -83.5376752071, 42.8095677365 ], [ -83.5381009439, 42.8099036052 ], [ -83.5385153202, 42.8101975996 ], [ -83.5400682846, 42.8112154279 ], [ -83.5420247387, 42.8124768788 ], [ -83.5446096655, 42.8141724332 ], [ -83.5468178668, 42.815613205 ], [ -83.5474042269, 42.8160240591 ], [ -83.5481958096, 42.8165250051 ], [ -83.5496644968, 42.8174981985 ], [ -83.551573033, 42.8187675735 ], [ -83.5546409088, 42.8207410555 ], [ -83.5554019904, 42.8212253184 ], [ -83.5559327624, 42.8216143203 ], [ -83.5564828756, 42.822077599 ], [ -83.5569347044, 42.8224895097 ], [ -83.5572122329, 42.8227991673 ], [ -83.5574175822, 42.8230697121 ], [ -83.5579432636, 42.8237587695 ], [ -83.5582457222, 42.8242823453 ], [ -83.5591013788, 42.8260325033 ], [ -83.5594009178, 42.8266298744 ], [ -83.5608151272, 42.8294754 ], [ -83.5611753126, 42.830261516 ], [ -83.5614225252, 42.8310232117 ], [ -83.5615169578, 42.8314520125 ], [ -83.5615684605, 42.8318388514 ], [ -83.5616163718, 42.8323158901 ], [ -83.5616610261, 42.8335811318 ], [ -83.561701296, 42.834722286 ], [ -83.5617934375, 42.8373916194 ], [ -83.561913002, 42.840083178 ], [ -83.5619892527, 42.8405965589 ], [ -83.5620840303, 42.8410171578 ], [ -83.5621915838, 42.8413969973 ], [ -83.5623535484, 42.8418108379 ], [ -83.562578782, 42.8423163194 ], [ -83.5628734847, 42.8427959284 ], [ -83.5635583075, 42.8437654438 ], [ -83.5642651217, 42.8446006124 ], [ -83.5651087463, 42.8456839085 ], [ -83.5679318721, 42.8492547363 ], [ -83.5685936686, 42.8499808224 ], [ -83.569050119, 42.8504229673 ], [ -83.5694643245, 42.8507685328 ], [ -83.5699238114, 42.8511344455 ], [ -83.5703849479, 42.8514432545 ], [ -83.5705698547, 42.8515618584 ], [ -83.5721796532, 42.8525943914 ], [ -83.5727464852, 42.852982136 ], [ -83.5731972332, 42.8533220137 ], [ -83.5736552508, 42.8536754438 ], [ -83.5742608551, 42.854169664 ], [ -83.5746870981, 42.8545648964 ], [ -83.575863612, 42.8557964215 ], [ -83.5764610815, 42.8564336208 ], [ -83.5797610014, 42.8598099759 ], [ -83.581300773, 42.8614136828 ], [ -83.5848185128, 42.865048344 ], [ -83.5858703749, 42.8661229844 ], [ -83.5861119116, 42.8663273592 ] ] } },
{ "type": "Feature", "properties": { "PR": "1498006", "Aadt": 6713, "AadtCommercial": 188, "FacilityType": 2, "Year": "2024", "LocationId": "25-7085" }, "geometry": { "type": "LineString", "coordinates": [ [ -83.6150656984, 43.018715113 ], [ -83.6146317793, 43.0187355705 ], [ -83.6142049658, 43.0187898051 ], [ -83.613775944, 43.0189043249 ], [ -83.6126559758, 43.0192087828 ], [ -83.6117112897, 43.0194417712 ], [ -83.6103534882, 43.0196931319 ], [ -83.6096727474, 43.0197871531 ], [ -83.6085640113, 43.019878547 ], [ -83.6078336923, 43.0199510034 ], [ -83.6016801755, 43.020038579 ], [ -83.6008607352, 43.0200587627 ], [ -83.6004917652, 43.02007347 ], [ -83.6001508109, 43.0201563459 ], [ -83.5995600775, 43.0203218116 ], [ -83.5987752987, 43.0208047013 ], [ -83.5985223982, 43.0210808687 ], [ -83.5983057364, 43.0213361479 ], [ -83.5981807846, 43.0215110785 ], [ -83.5979313892, 43.021847956 ], [ -83.5976377054, 43.0221102631 ], [ -83.597239387, 43.0223313667 ], [ -83.5968399444, 43.0224311711 ], [ -83.5963691792, 43.0224606988 ], [ -83.5953870688, 43.0224529771 ] ] } },
{ "type": "Feature", "properties": { "PR": "1497208", "Aadt": 10679, "AadtCommercial": 299, "FacilityType": 2, "Year": "2024", "LocationId": "25-5290" }, "geometry": { "type": "LineString", "coordinates": [ [ -83.71321508, 42.9883207659 ], [ -83.7112922721, 42.9883176504 ], [ -83.7089037566, 42.988345276 ], [ -83.7074891178, 42.9883458998 ], [ -83.7073255806, 42.9883461354 ], [ -83.7051935975, 42.9883343183 ], [ -83.7038873228, 42.9883374149 ], [ -83.7031826541, 42.9883308789 ], [ -83.6986547275, 42.9883585164 ], [ -83.6980661692, 42.9883726953 ], [ -83.6961964447, 42.9883755265 ], [ -83.6958572949, 42.9883811124 ], [ -83.6939018162, 42.988384418 ], [ -83.6930066987, 42.9886941386 ], [ -83.6905607467, 42.9887299272 ], [ -83.688169123, 42.988755578 ], [ -83.6857157961, 42.9888106394 ], [ -83.6831925603, 42.9888482963 ], [ -83.6826443587, 42.9888682086 ], [ -83.6824399645, 42.9888658713 ], [ -83.6819268957, 42.9888838002 ], [ -83.680515632, 42.9888882365 ], [ -83.6797136867, 42.9888996807 ], [ -83.6795995084, 42.9888986345 ], [ -83.6767577698, 42.988962911 ], [ -83.6760749271, 42.9889555103 ], [ -83.6753905828, 42.9889643602 ], [ -83.6745147096, 42.9889883342 ], [ -83.6741653212, 42.9889930395 ], [ -83.6738094661, 42.9889945292 ], [ -83.6732065803, 42.9889911991 ], [ -83.6683773195, 42.9890126484 ], [ -83.6654932759, 42.9890549449 ], [ -83.6610817062, 42.9890878755 ], [ -83.6599714132, 42.9890987741 ], [ -83.6589197532, 42.9891124189 ], [ -83.6579380788, 42.9891176904 ], [ -83.6569104571, 42.989131201 ], [ -83.6559257462, 42.9891432366 ], [ -83.6552020902, 42.9891548408 ], [ -83.6534065671, 42.9891629558 ] ] } },
{ "type": "Feature", "properties": { "PR": "0756506", "Aadt": 1518, "AadtCommercial": 47, "FacilityType": 2, "Year": "2024", "LocationId": "44-5002" }, "geometry": { "type": "LineString", "coordinates": [ [ -83.4078295892, 42.9693042745 ], [ -83.4079735209, 42.9730116126 ], [ -83.4080296936, 42.9743247254 ], [ -83.4081279017, 42.9766203958 ], [ -83.4082342959, 42.9802280777 ], [ -83.4083485639, 42.9839064815 ], [ -83.4084796505, 42.9874688791 ], [ -83.4085664801, 42.9911067837 ], [ -83.4087177156, 42.9947694584 ], [ -83.4089573775, 42.998392871 ], [ -83.4090412569, 42.9999886258 ], [ -83.4092576832, 43.0055587868 ] ] } },
{ "type": "Feature", "properties": { "PR": "3251555", "Aadt": 18141, "AadtCommercial": 507, "FacilityType": 2, "Year": "2024", "LocationId": "25-5254" }, "geometry": { "type": "LineString", "coordinates": [ [ -83.7338318295, 42.8044178111 ], [ -83.7312711039, 42.8044516402 ] ] } },
{ "type": "Feature", "properties": { "PR": "1503101", "Aadt": 6402, "AadtCommercial": 185, "FacilityType": 2, "Year": "2024", "LocationId": "25-5302" }, "geometry": { "type": "LineString", "coordinates": [ [ -83.7299767915, 42.9000202455 ], [ -83.7300807261, 42.9027230785 ], [ -83.7300944046, 42.9030048601 ], [ -83.7301472978, 42.9040409044 ] ] } },
{ "type": "Feature", "properties": { "PR": "1495208", "Aadt": 1762, "AadtCommercial": null, "FacilityType": 4, "Year": "2024", "LocationId": "25-0451" }, "geometry": { "type": "LineString", "coordinates": [ [ -83.5174261717, 43.0104824525 ], [ -83.5177049462, 43.0101363274 ], [ -83.517829407, 43.0100171388 ], [ -83.5179794327, 43.0099228937 ], [ -83.5181618614, 43.009848864 ], [ -83.5183427042, 43.009813813 ], [ -83.5185694268, 43.0097943971 ], [ -83.5187520577, 43.0098057034 ], [ -83.5189720367, 43.0098617353 ], [ -83.5191198428, 43.0099096813 ], [ -83.5192586128, 43.0100045569 ], [ -83.5193866414, 43.0101243994 ], [ -83.519474439, 43.0102531149 ], [ -83.519534888, 43.010400737 ], [ -83.5195480708, 43.0105668315 ], [ -83.5195149767, 43.0107270356 ], [ -83.5194361994, 43.0108667328 ], [ -83.5193162716, 43.0110134038 ], [ -83.5191513439, 43.0111130931 ], [ -83.5189040701, 43.0112061962 ], [ -83.5186321009, 43.0113038384 ] ] } },
{ "type": "Feature", "properties": { "PR": "3780745", "Aadt": 7792, "AadtCommercial": 219, "FacilityType": 2, "Year": "2024", "LocationId": "76-5172" }, "geometry": { "type": "LineString", "coordinates": [ [ -83.9988708577, 42.9254471708 ], [ -83.9984501939, 42.9253150571 ], [ -83.9980325917, 42.9252500686 ], [ -83.9978330826, 42.9252226581 ], [ -83.9963187089, 42.925244375 ], [ -83.9952573834, 42.9252595829 ], [ -83.9952277098, 42.9252589962 ], [ -83.9947006506, 42.9252485875 ], [ -83.9946143496, 42.9252388279 ], [ -83.9931476087, 42.9252377569 ], [ -83.9929785008, 42.9252425954 ], [ -83.9925705539, 42.9252429466 ], [ -83.9922486139, 42.9252432235 ], [ -83.990536871, 42.9252739913 ], [ -83.990388384, 42.925277943 ], [ -83.9887167565, 42.9252903624 ], [ -83.9882507933, 42.9253051545 ] ] } },
{ "type": "Feature", "properties": { "PR": "0646204", "Aadt": 593, "AadtCommercial": 18, "FacilityType": 2, "Year": "2024", "LocationId": "63-5090" }, "geometry": { "type": "LineString", "coordinates": [ [ -83.5152899759, 42.8311135354 ], [ -83.5154573931, 42.8349957709 ], [ -83.515599783, 42.8382982293 ], [ -83.5157539817, 42.8419209274 ], [ -83.5159221969, 42.8456079646 ], [ -83.5160476208, 42.8489495448 ], [ -83.5161622193, 42.8527549717 ], [ -83.5163171319, 42.8563612552 ], [ -83.5164579889, 42.8599996834 ] ] } },
{ "type": "Feature", "properties": { "PR": "1522902", "Aadt": 1680, "AadtCommercial": 49, "FacilityType": 2, "Year": "2024", "LocationId": "25-7124" }, "geometry": { "type": "LineString", "coordinates": [ [ -83.5585379216, 43.1508611925 ], [ -83.5587599372, 43.1570295753 ], [ -83.5590216229, 43.1654845206 ], [ -83.5591311299, 43.168657897 ], [ -83.5591549437, 43.1694611805 ], [ -83.5592388969, 43.1712653601 ], [ -83.5592893957, 43.1727846198 ], [ -83.5595047871, 43.1779873272 ], [ -83.5595881408, 43.1800945627 ], [ -83.5597020279, 43.183702869 ], [ -83.5598045854, 43.1876583899 ], [ -83.559857603, 43.1888839347 ], [ -83.5600409449, 43.1947170768 ], [ -83.5600197699, 43.2012912263 ], [ -83.5600409283, 43.2042676184 ], [ -83.5601004996, 43.2093287894 ], [ -83.5600737898, 43.2217515338 ], [ -83.5600734666, 43.222796724 ] ] } },
{ "type": "Feature", "properties": { "PR": "1498309", "Aadt": 18774, "AadtCommercial": 526, "FacilityType": 2, "Year": "2024", "LocationId": "25-5144" }, "geometry": { "type": "LineString", "coordinates": [ [ -83.6259582503, 42.9241062216 ], [ -83.6247455482, 42.9243550464 ], [ -83.6246184498, 42.9243822781 ], [ -83.6236568149, 42.924573795 ], [ -83.6231164836, 42.924689566 ], [ -83.6225552897, 42.924804804 ], [ -83.6220119901, 42.9249074148 ], [ -83.6216641626, 42.9249636029 ], [ -83.6211839469, 42.9250170066 ], [ -83.620687121, 42.9250531243 ], [ -83.6192166887, 42.9250578606 ], [ -83.6191901562, 42.9250585236 ], [ -83.6179542614, 42.9250894352 ], [ -83.6171097907, 42.9251240412 ], [ -83.6164227228, 42.9252002062 ] ] } },
{ "type": "Feature", "properties": { "PR": "1522902", "Aadt": 22648, "AadtCommercial": 635, "FacilityType": 2, "Year": "2024", "LocationId": "25-7110" }, "geometry": { "type": "LineString", "coordinates": [ [ -83.5556657789, 43.0175740576 ], [ -83.5557288128, 43.0184375428 ], [ -83.5557578936, 43.0186943086 ], [ -83.555801328, 43.0195204389 ] ] } },
{ "type": "Feature", "properties": { "PR": "1501502", "Aadt": 13373, "AadtCommercial": 453, "FacilityType": 2, "Year": "2024", "LocationId": "25-2614" }, "geometry": { "type": "LineString", "coordinates": [ [ -83.5177179329, 43.0198913061 ], [ -83.5177092968, 43.0202863817 ], [ -83.5177705897, 43.0217848542 ], [ -83.5177727373, 43.0219516714 ], [ -83.5178007379, 43.0235646036 ], [ -83.5178114905, 43.0238950274 ], [ -83.5178330479, 43.0249184776 ], [ -83.5178321913, 43.0255623526 ], [ -83.5178916101, 43.027346025 ], [ -83.5179250082, 43.0283466942 ], [ -83.5179298893, 43.0292327594 ], [ -83.5179288526, 43.030167739 ], [ -83.5179314438, 43.0302897866 ], [ -83.5179414169, 43.0308332431 ], [ -83.5179739739, 43.0318017589 ], [ -83.5179776564, 43.0328679267 ], [ -83.5179985974, 43.0337666451 ], [ -83.5180096221, 43.0346713545 ] ] } },
{ "type": "Feature", "properties": { "PR": "1505704", "Aadt": 435, "AadtCommercial": 11, "FacilityType": 2, "Year": "2024", "LocationId": "25-5453" }, "geometry": { "type": "LineString", "coordinates": [ [ -83.6364273765, 43.076395171 ], [ -83.6364733562, 43.0783670325 ], [ -83.6364905643, 43.0790345683 ], [ -83.6364949317, 43.0794460786 ], [ -83.6365001396, 43.0798689203 ], [ -83.6365598944, 43.0815973969 ], [ -83.6366050211, 43.0836977777 ], [ -83.6366268374, 43.0840504959 ], [ -83.6366609282, 43.0853067486 ], [ -83.6368527643, 43.0909998103 ] ] } },
{ "type": "Feature", "properties": { "PR": "1519309", "Aadt": 6392, "AadtCommercial": 185, "FacilityType": 2, "Year": "2024", "LocationId": "25-5293" }, "geometry": { "type": "LineString", "coordinates": [ [ -83.729465432, 42.8853454728 ], [ -83.7206725236, 42.8854552607 ], [ -83.7192050792, 42.8854651749 ], [ -83.7162733139, 42.8854896926 ], [ -83.7103840085, 42.8855864631 ], [ -83.697135851, 42.8858036773 ] ] } },
{ "type": "Feature", "properties": { "PR": "3251574", "Aadt": 5457, "AadtCommercial": 151, "FacilityType": 2, "Year": "2024", "LocationId": "25-5139" }, "geometry": { "type": "LineString", "coordinates": [ [ -83.6332260589, 42.975029244 ], [ -83.6319088389, 42.9750622229 ], [ -83.6262500107, 42.9751284081 ], [ -83.6234270461, 42.9751613205 ], [ -83.622207803, 42.9751743932 ], [ -83.6136668683, 42.9752762434 ], [ -83.6105563068, 42.9753019115 ], [ -83.6077946436, 42.9753502846 ], [ -83.6069790214, 42.975364746 ], [ -83.605409356, 42.9753919088 ], [ -83.6033084246, 42.9754267455 ], [ -83.6013560203, 42.9754708605 ], [ -83.5983451799, 42.9755420509 ], [ -83.5958978001, 42.9755901372 ], [ -83.5937657934, 42.9756354404 ] ] } },
{ "type": "Feature", "properties": { "PR": "1494203", "Aadt": 7283, "AadtCommercial": 204, "FacilityType": 2, "Year": "2024", "LocationId": "25-5592" }, "geometry": { "type": "LineString", "coordinates": [ [ -83.7337882312, 43.0127855501 ], [ -83.732842446, 43.0120393852 ], [ -83.7307650504, 43.0103961779 ], [ -83.7292344435, 43.009214377 ], [ -83.7290857385, 43.0090964469 ], [ -83.7263487537, 43.0070176079 ], [ -83.7262478018, 43.0069737634 ], [ -83.7262488399, 43.0069017706 ] ] } },
{ "type": "Feature", "properties": { "PR": "1494004", "Aadt": 1316, "AadtCommercial": null, "FacilityType": 4, "Year": "2024", "LocationId": "25-0412" }, "geometry": { "type": "LineString", "coordinates": [ [ -83.9278929815, 42.9641356663 ], [ -83.9274154915, 42.9641009592 ], [ -83.927124183, 42.9640559402 ], [ -83.9269207428, 42.9640187965 ], [ -83.9267052986, 42.9639167033 ], [ -83.9265500194, 42.9638010986 ], [ -83.9264763585, 42.9637099609 ], [ -83.9264167619, 42.9636232565 ], [ -83.9263832349, 42.9635224158 ], [ -83.926373119, 42.9633108348 ], [ -83.9264723215, 42.9631302404 ], [ -83.9265697722, 42.9630064888 ], [ -83.926778875, 42.9628743255 ], [ -83.9269965849, 42.9627936776 ], [ -83.9271437572, 42.9627692572 ], [ -83.9276433566, 42.9627685526 ], [ -83.9281360781, 42.9627798861 ], [ -83.9283487163, 42.9628594268 ], [ -83.9285264229, 42.9629566632 ], [ -83.928656489, 42.9630782387 ], [ -83.9288546782, 42.9633465292 ] ] } },
{ "type": "Feature", "properties": { "PR": "1494803", "Aadt": 13820, "AadtCommercial": null, "FacilityType": 4, "Year": "2024", "LocationId": "25-0807" }, "geometry": { "type": "LineString", "coordinates": [ [ -83.7387415589, 42.9891630276 ], [ -83.7385004324, 42.9888247576 ], [ -83.7381499393, 42.9883219667 ], [ -83.7379022139, 42.9879031602 ], [ -83.7377467479, 42.9874930742 ], [ -83.7376827972, 42.9873272811 ], [ -83.7376154122, 42.9871805357 ] ] } },
{ "type": "Feature", "properties": { "PR": "3780745", "Aadt": 6103, "AadtCommercial": 171, "FacilityType": 2, "Year": "2024", "LocationId": "76-5193" }, "geometry": { "type": "LineString", "coordinates": [ [ -83.9833794, 42.925349294 ], [ -83.975774018, 42.9254703354 ], [ -83.9747057308, 42.9254704218 ], [ -83.9735168402, 42.9254914316 ], [ -83.9685550839, 42.9255526762 ] ] } },
{ "type": "Feature", "properties": { "PR": "1497903", "Aadt": 29399, "AadtCommercial": 1704, "FacilityType": 2, "Year": "2024", "LocationId": "25-4088" }, "geometry": { "type": "LineString", "coordinates": [ [ -83.6736370631, 43.0540883534 ], [ -83.6737056779, 43.0553472419 ], [ -83.6737766747, 43.0559978751 ], [ -83.6738962191, 43.0565585386 ], [ -83.6741585163, 43.0575033361 ], [ -83.6742610776, 43.0577288058 ], [ -83.6743575354, 43.0579150828 ], [ -83.6746286529, 43.0584138658 ], [ -83.674883763, 43.0588323763 ], [ -83.6752061854, 43.0592359541 ], [ -83.675597526, 43.0597572743 ], [ -83.675871494, 43.0600558505 ], [ -83.6762634597, 43.060440548 ], [ -83.6767742249, 43.0608904567 ], [ -83.6773109706, 43.061331689 ], [ -83.6775099261, 43.0615064584 ], [ -83.6776389065, 43.0616101993 ], [ -83.6790471407, 43.0626948199 ], [ -83.6792571147, 43.0628699282 ], [ -83.6802504837, 43.0637190688 ], [ -83.6805163453, 43.063901954 ], [ -83.6813144925, 43.0646021445 ], [ -83.6815796512, 43.0648876545 ] ] } },
{ "type": "Feature", "properties": { "PR": "1533806", "Aadt": 5109, "AadtCommercial": 148, "FacilityType": 2, "Year": "2024", "LocationId": "25-5322" }, "geometry": { "type": "LineString", "coordinates": [ [ -83.7129950147, 42.9810053879 ], [ -83.7073288582, 42.9810936352 ], [ -83.706875655, 42.9810988888 ], [ -83.70404352, 42.9811217246 ], [ -83.7037803434, 42.9811160563 ], [ -83.7009467279, 42.9811422701 ], [ -83.69751442, 42.9811907693 ], [ -83.6968145024, 42.9811967271 ], [ -83.6963091536, 42.9811951041 ], [ -83.6956641061, 42.981206216 ], [ -83.6931671452, 42.9812127203 ], [ -83.692891869, 42.9812138659 ] ] } },
{ "type": "Feature", "properties": { "PR": "1503101", "Aadt": 5913, "AadtCommercial": 166, "FacilityType": 2, "Year": "2024", "LocationId": "25-5311" }, "geometry": { "type": "LineString", "coordinates": [ [ -83.7319314866, 42.9478014282 ], [ -83.731933615, 42.9480366484 ], [ -83.7319944142, 42.9494428531 ], [ -83.7320535295, 42.95089874 ], [ -83.732069261, 42.9513309239 ], [ -83.7321682525, 42.9545649782 ], [ -83.7321813258, 42.9548504071 ], [ -83.7322035961, 42.9553432407 ], [ -83.7322204816, 42.9556224567 ], [ -83.7322490855, 42.9570498739 ], [ -83.7322539727, 42.9579910224 ], [ -83.7322303163, 42.9586273853 ], [ -83.7321755334, 42.9589099305 ] ] } },
{ "type": "Feature", "properties": { "PR": "1509803", "Aadt": 2989, "AadtCommercial": 87, "FacilityType": 2, "Year": "2024", "LocationId": "25-5162" }, "geometry": { "type": "LineString", "coordinates": [ [ -83.8400486642, 42.8073625849 ], [ -83.845237679, 42.8102491999 ], [ -83.8453896792, 42.8103841865 ], [ -83.8454047142, 42.8104642065 ], [ -83.8454667063, 42.8109664089 ], [ -83.8455877407, 42.8158242865 ], [ -83.8456845389, 42.8177397561 ], [ -83.8457658409, 42.8192137433 ], [ -83.8457915318, 42.8197622275 ], [ -83.8458131542, 42.8210109757 ], [ -83.8458260625, 42.8213303694 ], [ -83.8459992715, 42.8249814677 ], [ -83.8467253101, 42.8395549745 ], [ -83.8469906057, 42.8470579798 ], [ -83.8470882128, 42.8496885638 ], [ -83.8471086578, 42.8501462567 ], [ -83.8472709518, 42.8541470911 ], [ -83.8475243648, 42.8614658965 ], [ -83.847626876, 42.8619471699 ], [ -83.8485554894, 42.8632310283 ], [ -83.8485706806, 42.8632913882 ], [ -83.8486193134, 42.8635947664 ], [ -83.8486996233, 42.8649774718 ], [ -83.848712, 42.8653017401 ], [ -83.8488140687, 42.8674598406 ], [ -83.8489399009, 42.86936999 ], [ -83.8490155616, 42.8729203776 ], [ -83.849128226, 42.8750645611 ], [ -83.8493649868, 42.8838104243 ], [ -83.849500771, 42.890515935 ], [ -83.849491152, 42.8910600016 ], [ -83.8496923084, 42.8982712346 ], [ -83.8500691459, 42.9127793885 ] ] } },
{ "type": "Feature", "properties": { "PR": "1494803", "Aadt": 14083, "AadtCommercial": null, "FacilityType": 4, "Year": "2024", "LocationId": "25-0809" }, "geometry": { "type": "LineString", "coordinates": [ [ -83.7477641133, 42.995153273 ], [ -83.747584818, 42.9949426551 ], [ -83.7472406152, 42.9946251723 ], [ -83.7465987596, 42.9941737977 ], [ -83.7462667078, 42.9939269833 ], [ -83.7457384514, 42.9936134152 ], [ -83.7452230665, 42.9932954396 ], [ -83.7443632505, 42.9928256676 ], [ -83.743711723, 42.9924401511 ], [ -83.7407095993, 42.9908069617 ], [ -83.7400239517, 42.9903159267 ], [ -83.7396786177, 42.9900740498 ], [ -83.7393419527, 42.9898049495 ], [ -83.7390238561, 42.9894966389 ], [ -83.7387415589, 42.9891630276 ] ] } },
{ "type": "Feature", "properties": { "PR": "1502907", "Aadt": 53166, "AadtCommercial": 4253, "FacilityType": 2, "Year": "2024", "LocationId": "25-0094" }, "geometry": { "type": "LineString", "coordinates": [ [ -83.7396756115, 42.8630196604 ], [ -83.7395351381, 42.8650461304 ], [ -83.7393925506, 42.8664671495 ], [ -83.7391289171, 42.8705344733 ], [ -83.738848388, 42.8742170699 ], [ -83.738665991, 42.8765224778 ], [ -83.7386210608, 42.8772119154 ], [ -83.738605074, 42.8778782023 ], [ -83.7385889354, 42.8785940917 ], [ -83.7386072612, 42.8795867055 ], [ -83.7388043982, 42.8851738088 ], [ -83.7389596927, 42.8890312048 ], [ -83.7389712142, 42.8895277206 ], [ -83.7390359231, 42.8923162455 ], [ -83.7390073175, 42.8927652287 ], [ -83.7389208915, 42.8933188315 ], [ -83.7387993401, 42.8938496939 ], [ -83.7385885462, 42.8945242146 ], [ -83.7383440896, 42.8951363568 ], [ -83.7380909111, 42.8956601765 ], [ -83.7378607531, 42.8960478262 ], [ -83.7374595582, 42.8966687699 ], [ -83.7369885991, 42.8972823228 ], [ -83.7364891247, 42.8978366159 ], [ -83.7359541644, 42.8983540809 ], [ -83.7354586855, 42.8988001046 ], [ -83.7350420147, 42.8991077599 ], [ -83.7341701733, 42.899767437 ], [ -83.7338577127, 42.8999636189 ], [ -83.732913762, 42.9006593688 ], [ -83.7300807261, 42.9027230785 ], [ -83.7294424352, 42.9031889307 ], [ -83.7287616242, 42.9038016423 ], [ -83.7285355353, 42.904016502 ], [ -83.7282793559, 42.9042687298 ], [ -83.7275973704, 42.9050586803 ], [ -83.7271766451, 42.9056599651 ], [ -83.7267743589, 42.9063405288 ], [ -83.7265623069, 42.9067231158 ], [ -83.7264000629, 42.9070710391 ], [ -83.7262264108, 42.9075148178 ], [ -83.7260818198, 42.9079068839 ], [ -83.7259674178, 42.9083027416 ], [ -83.7258511181, 42.9087495259 ], [ -83.7257602039, 42.9092127471 ], [ -83.7256796614, 42.909975314 ], [ -83.7256834461, 42.9113727753 ], [ -83.7257460356, 42.912432777 ], [ -83.7257484261, 42.9125516564 ], [ -83.7258578094, 42.9147285356 ] ] } },
{ "type": "Feature", "properties": { "PR": "3251545", "Aadt": 5198, "AadtCommercial": 145, "FacilityType": 2, "Year": "2024", "LocationId": "44-5051" }, "geometry": { "type": "LineString", "coordinates": [ [ -83.4587169393, 43.0357476876 ], [ -83.4581359826, 43.0358359698 ], [ -83.4575812315, 43.0359609566 ], [ -83.4570921361, 43.036108792 ], [ -83.4567346246, 43.0362396856 ], [ -83.4563529965, 43.0363982031 ], [ -83.4559164585, 43.0366270516 ], [ -83.4554564952, 43.0369299496 ], [ -83.4550073056, 43.0372181717 ], [ -83.4544992185, 43.0375825571 ], [ -83.4525478823, 43.0389005651 ], [ -83.4515853864, 43.0395501217 ], [ -83.4509579505, 43.0399820823 ], [ -83.4506120895, 43.0402143416 ], [ -83.4503091103, 43.0404088846 ], [ -83.4500909588, 43.0405327586 ], [ -83.4497265767, 43.0407239182 ], [ -83.4493534229, 43.040894507 ], [ -83.4487441468, 43.041119443 ], [ -83.4482300271, 43.0412570248 ], [ -83.4478504506, 43.0413379722 ], [ -83.4476558967, 43.0413666508 ], [ -83.4471596765, 43.0414397945 ], [ -83.4459013731, 43.0414793762 ], [ -83.4452748792, 43.0414723487 ], [ -83.4402354531, 43.0415336597 ] ] } },
{ "type": "Feature", "properties": { "PR": "1510803", "Aadt": 10340, "AadtCommercial": 153, "FacilityType": 2, "Year": "2024", "LocationId": "25-5331" }, "geometry": { "type": "LineString", "coordinates": [ [ -83.692511471, 42.9595868959 ], [ -83.6925828865, 42.9616791995 ], [ -83.6926568065, 42.9640930444 ], [ -83.6927227933, 42.9668532413 ], [ -83.692732345, 42.9675548227 ], [ -83.6927413164, 42.9682761304 ], [ -83.6927379745, 42.9685977497 ], [ -83.6927325163, 42.9689816114 ], [ -83.6927522508, 42.9697035222 ], [ -83.6927466008, 42.970064106 ], [ -83.6927598016, 42.9704264589 ], [ -83.6927649828, 42.971120618 ], [ -83.6927530348, 42.9717888521 ], [ -83.6927614682, 42.9720739687 ], [ -83.6927657261, 42.9725285373 ], [ -83.6927525147, 42.9732463415 ], [ -83.6927480002, 42.9740606371 ] ] } },
{ "type": "Feature", "properties": { "PR": "3251558", "Aadt": 15342, "AadtCommercial": 413, "FacilityType": 2, "Year": "2024", "LocationId": "25-5225" }, "geometry": { "type": "LineString", "coordinates": [ [ -83.7718687068, 42.9730245265 ], [ -83.7718756725, 42.9741828109 ], [ -83.7718969502, 42.9742773304 ], [ -83.7719480181, 42.9758964036 ] ] } },
{ "type": "Feature", "properties": { "PR": "1500604", "Aadt": 2410, "AadtCommercial": null, "FacilityType": 4, "Year": "2024", "LocationId": "25-0493" }, "geometry": { "type": "LineString", "coordinates": [ [ -83.6997416003, 43.0993456556 ], [ -83.6985362877, 43.0991819588 ], [ -83.6982682189, 43.0991240064 ], [ -83.6980091678, 43.0990596357 ], [ -83.6978224078, 43.09901008 ], [ -83.6976424006, 43.0989539874 ], [ -83.6974937405, 43.0989014872 ], [ -83.6973500954, 43.0988470874 ], [ -83.6972054035, 43.0987859931 ], [ -83.6970839302, 43.0987301368 ], [ -83.6969600024, 43.0986704175 ], [ -83.6968190844, 43.0985955762 ], [ -83.6966648958, 43.0985104545 ], [ -83.6962399958, 43.0982568082 ], [ -83.6960989681, 43.0981746225 ], [ -83.6959703472, 43.0981014598 ], [ -83.6958311666, 43.0980243007 ], [ -83.6957034761, 43.0979620884 ], [ -83.6956061983, 43.0979200696 ], [ -83.6955128219, 43.0978855497 ], [ -83.6954250051, 43.0978610902 ], [ -83.6953334334, 43.09784016 ], [ -83.6952391183, 43.0978229878 ], [ -83.695143286, 43.0978115037 ], [ -83.6950187697, 43.0978051564 ], [ -83.6948445822, 43.097801611 ], [ -83.6944750467, 43.0978036215 ], [ -83.6942036207, 43.0978157642 ] ] } },
{ "type": "Feature", "properties": { "PR": "1497102", "Aadt": 7956, "AadtCommercial": 216, "FacilityType": 2, "Year": "2024", "LocationId": "25-6768" }, "geometry": { "type": "LineString", "coordinates": [ [ -83.6936667438, 43.0353893819 ], [ -83.6937437675, 43.03637621 ], [ -83.6937902514, 43.0372024868 ], [ -83.6938135821, 43.0380567214 ], [ -83.6938601596, 43.038913331 ], [ -83.693864786, 43.0397540371 ], [ -83.6938648018, 43.0397567326 ], [ -83.6938623824, 43.0405898914 ], [ -83.6938539045, 43.0414498727 ], [ -83.6938522954, 43.0415850157 ], [ -83.6938103128, 43.0421431585 ], [ -83.6938137303, 43.0423728596 ], [ -83.6938139267, 43.043118783 ], [ -83.6937747845, 43.0439165649 ], [ -83.693778493, 43.044663646 ], [ -83.6937616024, 43.0454294769 ], [ -83.6937997179, 43.0461781172 ], [ -83.6937971358, 43.0469853432 ], [ -83.6937902396, 43.0476794757 ], [ -83.6937976475, 43.0478605999 ], [ -83.6937615954, 43.0484488607 ], [ -83.6937609426, 43.0486998253 ], [ -83.6937725289, 43.049205668 ], [ -83.6937674127, 43.0495530663 ], [ -83.6937421621, 43.0500034717 ], [ -83.6937712486, 43.0504030538 ], [ -83.6937705501, 43.0507965667 ], [ -83.6937572577, 43.0512458293 ], [ -83.6937529879, 43.0515592949 ], [ -83.6937684722, 43.0520950525 ], [ -83.6937573524, 43.052305788 ], [ -83.6937246718, 43.0530841933 ], [ -83.6937503751, 43.0534162689 ], [ -83.6937284507, 43.0537417857 ], [ -83.6937633308, 43.0542594405 ], [ -83.6937551862, 43.0551178107 ], [ -83.6937782094, 43.0555939381 ], [ -83.6937668176, 43.0560171108 ], [ -83.6938018199, 43.0570353291 ], [ -83.6938208558, 43.0575456832 ], [ -83.6937944966, 43.057952715 ], [ -83.6937987507, 43.0582792926 ], [ -83.6938010581, 43.0587068318 ], [ -83.6938195341, 43.0589827552 ], [ -83.6938274941, 43.0594788609 ], [ -83.6938528967, 43.0597259499 ], [ -83.6938527394, 43.0602183573 ], [ -83.6938579001, 43.0604564882 ], [ -83.6938213057, 43.060974657 ] ] } },
{ "type": "Feature", "properties": { "PR": "1855002", "Aadt": 1263, "AadtCommercial": 36, "FacilityType": 2, "Year": "2024", "LocationId": "76-5280" }, "geometry": { "type": "LineString", "coordinates": [ [ -84.1189209508, 43.0574034082 ], [ -84.109220094, 43.0575947367 ], [ -84.1091391528, 43.0575939697 ], [ -84.0991897034, 43.0576474696 ], [ -84.0926902437, 43.0578258455 ], [ -84.0891155025, 43.057907136 ], [ -84.0780919292, 43.0580002841 ], [ -84.0746554453, 43.0580956992 ], [ -84.0744127895, 43.0581013551 ], [ -84.0695581207, 43.058238006 ], [ -84.0631951218, 43.0580920472 ], [ -84.0591198431, 43.0579894428 ], [ -84.0571884387, 43.0579858223 ], [ -84.0552000845, 43.0579600485 ], [ -84.0500071514, 43.0579856132 ], [ -84.0489030732, 43.0580377304 ], [ -84.0416415873, 43.0582819827 ], [ -84.0332376704, 43.0584026863 ], [ -84.0269844912, 43.058567815 ], [ -84.0219951955, 43.0585779594 ], [ -84.0158212602, 43.0586158554 ], [ -84.0069213018, 43.0586386491 ], [ -84.0015792514, 43.0586617661 ], [ -84.0000253936, 43.0586684438 ], [ -83.989347047, 43.0586917838 ], [ -83.9874604887, 43.058680817 ] ] } },
{ "type": "Feature", "properties": { "PR": "1497601", "Aadt": 7103, "AadtCommercial": 199, "FacilityType": 2, "Year": "2024", "LocationId": "25-7074" }, "geometry": { "type": "LineString", "coordinates": [ [ -83.5964457533, 43.055471974 ], [ -83.5940189339, 43.0561358254 ], [ -83.5769248135, 43.0609119415 ], [ -83.5747013375, 43.0615492028 ], [ -83.5704972419, 43.0626557315 ], [ -83.5694674727, 43.0627989289 ], [ -83.5688717555, 43.0628535729 ], [ -83.5678331112, 43.0629048364 ], [ -83.563122443, 43.0629019137 ], [ -83.5574868887, 43.0629158936 ] ] } },
{ "type": "Feature", "properties": { "PR": "1510204", "Aadt": 760, "AadtCommercial": 23, "FacilityType": 2, "Year": "2024", "LocationId": "25-5111" }, "geometry": { "type": "LineString", "coordinates": [ [ -83.9037210912, 42.8691313624 ], [ -83.9033003002, 42.86911937 ] ] } },
{ "type": "Feature", "properties": { "PR": "1495304", "Aadt": 1671, "AadtCommercial": null, "FacilityType": 4, "Year": "2024", "LocationId": "25-9623" }, "geometry": { "type": "LineString", "coordinates": [ [ -83.8062635943, 42.9666846119 ], [ -83.8066665319, 42.9673603422 ], [ -83.8067944219, 42.9674717963 ], [ -83.8069016507, 42.9675465246 ], [ -83.8070531053, 42.9676140398 ], [ -83.8071668427, 42.9676606421 ], [ -83.8073245158, 42.9677080975 ], [ -83.8074940446, 42.9677315661 ], [ -83.8076755715, 42.9677270152 ], [ -83.8078407683, 42.9677181109 ], [ -83.8080183993, 42.9676690872 ], [ -83.8082138114, 42.9675840841 ], [ -83.8083882693, 42.9674704225 ], [ -83.8085821026, 42.9672764157 ], [ -83.8087883696, 42.9670422893 ], [ -83.8089420171, 42.966895935 ], [ -83.8091631618, 42.9667064931 ], [ -83.8094942892, 42.9665151458 ], [ -83.8103005249, 42.9662063182 ] ] } },
{ "type": "Feature", "properties": { "PR": "1497008", "Aadt": 11955, "AadtCommercial": 622, "FacilityType": 2, "Year": "2024", "LocationId": "25-4616" }, "geometry": { "type": "LineString", "coordinates": [ [ -83.6553050392, 43.0329061108 ], [ -83.6553291304, 43.0337134609 ], [ -83.6553812112, 43.0357586875 ], [ -83.6553995395, 43.0370564124 ], [ -83.6554455457, 43.0396612238 ], [ -83.6554440888, 43.0404826975 ], [ -83.6555355987, 43.041270333 ], [ -83.6555635032, 43.0414240053 ], [ -83.655893115, 43.0420180319 ], [ -83.6562090689, 43.0423522613 ], [ -83.6565326151, 43.0427564827 ] ] } },
{ "type": "Feature", "properties": { "PR": "1495607", "Aadt": 4173, "AadtCommercial": 121, "FacilityType": 2, "Year": "2024", "LocationId": "25-5482" }, "geometry": { "type": "LineString", "coordinates": [ [ -83.8623313825, 43.0524863592 ], [ -83.862365738, 43.054698786 ], [ -83.8623680807, 43.0557495958 ], [ -83.862380224, 43.0559935531 ], [ -83.8624451368, 43.059714309 ] ] } },
{ "type": "Feature", "properties": { "PR": "1523901", "Aadt": 9292, "AadtCommercial": 260, "FacilityType": 2, "Year": "2024", "LocationId": "25-5510" }, "geometry": { "type": "LineString", "coordinates": [ [ -83.812724796, 43.0308116243 ], [ -83.8127331117, 43.0334814338 ], [ -83.8127373736, 43.0348500381 ], [ -83.8127426863, 43.0365560958 ], [ -83.8127431777, 43.0367138993 ], [ -83.8127366549, 43.0375841419 ], [ -83.8127679179, 43.0383210186 ], [ -83.8128850237, 43.041081042 ], [ -83.8130782865, 43.0455860454 ], [ -83.8130784261, 43.0479997408 ] ] } },
{ "type": "Feature", "properties": { "PR": "1494709", "Aadt": 3468, "AadtCommercial": null, "FacilityType": 4, "Year": "2024", "LocationId": "25-0566" }, "geometry": { "type": "LineString", "coordinates": [ [ -83.7627168696, 43.0651735538 ], [ -83.7629258459, 43.063691187 ], [ -83.7630110342, 43.0633573148 ], [ -83.7631034496, 43.0631506248 ], [ -83.7632097463, 43.0629734743 ], [ -83.7633582104, 43.0627349678 ], [ -83.7640866634, 43.0617835985 ], [ -83.7642145076, 43.0615629746 ], [ -83.7642924981, 43.0613413656 ], [ -83.7643589927, 43.0606222747 ] ] } },
{ "type": "Feature", "properties": { "PR": "1501502", "Aadt": 16441, "AadtCommercial": 559, "FacilityType": 2, "Year": "2024", "LocationId": "25-2601" }, "geometry": { "type": "LineString", "coordinates": [ [ -83.5180096221, 43.0346713545 ], [ -83.5180082335, 43.0363037258 ], [ -83.5180037209, 43.0373539882 ], [ -83.5180053693, 43.0401756014 ], [ -83.5180046632, 43.0402949939 ], [ -83.5180312017, 43.0419054631 ], [ -83.5180344486, 43.0420554537 ], [ -83.5180523611, 43.0425976762 ], [ -83.5181633365, 43.0456929306 ] ] } },
{ "type": "Feature", "properties": { "PR": "3780745", "Aadt": 2225, "AadtCommercial": 64, "FacilityType": 2, "Year": "2024", "LocationId": "76-5082" }, "geometry": { "type": "LineString", "coordinates": [ [ -84.0367377595, 42.9100975047 ], [ -84.0366825104, 42.9101374918 ], [ -84.0341839382, 42.911985437 ], [ -84.0305803824, 42.9144294541 ], [ -84.0291464815, 42.9155284983 ], [ -84.0273534473, 42.916799867 ], [ -84.0253721679, 42.9181645324 ], [ -84.0240717587, 42.9189266806 ], [ -84.0229306011, 42.919498244 ], [ -84.0217714077, 42.9199987589 ], [ -84.0204601541, 42.9205195534 ], [ -84.019266997, 42.9209524894 ], [ -84.0138941398, 42.9227068652 ], [ -84.0120362031, 42.9233416253 ], [ -84.0113450495, 42.9235616053 ], [ -84.0108062425, 42.9237602631 ], [ -84.0106698351, 42.9238141437 ] ] } },
{ "type": "Feature", "properties": { "PR": "1512801", "Aadt": 2376, "AadtCommercial": 68, "FacilityType": 2, "Year": "2024", "LocationId": "25-7122" }, "geometry": { "type": "LineString", "coordinates": [ [ -83.5578495181, 43.0919713313 ], [ -83.5481837008, 43.0920959016 ], [ -83.5422281791, 43.092294556 ], [ -83.5378578203, 43.0924427371 ], [ -83.5360783847, 43.0924701041 ], [ -83.5329435759, 43.0925234079 ], [ -83.526429118, 43.0926112956 ], [ -83.5213626804, 43.0927572578 ], [ -83.5183355437, 43.092841768 ] ] } },
{ "type": "Feature", "properties": { "PR": "3251573", "Aadt": 16751, "AadtCommercial": 2381, "FacilityType": 2, "Year": "2024", "LocationId": "25-4144" }, "geometry": { "type": "LineString", "coordinates": [ [ -83.7576044169, 42.9729301413 ], [ -83.7567718231, 42.972967172 ], [ -83.7556278422, 42.9730716442 ], [ -83.7545173765, 42.9732456545 ], [ -83.7533208891, 42.9734629438 ], [ -83.7497512143, 42.9741760983 ], [ -83.746595068, 42.974861734 ], [ -83.7443198465, 42.9753510039 ], [ -83.7435938033, 42.9755247364 ], [ -83.7432287733, 42.9756120801 ], [ -83.7428660653, 42.9756879363 ], [ -83.7423940939, 42.9757691324 ], [ -83.7418207084, 42.9758275886 ], [ -83.741295236, 42.9758300388 ], [ -83.7410682009, 42.9758218346 ], [ -83.7406543507, 42.975806879 ], [ -83.7401171819, 42.9757443631 ], [ -83.7397566644, 42.9756724297 ], [ -83.739610576, 42.9756273906 ], [ -83.7392779189, 42.975537014 ], [ -83.73830584, 42.9752225354 ], [ -83.737102743, 42.974786425 ], [ -83.7357554217, 42.9743168943 ], [ -83.7354896957, 42.9742221898 ], [ -83.7339709418, 42.9736808924 ], [ -83.7331809098, 42.9735022766 ], [ -83.7324579578, 42.9734217533 ] ] } },
{ "type": "Feature", "properties": { "PR": "1498309", "Aadt": 10291, "AadtCommercial": 288, "FacilityType": 2, "Year": "2024", "LocationId": "25-5398" }, "geometry": { "type": "LineString", "coordinates": [ [ -83.574116251, 42.9325644169 ], [ -83.5737622838, 42.9326934373 ], [ -83.5730875499, 42.932928151 ], [ -83.5728007935, 42.9330273477 ], [ -83.5686515392, 42.9345072123 ], [ -83.5659130777, 42.9353874007 ], [ -83.5583523882, 42.937776234 ], [ -83.5546483986, 42.9389460077 ], [ -83.5541377919, 42.9390703903 ] ] } },
{ "type": "Feature", "properties": { "PR": "3251558", "Aadt": 20065, "AadtCommercial": 541, "FacilityType": 2, "Year": "2024", "LocationId": "25-5123" }, "geometry": { "type": "LineString", "coordinates": [ [ -83.7723114725, 42.9873552352 ], [ -83.7724441356, 42.9925297606 ], [ -83.7724690243, 42.9937027229 ], [ -83.7724727114, 42.9938764547 ], [ -83.7724714366, 42.9945083574 ], [ -83.7724703788, 42.9947991643 ], [ -83.7726131206, 42.998493267 ], [ -83.772662055, 42.999759582 ], [ -83.7727123301, 43.0020261036 ], [ -83.7727844143, 43.0060855424 ], [ -83.7727953112, 43.0068480166 ], [ -83.7728680436, 43.0093804629 ], [ -83.7729080898, 43.0113033974 ], [ -83.7729539235, 43.0135040366 ], [ -83.7729758755, 43.0146572135 ], [ -83.7729835418, 43.0152531673 ], [ -83.7730384441, 43.0165775091 ], [ -83.7731286499, 43.020626004 ], [ -83.7732235405, 43.0230581265 ], [ -83.7732511599, 43.0240925409 ], [ -83.7732869738, 43.0249150895 ], [ -83.7733281218, 43.0259422258 ], [ -83.773395308, 43.028114682 ], [ -83.7734137387, 43.0286881704 ], [ -83.7735235391, 43.0313903024 ] ] } },
{ "type": "Feature", "properties": { "PR": "1503205", "Aadt": 4636, "AadtCommercial": null, "FacilityType": 4, "Year": "2024", "LocationId": "25-0540" }, "geometry": { "type": "LineString", "coordinates": [ [ -83.7352113355, 42.9871755444 ], [ -83.7366852521, 42.9885430411 ] ] } },
{ "type": "Feature", "properties": { "PR": "3251558", "Aadt": 9771, "AadtCommercial": 274, "FacilityType": 2, "Year": "2024", "LocationId": "25-5187" }, "geometry": { "type": "LineString", "coordinates": [ [ -83.7699035213, 42.9141483312 ], [ -83.7699038127, 42.9141500503 ], [ -83.7699089827, 42.9141638561 ], [ -83.7699487785, 42.9142190827 ], [ -83.7699938699, 42.9142773639 ], [ -83.7700040286, 42.9142922221 ], [ -83.7700127537, 42.9143063368 ], [ -83.7700200083, 42.9143207801 ], [ -83.7700257926, 42.9143355519 ], [ -83.7700833568, 42.9144781765 ], [ -83.7701057906, 42.9147284718 ], [ -83.77020121, 42.9175319948 ], [ -83.7703143174, 42.9208549686 ], [ -83.7704906792, 42.9257457756 ], [ -83.7706143628, 42.9287845567 ], [ -83.7706215937, 42.9289260047 ], [ -83.7707144257, 42.9317938792 ], [ -83.7707712519, 42.9335321447 ], [ -83.7709437953, 42.9376941493 ], [ -83.7710814617, 42.9402423349 ], [ -83.7711138174, 42.942087788 ], [ -83.7711358307, 42.9433741492 ] ] } },
{ "type": "Feature", "properties": { "PR": "0647308", "Aadt": 52983, "AadtCommercial": 3656, "FacilityType": 2, "Year": "2024", "LocationId": "63-0150" }, "geometry": { "type": "LineString", "coordinates": [ [ -83.5695572678, 42.8154977547 ], [ -83.5696629445, 42.8190731157 ], [ -83.5696984895, 42.8194982794 ], [ -83.569736814, 42.8198533542 ], [ -83.5699090143, 42.820797049 ], [ -83.5700908234, 42.8214105343 ], [ -83.5702959384, 42.8219733426 ], [ -83.5707713365, 42.8229256793 ], [ -83.5709822215, 42.823280502 ], [ -83.5712101464, 42.8236420594 ], [ -83.572320779, 42.825295332 ], [ -83.5815788596, 42.8390729698 ], [ -83.5848428998, 42.8439288078 ], [ -83.5889245227, 42.8500142689 ], [ -83.5895661202, 42.851130377 ], [ -83.5897374505, 42.8514877576 ], [ -83.5897952367, 42.8516079561 ], [ -83.5899788089, 42.8519830458 ], [ -83.5901098397, 42.8523237045 ], [ -83.5901456205, 42.8524047523 ], [ -83.5901989117, 42.8525254664 ], [ -83.5903831812, 42.8531020204 ], [ -83.5905262092, 42.8535761771 ], [ -83.5907051043, 42.8543167892 ], [ -83.5908075693, 42.8548083219 ], [ -83.5908770512, 42.8552888405 ], [ -83.5910181911, 42.8578828066 ], [ -83.5910965576, 42.8605408091 ], [ -83.5912302628, 42.8650753571 ], [ -83.5912756776, 42.8658127351 ], [ -83.5913132967, 42.8660919306 ], [ -83.5913847576, 42.8664816721 ], [ -83.5914397237, 42.8667612371 ], [ -83.5915433674, 42.8672155157 ], [ -83.5916475613, 42.8675676433 ], [ -83.5917625665, 42.8679097846 ], [ -83.5919107595, 42.8682909436 ], [ -83.5919886779, 42.8684726649 ], [ -83.592515648, 42.8695794998 ], [ -83.5926251727, 42.8697746216 ], [ -83.59312546, 42.8704888611 ], [ -83.5935362856, 42.8709970865 ], [ -83.5939281685, 42.8714518387 ], [ -83.5943777713, 42.8719135046 ], [ -83.5951948706, 42.8726720712 ], [ -83.595509262, 42.8729289189 ] ] } },
{ "type": "Feature", "properties": { "PR": "1502310", "Aadt": 5030, "AadtCommercial": 140, "FacilityType": 1, "Year": "2024", "LocationId": "25-6879" }, "geometry": { "type": "LineString", "coordinates": [ [ -83.6849222886, 43.0049954372 ], [ -83.6855246558, 43.0053034066 ], [ -83.6859876745, 43.0054832143 ], [ -83.6861248886, 43.0055342633 ], [ -83.6862621029, 43.0055853113 ], [ -83.6864516413, 43.0056381126 ], [ -83.6866467805, 43.0057168846 ], [ -83.6868293459, 43.0058286359 ], [ -83.6871708033, 43.0060886728 ] ] } },
{ "type": "Feature", "properties": { "PR": "1495508", "Aadt": 2049, "AadtCommercial": null, "FacilityType": 4, "Year": "2024", "LocationId": "25-0440" }, "geometry": { "type": "LineString", "coordinates": [ [ -83.5556657789, 43.0175740576 ], [ -83.5554350413, 43.0178523224 ], [ -83.5553575719, 43.0179263433 ], [ -83.5552684837, 43.0180043183 ], [ -83.5551155689, 43.0181019406 ], [ -83.5549698941, 43.0181618738 ], [ -83.5547506245, 43.0181991912 ], [ -83.5545276518, 43.0181859671 ], [ -83.5543221923, 43.0181647098 ], [ -83.5541590059, 43.0180896989 ], [ -83.5539860525, 43.017972425 ], [ -83.5538531821, 43.0178560164 ], [ -83.553758037, 43.0176563195 ], [ -83.553766295, 43.0174504449 ], [ -83.5538841864, 43.017225914 ], [ -83.5540918358, 43.0170495765 ], [ -83.554469021, 43.0168647464 ] ] } },
{ "type": "Feature", "properties": { "PR": "3780083", "Aadt": 1286, "AadtCommercial": 37, "FacilityType": 2, "Year": "2024", "LocationId": "76-5140" }, "geometry": { "type": "LineString", "coordinates": [ [ -84.0279988483, 42.9392582603 ], [ -84.0245921709, 42.9392940969 ], [ -84.0231763069, 42.9392970035 ], [ -84.0221786176, 42.9393271751 ], [ -84.0218817416, 42.9393286823 ] ] } },
{ "type": "Feature", "properties": { "PR": "1519809", "Aadt": 3983, "AadtCommercial": 116, "FacilityType": 2, "Year": "2024", "LocationId": "25-5426" }, "geometry": { "type": "LineString", "coordinates": [ [ -83.5980677581, 42.9452283393 ], [ -83.5980362726, 42.945244156 ], [ -83.5979900667, 42.9452641489 ], [ -83.5979341677, 42.9452830785 ], [ -83.5978694261, 42.9452959091 ], [ -83.5978028101, 42.9453068883 ], [ -83.5977531625, 42.9453153685 ], [ -83.5976862364, 42.9453304281 ], [ -83.5955942563, 42.9453997684 ], [ -83.5931285813, 42.9454600189 ], [ -83.5906353228, 42.9457016792 ], [ -83.5882617594, 42.9459123074 ], [ -83.5877458727, 42.9459630974 ], [ -83.5875017427, 42.9459871317 ], [ -83.5832401466, 42.9464065938 ] ] } },
{ "type": "Feature", "properties": { "PR": "1506910", "Aadt": 307, "AadtCommercial": 9, "FacilityType": 2, "Year": "2024", "LocationId": "25-7037" }, "geometry": { "type": "LineString", "coordinates": [ [ -83.6884234471, 43.1180170755 ], [ -83.6884476245, 43.1194062421 ] ] } },
{ "type": "Feature", "properties": { "PR": "1503510", "Aadt": 1283, "AadtCommercial": 37, "FacilityType": 2, "Year": "2024", "LocationId": "25-6822" }, "geometry": { "type": "LineString", "coordinates": [ [ -83.6976791514, 43.1184755931 ], [ -83.6977609727, 43.1194350869 ] ] } },
{ "type": "Feature", "properties": { "PR": "1495005", "Aadt": 7769, "AadtCommercial": null, "FacilityType": 4, "Year": "2024", "LocationId": "25-4041" }, "geometry": { "type": "LineString", "coordinates": [ [ -83.6773192806, 43.0057799342 ], [ -83.677556676, 43.0067008058 ], [ -83.6776241568, 43.0069503479 ], [ -83.6778081547, 43.0075176072 ], [ -83.6778407761, 43.0077456605 ], [ -83.6778319276, 43.0079779154 ], [ -83.6777952978, 43.0081543264 ] ] } },
{ "type": "Feature", "properties": { "PR": "1495110", "Aadt": 10628, "AadtCommercial": 298, "FacilityType": 2, "Year": "2024", "LocationId": "25-7096" }, "geometry": { "type": "LineString", "coordinates": [ [ -83.5961879461, 43.0479223088 ], [ -83.5962411122, 43.0485662852 ], [ -83.5962875975, 43.0493482632 ], [ -83.5964457533, 43.055471974 ] ] } },
{ "type": "Feature", "properties": { "PR": "1512406", "Aadt": 1471, "AadtCommercial": 40, "FacilityType": 2, "Year": "2024", "LocationId": "25-5109" }, "geometry": { "type": "LineString", "coordinates": [ [ -83.9089152967, 42.8762506254 ], [ -83.9088610892, 42.8763305013 ], [ -83.9087035164, 42.8766003075 ], [ -83.9085850125, 42.8769105081 ], [ -83.9085135022, 42.8772265373 ], [ -83.9084705873, 42.8776918569 ], [ -83.9086643545, 42.8835053599 ], [ -83.909247833, 42.8980569181 ], [ -83.9096480895, 42.9126160242 ] ] } },
{ "type": "Feature", "properties": { "PR": "1512407", "Aadt": 10477, "AadtCommercial": 313, "FacilityType": 2, "Year": "2024", "LocationId": "25-6786" }, "geometry": { "type": "LineString", "coordinates": [ [ -83.753097168, 43.0607272514 ], [ -83.7506244374, 43.0607367665 ], [ -83.7482377204, 43.0607579047 ], [ -83.7457824532, 43.0607935271 ], [ -83.743265077, 43.0607174362 ], [ -83.7409825621, 43.0607439772 ], [ -83.7383244581, 43.0606634052 ], [ -83.7376899068, 43.0606627536 ], [ -83.7357210216, 43.060653534 ], [ -83.7333674918, 43.0606404317 ], [ -83.7323565678, 43.060618564 ], [ -83.7295515092, 43.0606993579 ], [ -83.7262475495, 43.0606906191 ], [ -83.723626457, 43.0607122906 ], [ -83.7224795052, 43.0607288252 ], [ -83.7215631103, 43.060760117 ], [ -83.7192801283, 43.0608546112 ], [ -83.7179655402, 43.0608423272 ], [ -83.71739671, 43.0608681437 ], [ -83.7170564151, 43.0608888583 ], [ -83.7159399655, 43.060910999 ], [ -83.7149236324, 43.0609164831 ], [ -83.7139399012, 43.0609290977 ] ] } },
{ "type": "Feature", "properties": { "PR": "1498409", "Aadt": 10450, "AadtCommercial": 291, "FacilityType": 2, "Year": "2024", "LocationId": "25-5388" }, "geometry": { "type": "LineString", "coordinates": [ [ -83.6328509162, 42.9604770586 ], [ -83.6327960606, 42.9611169562 ], [ -83.6327734061, 42.9618948307 ], [ -83.6329455927, 42.9660401738 ], [ -83.6330988339, 42.9708917897 ], [ -83.6331289545, 42.9718713801 ], [ -83.6332260589, 42.975029244 ] ] } },
{ "type": "Feature", "properties": { "PR": "1498409", "Aadt": 9379, "AadtCommercial": 262, "FacilityType": 2, "Year": "2024", "LocationId": "25-7007" }, "geometry": { "type": "LineString", "coordinates": [ [ -83.6353518952, 43.0332304363 ], [ -83.6354411413, 43.0353991819 ], [ -83.6354748353, 43.0371599781 ], [ -83.6354973986, 43.0375781622 ], [ -83.635507679, 43.0378809921 ], [ -83.6355136259, 43.038399396 ], [ -83.6355365831, 43.0386002535 ], [ -83.6355614315, 43.0393249547 ], [ -83.6355805949, 43.0400308158 ], [ -83.6355882427, 43.0412752656 ], [ -83.6356159168, 43.0431371965 ], [ -83.6355994009, 43.0447512791 ], [ -83.6356576412, 43.0474016904 ], [ -83.6357749307, 43.0510690066 ] ] } },
{ "type": "Feature", "properties": { "PR": "1497102", "Aadt": 9106, "AadtCommercial": 218, "FacilityType": 2, "Year": "2024", "LocationId": "25-0006" }, "geometry": { "type": "LineString", "coordinates": [ [ -83.6947970003, 43.1514989015 ], [ -83.6954635667, 43.1524266053 ], [ -83.6966698046, 43.1540481786 ], [ -83.697476256, 43.155097337 ], [ -83.6981612511, 43.1559811885 ], [ -83.6994508316, 43.1576646358 ], [ -83.701052895, 43.159722713 ], [ -83.7038355319, 43.1633228811 ], [ -83.7050030473, 43.1648722086 ], [ -83.7092763808, 43.170507023 ], [ -83.7113884342, 43.1733027355 ], [ -83.7121500168, 43.174277948 ], [ -83.7128584325, 43.1752011379 ], [ -83.7135886102, 43.1761641628 ], [ -83.7143187355, 43.1770986196 ], [ -83.7147674811, 43.1776967774 ] ] } },
{ "type": "Feature", "properties": { "PR": "1494001", "Aadt": 6066, "AadtCommercial": 169, "FacilityType": 2, "Year": "2024", "LocationId": "25-5113" }, "geometry": { "type": "LineString", "coordinates": [ [ -83.9288540109, 42.9617080193 ], [ -83.9288632587, 42.9626672675 ], [ -83.9288652555, 42.9627738804 ], [ -83.9288546782, 42.9633465292 ], [ -83.9288629595, 42.964138133 ] ] } },
{ "type": "Feature", "properties": { "PR": "3251622", "Aadt": 935, "AadtCommercial": 27, "FacilityType": 2, "Year": "2024", "LocationId": "25-6966" }, "geometry": { "type": "LineString", "coordinates": [ [ -83.6770615669, 43.042888644 ], [ -83.6770951658, 43.042889029 ], [ -83.6772384665, 43.0428811582 ], [ -83.6778110955, 43.0428497063 ] ] } },
{ "type": "Feature", "properties": { "PR": "1508702", "Aadt": 2380, "AadtCommercial": 68, "FacilityType": 2, "Year": "2024", "LocationId": "25-6988" }, "geometry": { "type": "LineString", "coordinates": [ [ -83.6254817192, 43.0331342348 ], [ -83.6255394688, 43.0361663527 ], [ -83.6255990721, 43.0373633116 ], [ -83.6256005936, 43.0375137186 ], [ -83.6256081032, 43.0377534881 ], [ -83.625614321, 43.0383000916 ], [ -83.6256184253, 43.0385780528 ], [ -83.6256291134, 43.0397506698 ], [ -83.6256639566, 43.041529994 ], [ -83.6257459579, 43.0430772173 ], [ -83.6257698184, 43.0439702822 ], [ -83.625830745, 43.0446701813 ], [ -83.625846399, 43.0475254771 ], [ -83.6259438541, 43.0509822041 ], [ -83.6259410298, 43.0511188274 ] ] } },
{ "type": "Feature", "properties": { "PR": "1503101", "Aadt": 5720, "AadtCommercial": 166, "FacilityType": 2, "Year": "2024", "LocationId": "25-5300" }, "geometry": { "type": "LineString", "coordinates": [ [ -83.7292739633, 42.8629492999 ], [ -83.7294183442, 42.8692815897 ], [ -83.7292768846, 42.8706397641 ] ] } },
{ "type": "Feature", "properties": { "PR": "1500608", "Aadt": 1385, "AadtCommercial": null, "FacilityType": 4, "Year": "2024", "LocationId": "25-0494" }, "geometry": { "type": "LineString", "coordinates": [ [ -83.726744882, 43.0980109951 ], [ -83.729073154, 43.097699504 ], [ -83.7293764428, 43.0977007549 ], [ -83.7296264769, 43.0977154332 ], [ -83.7298893287, 43.0977400333 ], [ -83.730125643, 43.0977689324 ], [ -83.7303747751, 43.0978077532 ], [ -83.7305380672, 43.0978496856 ], [ -83.730753533, 43.0979071595 ], [ -83.7311057542, 43.0980108653 ], [ -83.7321104311, 43.0983016063 ], [ -83.7324630171, 43.0983956508 ], [ -83.7326072633, 43.0984178683 ], [ -83.7328512515, 43.0984179224 ], [ -83.7338351871, 43.0984130555 ] ] } },
{ "type": "Feature", "properties": { "PR": "1519805", "Aadt": 3991, "AadtCommercial": 112, "FacilityType": 2, "Year": "2024", "LocationId": "25-5101" }, "geometry": { "type": "LineString", "coordinates": [ [ -83.9192089759, 42.9566868984 ], [ -83.9110899688, 42.9568302012 ], [ -83.9093379549, 42.956899413 ], [ -83.9044216709, 42.9569524874 ], [ -83.9032256506, 42.9569801459 ], [ -83.9002558665, 42.9570024436 ], [ -83.89145278, 42.9570134242 ], [ -83.8896972796, 42.9570565178 ], [ -83.8717782652, 42.9569805356 ], [ -83.8700563401, 42.9570069073 ], [ -83.8655684731, 42.9569499348 ], [ -83.8616063054, 42.9569631945 ], [ -83.8586845188, 42.9569396712 ], [ -83.8564979514, 42.9569220185 ] ] } },
{ "type": "Feature", "properties": { "PR": "1501012", "Aadt": 723, "AadtCommercial": 22, "FacilityType": 2, "Year": "2024", "LocationId": "25-6835" }, "geometry": { "type": "LineString", "coordinates": [ [ -83.6944271532, 43.1204723975 ], [ -83.6946178652, 43.1204848508 ], [ -83.6955070686, 43.1204660321 ] ] } },
{ "type": "Feature", "properties": { "PR": "1501408", "Aadt": 4902, "AadtCommercial": 143, "FacilityType": 2, "Year": "2024", "LocationId": "25-6784" }, "geometry": { "type": "LineString", "coordinates": [ [ -83.753097168, 43.0607272514 ], [ -83.753113214, 43.0615959495 ], [ -83.7530961003, 43.0624076089 ], [ -83.7531363275, 43.0632160782 ], [ -83.7531722938, 43.0640434133 ], [ -83.7532207117, 43.0648665987 ], [ -83.7532361451, 43.0656652054 ], [ -83.7532516228, 43.0664840758 ], [ -83.7532990882, 43.0672989861 ], [ -83.7533022595, 43.0679951096 ], [ -83.753444598, 43.0753957359 ] ] } },
{ "type": "Feature", "properties": { "PR": "1510803", "Aadt": 11643, "AadtCommercial": 327, "FacilityType": 2, "Year": "2024", "LocationId": "25-5160" }, "geometry": { "type": "LineString", "coordinates": [ [ -83.7075342715, 42.8177998056 ], [ -83.7075649197, 42.8187463675 ], [ -83.7075556262, 42.819627646 ], [ -83.7075362199, 42.8198079182 ], [ -83.7074672587, 42.8200542417 ], [ -83.7073250015, 42.8203808016 ], [ -83.7071411058, 42.8206887073 ], [ -83.7069751237, 42.8209064281 ], [ -83.705634819, 42.8225050531 ], [ -83.7046924482, 42.823566625 ], [ -83.7037360194, 42.824611485 ], [ -83.7028277086, 42.8256271115 ], [ -83.7020774902, 42.8264534868 ], [ -83.7017304474, 42.8268417352 ], [ -83.701507258, 42.8271666182 ], [ -83.7013539892, 42.827502336 ], [ -83.7012589235, 42.8278204148 ], [ -83.7012277463, 42.8281397933 ], [ -83.7012266563, 42.8284613606 ], [ -83.7012673381, 42.8289624608 ], [ -83.7012930904, 42.8292800858 ], [ -83.701380171, 42.8301450803 ], [ -83.7014066889, 42.8306677945 ], [ -83.701483622, 42.8314838627 ], [ -83.7016143605, 42.8326546277 ], [ -83.7017849776, 42.8336336938 ], [ -83.7019017845, 42.8339271464 ], [ -83.7020639486, 42.834301389 ], [ -83.7023377544, 42.8347613093 ], [ -83.7027338031, 42.8354126933 ], [ -83.7031473784, 42.8361176115 ], [ -83.7034226196, 42.8366568134 ], [ -83.7036592099, 42.8371932836 ], [ -83.7040822048, 42.8383311081 ], [ -83.704185702, 42.8385906027 ], [ -83.7042904662, 42.8388180834 ], [ -83.7043267363, 42.8388839916 ], [ -83.704525548, 42.839245258 ], [ -83.7047175226, 42.8395391548 ], [ -83.7050479814, 42.8399859201 ], [ -83.7054933798, 42.8406096506 ], [ -83.7062092242, 42.8416005959 ], [ -83.706771364, 42.8424059492 ], [ -83.7069455282, 42.8426507808 ], [ -83.7071116763, 42.8429213948 ], [ -83.7072132179, 42.8431284275 ], [ -83.7073149991, 42.8434335411 ], [ -83.7073580868, 42.8436478286 ], [ -83.707375936, 42.8439657901 ], [ -83.7073509756, 42.8442346948 ], [ -83.7072705286, 42.8445163088 ], [ -83.7071383214, 42.8448437299 ], [ -83.7070067669, 42.8450469093 ], [ -83.706677618, 42.845460316 ], [ -83.7062758446, 42.8458064958 ], [ -83.7054062179, 42.8465404925 ], [ -83.7050267386, 42.8468761553 ], [ -83.7047441447, 42.8472124833 ], [ -83.7045616367, 42.8475165245 ], [ -83.7044371656, 42.8477937673 ], [ -83.7043480657, 42.8481416723 ], [ -83.7042685162, 42.8487415671 ], [ -83.7041479711, 42.8491690499 ], [ -83.704074721, 42.8493461343 ], [ -83.7038646877, 42.8496773043 ], [ -83.7036152222, 42.8499383035 ], [ -83.7029043941, 42.8505855327 ], [ -83.7006174803, 42.8526476796 ], [ -83.7000752684, 42.8531190103 ], [ -83.6996561676, 42.8534833168 ], [ -83.6983667779, 42.8546774959 ], [ -83.6976119297, 42.855376578 ], [ -83.6972752647, 42.8557334201 ], [ -83.697016963, 42.8560289096 ], [ -83.6968612142, 42.8562689189 ], [ -83.696744958, 42.8565619259 ], [ -83.6966463001, 42.856909631 ], [ -83.6966070094, 42.8571955963 ], [ -83.6966217721, 42.8598327546 ], [ -83.696688368, 42.863618035 ], [ -83.6968415184, 42.8638345959 ] ] } },
{ "type": "Feature", "properties": { "PR": "1503001", "Aadt": 3341, "AadtCommercial": null, "FacilityType": 4, "Year": "2024", "LocationId": "25-3657" }, "geometry": { "type": "LineString", "coordinates": [ [ -83.7260466348, 42.8035241828 ], [ -83.7261859136, 42.8032847251 ], [ -83.7268219532, 42.8024127563 ], [ -83.7269312898, 42.8022820658 ], [ -83.7270213832, 42.8021579817 ], [ -83.7271504816, 42.802006706 ], [ -83.7273249585, 42.8019122988 ], [ -83.7274414504, 42.8018447007 ], [ -83.7275756267, 42.8018124305 ], [ -83.7277664927, 42.8017882955 ], [ -83.727994286, 42.8017928814 ], [ -83.7281920491, 42.8018388292 ], [ -83.7283707114, 42.8019203495 ], [ -83.7285087926, 42.8020060741 ], [ -83.7285995583, 42.8021198104 ], [ -83.7286615906, 42.8022399634 ], [ -83.7287038609, 42.8023807016 ], [ -83.7287064847, 42.8025185735 ], [ -83.7286579799, 42.802705997 ] ] } },
{ "type": "Feature", "properties": { "PR": "1519802", "Aadt": 4487, "AadtCommercial": 127, "FacilityType": 2, "Year": "2024", "LocationId": "25-5346" }, "geometry": { "type": "LineString", "coordinates": [ [ -83.6299232403, 42.9237691497 ], [ -83.6301382188, 42.9241417071 ], [ -83.630239482, 42.9242716598 ], [ -83.6306852034, 42.9245722162 ], [ -83.6315595919, 42.9251507593 ], [ -83.6323678796, 42.9257216331 ] ] } },
{ "type": "Feature", "properties": { "PR": "1498409", "Aadt": 17639, "AadtCommercial": 477, "FacilityType": 2, "Year": "2024", "LocationId": "25-7005" }, "geometry": { "type": "LineString", "coordinates": [ [ -83.6348308423, 43.0187335477 ], [ -83.6348598843, 43.0195063812 ], [ -83.6348763567, 43.0202102072 ], [ -83.6348979035, 43.020931466 ], [ -83.6349443085, 43.0220790684 ], [ -83.6349412871, 43.0224319954 ], [ -83.6349833203, 43.0231609575 ], [ -83.635010971, 43.0244901132 ], [ -83.6350504376, 43.0256732494 ], [ -83.6350703091, 43.0260043253 ], [ -83.6350889749, 43.026101182 ], [ -83.6350757274, 43.0268496565 ], [ -83.6351384957, 43.0284714309 ], [ -83.6351999249, 43.0296057175 ], [ -83.6352422173, 43.0303520528 ], [ -83.6352776032, 43.0310173689 ], [ -83.6352945131, 43.0317244933 ], [ -83.6353379491, 43.0324646725 ], [ -83.6353518952, 43.0332304363 ] ] } },
{ "type": "Feature", "properties": { "PR": "3251558", "Aadt": 10751, "AadtCommercial": 290, "FacilityType": 2, "Year": "2024", "LocationId": "25-5224" }, "geometry": { "type": "LineString", "coordinates": [ [ -83.7711358307, 42.9433741492 ], [ -83.7712120512, 42.9462527365 ], [ -83.7712775127, 42.9494916478 ], [ -83.7714546188, 42.9531790413 ], [ -83.7715915611, 42.9582149233 ] ] } },
{ "type": "Feature", "properties": { "PR": "1499502", "Aadt": 4408, "AadtCommercial": 123, "FacilityType": 2, "Year": "2024", "LocationId": "25-6777" }, "geometry": { "type": "LineString", "coordinates": [ [ -83.7063037396, 43.0756031564 ], [ -83.7063068845, 43.07641227 ], [ -83.7063006319, 43.0772022082 ], [ -83.7063078245, 43.0779947571 ], [ -83.7062987662, 43.0788029735 ], [ -83.706321106, 43.0805967821 ], [ -83.7063059805, 43.0814688996 ], [ -83.7063321857, 43.0822921295 ], [ -83.7063458941, 43.0831308885 ], [ -83.7063414081, 43.0841059914 ], [ -83.7063485322, 43.0849297161 ], [ -83.7063680193, 43.0857477774 ], [ -83.7063864901, 43.0873694619 ], [ -83.7063687691, 43.0887866203 ], [ -83.7063805971, 43.0894988 ], [ -83.7064249736, 43.090245281 ] ] } },
{ "type": "Feature", "properties": { "PR": "1495301", "Aadt": 4269, "AadtCommercial": 123, "FacilityType": 2, "Year": "2024", "LocationId": "25-7105" }, "geometry": { "type": "LineString", "coordinates": [ [ -83.4977311164, 43.0178175314 ], [ -83.4977156768, 43.0178340377 ], [ -83.4977029461, 43.0178491201 ], [ -83.4976937306, 43.0178647604 ], [ -83.4976878848, 43.0178820839 ], [ -83.4976854935, 43.0178991387 ], [ -83.4976867167, 43.0179168147 ], [ -83.4976911612, 43.0179359906 ], [ -83.4976983873, 43.0179537082 ], [ -83.4977105527, 43.0179702151 ], [ -83.4977228385, 43.0179830412 ], [ -83.4977392851, 43.0179967259 ], [ -83.497755652, 43.0180109204 ], [ -83.4977683961, 43.0180244539 ], [ -83.4977791892, 43.0180392514 ], [ -83.4977868251, 43.0180565537 ], [ -83.4977915068, 43.0180747376 ], [ -83.4977954099, 43.018094633 ], [ -83.4977986803, 43.018117442 ], [ -83.4978216676, 43.0182928226 ], [ -83.4978260345, 43.0183150902 ], [ -83.4978328437, 43.0183386918 ], [ -83.4978425147, 43.0183634295 ], [ -83.4978538448, 43.0183859084 ], [ -83.4978700289, 43.0184132699 ], [ -83.4978894833, 43.0186690793 ], [ -83.4979067165, 43.0189353136 ], [ -83.4979238681, 43.019285704 ], [ -83.4980244323, 43.0221359764 ], [ -83.4981290982, 43.024862198 ], [ -83.4981723116, 43.0259877276 ], [ -83.49826241, 43.0282994184 ], [ -83.4982795943, 43.0314763571 ], [ -83.4982713981, 43.0319667467 ], [ -83.4982696183, 43.0352078663 ] ] } },
{ "type": "Feature", "properties": { "PR": "0760207", "Aadt": 802, "AadtCommercial": 24, "FacilityType": 2, "Year": "2024", "LocationId": "44-5075" }, "geometry": { "type": "LineString", "coordinates": [ [ -83.4127205048, 43.1535762525 ], [ -83.4123942587, 43.1538439076 ], [ -83.4120925584, 43.1541091885 ], [ -83.4119507411, 43.1542273033 ], [ -83.4116859129, 43.1544208216 ], [ -83.4110991672, 43.1548754415 ], [ -83.4103186105, 43.1554899111 ] ] } },
{ "type": "Feature", "properties": { "PR": "1503101", "Aadt": 5457, "AadtCommercial": 151, "FacilityType": 2, "Year": "2024", "LocationId": "25-5313" }, "geometry": { "type": "LineString", "coordinates": [ [ -83.7317363001, 42.9438822965 ], [ -83.7319314866, 42.9478014282 ] ] } },
{ "type": "Feature", "properties": { "PR": "1495101", "Aadt": 3026, "AadtCommercial": 84, "FacilityType": 2, "Year": "2024", "LocationId": "25-6993" }, "geometry": { "type": "LineString", "coordinates": [ [ -83.6453646535, 43.0330489228 ], [ -83.6453671351, 43.0337912804 ], [ -83.6453431053, 43.034500429 ], [ -83.6453686386, 43.0352163347 ], [ -83.6453889629, 43.0359141384 ], [ -83.6454128558, 43.0366328868 ], [ -83.6454245055, 43.0374362878 ], [ -83.6454256431, 43.0382204731 ], [ -83.6454572133, 43.0390045182 ], [ -83.6454600486, 43.0397968889 ], [ -83.6454605719, 43.0405923605 ], [ -83.6454633555, 43.0415847074 ], [ -83.6455106956, 43.0428042821 ], [ -83.6454943236, 43.0435798897 ], [ -83.6454831624, 43.0442892745 ], [ -83.6454958588, 43.0450032737 ], [ -83.6455067227, 43.0456243132 ], [ -83.6455286243, 43.0457522122 ], [ -83.6456498786, 43.0464603397 ], [ -83.6456647786, 43.0471875692 ], [ -83.645671951, 43.0482432451 ], [ -83.645690324, 43.0492609761 ], [ -83.6457478281, 43.0507743111 ], [ -83.645630692, 43.0509218678 ] ] } },
{ "type": "Feature", "properties": { "PR": "1510803", "Aadt": 15082, "AadtCommercial": 422, "FacilityType": 2, "Year": "2024", "LocationId": "25-5310" }, "geometry": { "type": "LineString", "coordinates": [ [ -83.6920982903, 42.9442129201 ], [ -83.6920843858, 42.944455972 ], [ -83.6920989049, 42.945950722 ], [ -83.6921228302, 42.9473262062 ], [ -83.6921611479, 42.9480225707 ], [ -83.6921672191, 42.9487316673 ], [ -83.6922268992, 42.9501678925 ], [ -83.6922587574, 42.9508864564 ], [ -83.6922877092, 42.9514396098 ], [ -83.6923060304, 42.9515501264 ], [ -83.6923246738, 42.9525243452 ], [ -83.6923818911, 42.954401467 ], [ -83.6924042135, 42.9555258155 ], [ -83.6924488237, 42.9572314626 ], [ -83.6924575643, 42.9574942863 ], [ -83.6925218874, 42.9594147773 ], [ -83.692511471, 42.9595868959 ] ] } },
{ "type": "Feature", "properties": { "PR": "1497903", "Aadt": 45756, "AadtCommercial": 2242, "FacilityType": 2, "Year": "2024", "LocationId": "25-4094" }, "geometry": { "type": "LineString", "coordinates": [ [ -83.679376057, 43.010469602 ], [ -83.6793961252, 43.0105425502 ], [ -83.6794767423, 43.0107922305 ], [ -83.6795746564, 43.0109101789 ], [ -83.6799452264, 43.0115473472 ], [ -83.680217083, 43.0119607091 ], [ -83.6817250675, 43.0140685937 ], [ -83.6822634459, 43.0149213509 ], [ -83.6823449811, 43.0150499221 ], [ -83.6834079837, 43.0164595296 ], [ -83.6835174408, 43.0166153359 ], [ -83.68390425, 43.0171956423 ], [ -83.6841563885, 43.017595507 ], [ -83.6844608471, 43.0181584657 ], [ -83.6845916211, 43.0185882098 ], [ -83.6846620277, 43.0190918079 ], [ -83.6846845153, 43.01950995 ], [ -83.6846283753, 43.0199723203 ], [ -83.6845613858, 43.0202254682 ], [ -83.6845098771, 43.0204027508 ], [ -83.6844314285, 43.0205471671 ], [ -83.6840818274, 43.021241732 ], [ -83.6835432019, 43.0219357176 ], [ -83.6834501183, 43.022039034 ], [ -83.6830125648, 43.0225246875 ], [ -83.6817345909, 43.0240941796 ], [ -83.6811642758, 43.0249011212 ], [ -83.6807964578, 43.0255335228 ] ] } },
{ "type": "Feature", "properties": { "PR": "1844408", "Aadt": 3352, "AadtCommercial": null, "FacilityType": 4, "Year": "2024", "LocationId": "25-4133" }, "geometry": { "type": "LineString", "coordinates": [ [ -83.6834232365, 43.0707358891 ], [ -83.6832809965, 43.0711165484 ], [ -83.683074032, 43.072254589 ], [ -83.682666974, 43.0743287924 ] ] } },
{ "type": "Feature", "properties": { "PR": "1505403", "Aadt": 9018, "AadtCommercial": 243, "FacilityType": 2, "Year": "2024", "LocationId": "25-6783" }, "geometry": { "type": "LineString", "coordinates": [ [ -83.7333674918, 43.0606404317 ], [ -83.7334283701, 43.0614727127 ], [ -83.7334101972, 43.0622751621 ], [ -83.7334145593, 43.0631006333 ], [ -83.7334136284, 43.0639159935 ], [ -83.7333648346, 43.065474142 ], [ -83.7333914006, 43.0673921247 ], [ -83.7334048065, 43.069043719 ], [ -83.7334389291, 43.0729203243 ], [ -83.7334233423, 43.0750877294 ] ] } },
{ "type": "Feature", "properties": { "PR": "1497409", "Aadt": 11518, "AadtCommercial": 312, "FacilityType": 2, "Year": "2024", "LocationId": "25-5457" }, "geometry": { "type": "LineString", "coordinates": [ [ -83.6353518952, 43.0332304363 ], [ -83.6324193907, 43.033186544 ], [ -83.6303555731, 43.0331446298 ], [ -83.6290955405, 43.0331544851 ], [ -83.6254817192, 43.0331342348 ], [ -83.6229720371, 43.0331011836 ], [ -83.6213071386, 43.0330768589 ], [ -83.6154035832, 43.0330466265 ] ] } },
{ "type": "Feature", "properties": { "PR": "0755010", "Aadt": 1738, "AadtCommercial": 51, "FacilityType": 2, "Year": "2024", "LocationId": "44-5054" }, "geometry": { "type": "LineString", "coordinates": [ [ -83.4101733617, 43.0258058453 ], [ -83.4066657747, 43.0271510435 ], [ -83.4045982996, 43.0279613761 ], [ -83.4020658457, 43.028947463 ], [ -83.4004313542, 43.0295749213 ], [ -83.3953726615, 43.0314879451 ], [ -83.3917059249, 43.0329046089 ], [ -83.38759238, 43.0344804524 ], [ -83.3811351081, 43.0369351923 ] ] } },
{ "type": "Feature", "properties": { "PR": "1503103", "Aadt": 2292, "AadtCommercial": null, "FacilityType": 4, "Year": "2024", "LocationId": "25-1206" }, "geometry": { "type": "LineString", "coordinates": [ [ -83.6811972101, 42.9388319627 ], [ -83.6811154113, 42.9398890138 ], [ -83.6810836014, 42.9401203398 ], [ -83.6810582883, 42.9402672233 ], [ -83.6809803348, 42.9406512372 ], [ -83.6808817527, 42.9409225371 ], [ -83.6806714878, 42.9413119941 ], [ -83.6805109526, 42.9415542277 ], [ -83.6803014191, 42.9417583959 ], [ -83.6792567189, 42.9427005367 ], [ -83.6790730832, 42.9428867038 ], [ -83.6789531591, 42.9430556478 ], [ -83.6789106016, 42.9431798548 ], [ -83.67883531, 42.9433358162 ], [ -83.6788249606, 42.9434421538 ], [ -83.6788173921, 42.9436411991 ], [ -83.6788134719, 42.9440837251 ] ] } },
{ "type": "Feature", "properties": { "PR": "1497804", "Aadt": 59964, "AadtCommercial": 4137, "FacilityType": 2, "Year": "2024", "LocationId": "25-0116" }, "geometry": { "type": "LineString", "coordinates": [ [ -83.6497929688, 42.906808131 ], [ -83.6508277646, 42.9076321209 ], [ -83.6511719184, 42.9078448247 ], [ -83.6515494466, 42.908062331 ], [ -83.6522738215, 42.9084227049 ], [ -83.6527696549, 42.9086179975 ], [ -83.6533659206, 42.9088194837 ], [ -83.6547283198, 42.9091684154 ], [ -83.6557531588, 42.9094239995 ], [ -83.6598747994, 42.9104508166 ], [ -83.6614316078, 42.9108365794 ], [ -83.6648728058, 42.9116723625 ], [ -83.6666567662, 42.9121161887 ], [ -83.6674202991, 42.912333385 ], [ -83.6681934449, 42.9125918859 ], [ -83.6684852894, 42.9127013924 ], [ -83.6686455949, 42.9127615415 ], [ -83.669444031, 42.9130904432 ], [ -83.6699660192, 42.9133355314 ], [ -83.6706017717, 42.9136775153 ], [ -83.6710557657, 42.9139458635 ], [ -83.6729093357, 42.9151204549 ], [ -83.6751573118, 42.9165883543 ], [ -83.6757476527, 42.9170516951 ], [ -83.6761977882, 42.9174227192 ], [ -83.6763879348, 42.9175705133 ], [ -83.6767927385, 42.9179570465 ], [ -83.6775107515, 42.9187857825 ], [ -83.67797922, 42.9193713995 ] ] } },
{ "type": "Feature", "properties": { "PR": "0651802", "Aadt": 8876, "AadtCommercial": 249, "FacilityType": 2, "Year": "2024", "LocationId": "63-5163" }, "geometry": { "type": "LineString", "coordinates": [ [ -83.5093527375, 42.789038077 ], [ -83.5110643457, 42.7901998812 ], [ -83.5130618077, 42.7914837237 ], [ -83.5149051886, 42.792665966 ], [ -83.5185169586, 42.7949482466 ], [ -83.5240281651, 42.7984375371 ], [ -83.5252010799, 42.7991100137 ], [ -83.5258740461, 42.7994577471 ], [ -83.5268385606, 42.7999079142 ], [ -83.5277136851, 42.8002568582 ], [ -83.5293250137, 42.8008141534 ] ] } },
{ "type": "Feature", "properties": { "PR": "1523901", "Aadt": 4219, "AadtCommercial": 122, "FacilityType": 2, "Year": "2024", "LocationId": "25-5460" }, "geometry": { "type": "LineString", "coordinates": [ [ -83.8136897927, 43.1181259138 ], [ -83.8137196303, 43.1199036809 ], [ -83.8137104801, 43.1218610983 ], [ -83.8137186676, 43.125254962 ], [ -83.8137098925, 43.1255850334 ], [ -83.8137229738, 43.1264293199 ], [ -83.8137764137, 43.1335045572 ], [ -83.8138012366, 43.1389150194 ], [ -83.8138654204, 43.1482242504 ] ] } },
{ "type": "Feature", "properties": { "PR": "3250619", "Aadt": 1451, "AadtCommercial": 40, "FacilityType": 2, "Year": "2024", "LocationId": "25-0610" }, "geometry": { "type": "LineString", "coordinates": [ [ -83.6850742952, 43.0831729256 ], [ -83.6852444357, 43.0835107317 ], [ -83.6855286925, 43.0841433169 ], [ -83.6856610289, 43.0845520561 ], [ -83.6858054059, 43.0848564696 ], [ -83.685823396, 43.0851893527 ], [ -83.6858213947, 43.085588566 ], [ -83.6858725733, 43.0866065203 ], [ -83.6858829664, 43.0874991496 ], [ -83.6859444722, 43.0886034612 ], [ -83.6859673518, 43.089396521 ], [ -83.6860023514, 43.0903341644 ] ] } },
{ "type": "Feature", "properties": { "PR": "1503207", "Aadt": 2497, "AadtCommercial": null, "FacilityType": 4, "Year": "2024", "LocationId": "25-0578" }, "geometry": { "type": "LineString", "coordinates": [ [ -83.6031277704, 42.8758479496 ], [ -83.6024149207, 42.8755493163 ], [ -83.6023642964, 42.8755239697 ], [ -83.6023136786, 42.875498616 ], [ -83.6022630609, 42.8754732614 ], [ -83.6022124368, 42.8754479147 ], [ -83.6021617999, 42.875422583 ], [ -83.602111145, 42.8753972753 ], [ -83.6020604656, 42.8753719967 ], [ -83.6020097542, 42.8753467571 ], [ -83.6019590055, 42.8753215635 ], [ -83.6019082131, 42.875296423 ], [ -83.6018573705, 42.8752713445 ], [ -83.6018064715, 42.8752463341 ], [ -83.6017555106, 42.8752214008 ], [ -83.6017044804, 42.8751965506 ], [ -83.6016533755, 42.8751717935 ], [ -83.6016021897, 42.8751471345 ], [ -83.6015509152, 42.8751225836 ], [ -83.601499548, 42.8750981469 ], [ -83.6014480805, 42.8750738333 ], [ -83.6013965064, 42.8750496489 ], [ -83.6013445342, 42.8750259001 ], [ -83.6012919131, 42.8750028663 ], [ -83.6012387095, 42.8749805075 ], [ -83.6011849862, 42.8749587844 ], [ -83.6011308109, 42.8749376562 ], [ -83.6010762488, 42.8749170846 ], [ -83.6010213641, 42.8748970276 ], [ -83.6009662243, 42.8748774463 ], [ -83.6009108936, 42.8748583005 ], [ -83.6008552587, 42.8748395725 ], [ -83.6007992276, 42.8748213298 ], [ -83.600742803, 42.8748036561 ], [ -83.600685989, 42.874786638 ], [ -83.6006287921, 42.8747703595 ], [ -83.6005712149, 42.874754907 ], [ -83.6005132616, 42.8747403645 ], [ -83.6004549385, 42.8747268186 ], [ -83.600396365, 42.8747139429 ], [ -83.6003376698, 42.8747013295 ], [ -83.6002788622, 42.8746889586 ], [ -83.6002199515, 42.8746768135 ], [ -83.6001609456, 42.8746648762 ], [ -83.6001018553, 42.8746531271 ], [ -83.6000426884, 42.8746415494 ], [ -83.5999834544, 42.8746301243 ], [ -83.5999241636, 42.874618833 ], [ -83.5998648242, 42.8746076587 ], [ -83.5998054442, 42.8745965826 ], [ -83.5997460354, 42.874585586 ], [ -83.5996866046, 42.874574652 ], [ -83.5996271623, 42.8745637609 ], [ -83.5995677178, 42.8745528959 ], [ -83.5995082791, 42.8745420391 ], [ -83.5994488556, 42.87453117 ], [ -83.5993894564, 42.8745202734 ], [ -83.5993299995, 42.874509572 ], [ -83.5992703249, 42.8744994838 ], [ -83.5992104865, 42.8744898579 ], [ -83.5991505472, 42.8744805244 ], [ -83.5990905675, 42.8744713162 ], [ -83.5990306116, 42.8744620633 ], [ -83.5989707388, 42.8744525969 ], [ -83.5989110121, 42.8744427471 ], [ -83.5988514945, 42.8744323459 ], [ -83.5987922465, 42.8744212243 ], [ -83.5987333019, 42.8744092678 ], [ -83.5986745421, 42.8743966927 ], [ -83.5986159609, 42.8743835628 ], [ -83.5985575709, 42.8743698991 ], [ -83.5984993909, 42.8743557237 ], [ -83.5984414334, 42.8743410584 ], [ -83.5983837149, 42.8743259225 ], [ -83.5983262516, 42.8743103399 ], [ -83.5982690573, 42.8742943313 ], [ -83.5982121439, 42.8742778765 ], [ -83.5981555007, 42.874260841 ], [ -83.5980991309, 42.874243241 ], [ -83.598043039, 42.8742251127 ], [ -83.5979872311, 42.8742064896 ], [ -83.5979317107, 42.8741874077 ], [ -83.5978764838, 42.8741679023 ], [ -83.5978215564, 42.8741480068 ], [ -83.5977669425, 42.8741277406 ], [ -83.597712817, 42.8741067937 ], [ -83.5976591629, 42.8740851668 ], [ -83.5976058661, 42.8740630196 ], [ -83.597552816, 42.8740405146 ], [ -83.5974999011, 42.8740178142 ], [ -83.5974470108, 42.8739950801 ], [ -83.5973439871, 42.8739514576 ], [ -83.5970919352, 42.873807881 ], [ -83.5967357285, 42.8735750751 ], [ -83.5966878943, 42.8735392896 ], [ -83.5965271779, 42.8734089505 ], [ -83.5960646745, 42.8729177529 ], [ -83.5957419667, 42.8724088527 ], [ -83.5953063176, 42.8715874754 ], [ -83.5950334294, 42.8711831876 ], [ -83.5946879713, 42.8708036867 ], [ -83.5943508549, 42.8705156451 ], [ -83.5940433111, 42.8703237486 ], [ -83.5933727513, 42.8699564765 ] ] } },
{ "type": "Feature", "properties": { "PR": "1495307", "Aadt": 953, "AadtCommercial": null, "FacilityType": 4, "Year": "2024", "LocationId": "25-4497" }, "geometry": { "type": "LineString", "coordinates": [ [ -83.7658104181, 42.9728528387 ], [ -83.7662457693, 42.9729917842 ], [ -83.7663595259, 42.9730608587 ], [ -83.766472466, 42.9731521924 ], [ -83.7665892362, 42.9732770153 ], [ -83.7666610795, 42.9733861004 ], [ -83.7667129857, 42.9734873666 ], [ -83.7667291179, 42.9735990634 ], [ -83.7667294144, 42.9737290107 ], [ -83.7666744067, 42.9738504406 ], [ -83.7666191259, 42.9739792903 ], [ -83.7664891467, 42.9740769638 ], [ -83.7664005383, 42.9741494659 ], [ -83.7662715111, 42.9742211695 ], [ -83.7661536745, 42.9742633925 ], [ -83.7660317376, 42.9742795468 ], [ -83.7658945072, 42.9742991109 ], [ -83.7657277783, 42.9742958166 ], [ -83.765506697, 42.9742580343 ], [ -83.76534228, 42.9741916708 ], [ -83.7651545063, 42.9740728684 ], [ -83.7650472981, 42.9739630834 ], [ -83.7649765438, 42.9738243182 ], [ -83.7649415657, 42.9736751219 ], [ -83.7649681187, 42.9735068202 ], [ -83.7650026176, 42.9734323336 ], [ -83.7650475092, 42.9733632373 ], [ -83.7651176621, 42.9732790873 ], [ -83.7653726479, 42.973029425 ] ] } },
{ "type": "Feature", "properties": { "PR": "1505403", "Aadt": 9654, "AadtCommercial": 200, "FacilityType": 2, "Year": "2024", "LocationId": "25-5599" }, "geometry": { "type": "LineString", "coordinates": [ [ -83.7321818093, 43.0385033526 ], [ -83.7323127574, 43.0386753689 ], [ -83.7323720494, 43.0388557063 ], [ -83.7324095712, 43.0390888689 ], [ -83.7324128731, 43.0395332176 ], [ -83.7324882437, 43.041989787 ], [ -83.7325972771, 43.045854973 ], [ -83.7326051109, 43.0462171778 ], [ -83.7326319624, 43.0483050979 ], [ -83.7326490177, 43.0504012024 ], [ -83.7326544011, 43.0525115034 ], [ -83.7326844838, 43.0538231088 ], [ -83.7328061087, 43.0548747032 ], [ -83.7329865586, 43.0566766604 ], [ -83.7330396609, 43.0570366244 ], [ -83.7331010246, 43.0574525876 ], [ -83.7331519031, 43.0579846455 ], [ -83.7333674918, 43.0606404317 ] ] } },
{ "type": "Feature", "properties": { "PR": "1494503", "Aadt": 16507, "AadtCommercial": 496, "FacilityType": 2, "Year": "2024", "LocationId": "25-0075" }, "geometry": { "type": "LineString", "coordinates": [ [ -83.7540935017, 43.1773998115 ], [ -83.7525899517, 43.1774213861 ], [ -83.7520418618, 43.1774310687 ], [ -83.7517752138, 43.1774257773 ], [ -83.7507396795, 43.1774915411 ], [ -83.7497967225, 43.1774812243 ], [ -83.7484507672, 43.1774614819 ], [ -83.7480148464, 43.1774579721 ], [ -83.7461542167, 43.1774505687 ], [ -83.7448222919, 43.1774318222 ], [ -83.7446555246, 43.1774324533 ], [ -83.7407110737, 43.1774285293 ], [ -83.7398589738, 43.1774266405 ], [ -83.7378974496, 43.1774065014 ], [ -83.7375375604, 43.1774037546 ], [ -83.7369836546, 43.1773971074 ], [ -83.7366800143, 43.177385229 ], [ -83.7345819995, 43.1773795138 ] ] } },
{ "type": "Feature", "properties": { "PR": "1494003", "Aadt": 3724, "AadtCommercial": null, "FacilityType": 4, "Year": "2024", "LocationId": "25-0413" }, "geometry": { "type": "LineString", "coordinates": [ [ -83.9288540109, 42.9617080193 ], [ -83.9287690348, 42.9619249323 ], [ -83.9286965377, 42.9621758807 ], [ -83.928633067, 42.9622957653 ], [ -83.9285354517, 42.9624158901 ], [ -83.9283340492, 42.9625565983 ], [ -83.9280494455, 42.9626659824 ], [ -83.9271184554, 42.9626563057 ], [ -83.9269704741, 42.9626857284 ], [ -83.9268081226, 42.9627379097 ], [ -83.9266174945, 42.9628219072 ], [ -83.9265047085, 42.9629016282 ], [ -83.9263445887, 42.9630403968 ], [ -83.9261926848, 42.9632040438 ], [ -83.9260452824, 42.963336034 ], [ -83.925844944, 42.9635647384 ], [ -83.925609219, 42.9637761771 ], [ -83.9252162072, 42.9640237205 ], [ -83.9249455866, 42.9641237086 ], [ -83.9245243291, 42.9641980321 ] ] } },
{ "type": "Feature", "properties": { "PR": "1505805", "Aadt": 3439, "AadtCommercial": 95, "FacilityType": 2, "Year": "2024", "LocationId": "25-6772" }, "geometry": { "type": "LineString", "coordinates": [ [ -83.753675131, 43.09002212 ], [ -83.7509757531, 43.0900272997 ], [ -83.7499609271, 43.090008061 ], [ -83.7487952597, 43.0900326029 ], [ -83.7439054386, 43.0899990948 ], [ -83.7383707913, 43.0897710511 ], [ -83.7337109363, 43.0895373802 ] ] } },
{ "type": "Feature", "properties": { "PR": "0481406", "Aadt": 5365, "AadtCommercial": 358, "FacilityType": 2, "Year": "2024", "LocationId": "73-0064" }, "geometry": { "type": "LineString", "coordinates": [ [ -83.9306285311, 43.1760985484 ], [ -83.9309567183, 43.1868136593 ], [ -83.9310465998, 43.1905339775 ], [ -83.9310686104, 43.1911472201 ], [ -83.9311751161, 43.1945931898 ], [ -83.9312949141, 43.1982168144 ], [ -83.9314867725, 43.2042441071 ], [ -83.931503115, 43.2047700394 ], [ -83.931508152, 43.2048896014 ], [ -83.9317118582, 43.2104530942 ], [ -83.9320644723, 43.2203788826 ], [ -83.9321279732, 43.2244212849 ], [ -83.9321431203, 43.2258157717 ], [ -83.9321869493, 43.2296859765 ], [ -83.9321953924, 43.2303443807 ], [ -83.9322039431, 43.2311291994 ], [ -83.9322454785, 43.2347493325 ], [ -83.9322643425, 43.2358338259 ], [ -83.9322667426, 43.2360842863 ], [ -83.9323103453, 43.2395428102 ], [ -83.9323287722, 43.2417013249 ], [ -83.9323269792, 43.243507957 ], [ -83.9323420072, 43.2440102778 ], [ -83.932381166, 43.244413178 ] ] } },
{ "type": "Feature", "properties": { "PR": "1525106", "Aadt": 1118, "AadtCommercial": 31, "FacilityType": 1, "Year": "2024", "LocationId": "25-6702" }, "geometry": { "type": "LineString", "coordinates": [ [ -83.6943328259, 43.0183699814 ], [ -83.6947193383, 43.0188855065 ], [ -83.6953845919, 43.0196595613 ], [ -83.6961568515, 43.0205662774 ], [ -83.6969387829, 43.0214919986 ], [ -83.6976933746, 43.0223998716 ], [ -83.6993363464, 43.0243496584 ], [ -83.7007742353, 43.0260794994 ], [ -83.7015365568, 43.0269783732 ], [ -83.7023103537, 43.0278815272 ], [ -83.7030992265, 43.0288155056 ], [ -83.7044796652, 43.0304059192 ], [ -83.7045687773, 43.0305157168 ], [ -83.7045949648, 43.0305528047 ], [ -83.7046264183, 43.030600816 ], [ -83.7046511821, 43.0306444363 ], [ -83.7046745018, 43.0306926565 ], [ -83.7046946952, 43.0307446632 ], [ -83.7047475588, 43.0309013186 ] ] } },
{ "type": "Feature", "properties": { "PR": "1503101", "Aadt": 3983, "AadtCommercial": 112, "FacilityType": 2, "Year": "2024", "LocationId": "25-5317" }, "geometry": { "type": "LineString", "coordinates": [ [ -83.7321755334, 42.9589099305 ], [ -83.7320677479, 42.9599761824 ], [ -83.7320807797, 42.9605791923 ], [ -83.7320646826, 42.9610158767 ], [ -83.732090864, 42.9615706165 ], [ -83.732071561, 42.9620524508 ], [ -83.7320770824, 42.9621601646 ], [ -83.7320940133, 42.9624298696 ], [ -83.7321690156, 42.9641084108 ], [ -83.7321763046, 42.9643614089 ], [ -83.7321763364, 42.9651249377 ], [ -83.7322359767, 42.965821673 ], [ -83.732221294, 42.9662003059 ], [ -83.7322123667, 42.9663680603 ], [ -83.732169819, 42.966528415 ], [ -83.7320988009, 42.966634463 ], [ -83.7319888961, 42.9668024233 ], [ -83.7318567799, 42.9669117234 ], [ -83.7316747553, 42.9670513689 ], [ -83.7314996538, 42.9671687619 ], [ -83.731271211, 42.9672447832 ], [ -83.7310004491, 42.9673109982 ], [ -83.7307007193, 42.967336329 ], [ -83.727436717, 42.9673827284 ], [ -83.7272710342, 42.9674107442 ], [ -83.727135318, 42.9674527965 ], [ -83.7269501889, 42.9675117676 ], [ -83.7267398526, 42.9675926217 ], [ -83.7266275067, 42.9676620111 ], [ -83.7265461267, 42.9677185895 ], [ -83.726402148, 42.9678186894 ], [ -83.7263471614, 42.9678809743 ], [ -83.7262375008, 42.9680620352 ], [ -83.7261681832, 42.9682018719 ], [ -83.7261237098, 42.9684275356 ], [ -83.7261154946, 42.9688628317 ], [ -83.7261414427, 42.9691340456 ], [ -83.7261786869, 42.9693172182 ], [ -83.7262328237, 42.969477191 ], [ -83.7263081839, 42.9696052259 ], [ -83.7264075427, 42.9698167386 ], [ -83.726648862, 42.9700426046 ], [ -83.7268898328, 42.9702778674 ], [ -83.7282260943, 42.971193478 ], [ -83.7284928459, 42.971424553 ], [ -83.7286420008, 42.9715943492 ], [ -83.7288117652, 42.9718024499 ], [ -83.7289512425, 42.9720121571 ], [ -83.7290404032, 42.9721973422 ], [ -83.7291274648, 42.9724389141 ], [ -83.7292129523, 42.9727227752 ], [ -83.7292465476, 42.9730244045 ], [ -83.7292171719, 42.9732418263 ], [ -83.7292147857, 42.9734184124 ] ] } },
{ "type": "Feature", "properties": { "PR": "3251558", "Aadt": 16641, "AadtCommercial": 450, "FacilityType": 2, "Year": "2024", "LocationId": "25-5516" }, "geometry": { "type": "LineString", "coordinates": [ [ -83.7735235391, 43.0313903024 ], [ -83.7735688923, 43.0347412557 ], [ -83.7736513755, 43.0387186547 ], [ -83.7736676625, 43.039126855 ], [ -83.7737100219, 43.0398144968 ] ] } },
{ "type": "Feature", "properties": { "PR": "0474005", "Aadt": 684, "AadtCommercial": 20, "FacilityType": 2, "Year": "2024", "LocationId": "73-5232" }, "geometry": { "type": "LineString", "coordinates": [ [ -83.9739959552, 43.2491845545 ], [ -83.9736751814, 43.2492437237 ], [ -83.9735252574, 43.24929138 ], [ -83.9733568026, 43.2493387043 ], [ -83.9732229556, 43.2493808403 ], [ -83.9730459765, 43.2494454365 ], [ -83.9728416181, 43.2495366496 ], [ -83.9726823245, 43.2496267328 ], [ -83.9725553155, 43.2497019048 ], [ -83.9724440583, 43.2497812308 ], [ -83.9722502855, 43.2499440254 ], [ -83.9721090899, 43.2500858494 ], [ -83.9719897148, 43.2502399055 ], [ -83.9718741839, 43.2504225032 ], [ -83.9717817798, 43.2506273265 ], [ -83.9717229379, 43.2507804034 ], [ -83.9716614461, 43.2510637962 ] ] } },
{ "type": "Feature", "properties": { "PR": "3250181", "Aadt": 3521, "AadtCommercial": 101, "FacilityType": 2, "Year": "2024", "LocationId": "25-0467" }, "geometry": { "type": "LineString", "coordinates": [ [ -83.8317017435, 42.9560005425 ], [ -83.8314276587, 42.9561617448 ], [ -83.8312386207, 42.9563178463 ], [ -83.8310638743, 42.9564542552 ], [ -83.8309159361, 42.9566011626 ], [ -83.8307955174, 42.9567386138 ], [ -83.8307689318, 42.9569128074 ], [ -83.830722666, 42.9571793753 ] ] } },
{ "type": "Feature", "properties": { "PR": "1501408", "Aadt": 5546, "AadtCommercial": 163, "FacilityType": 2, "Year": "2024", "LocationId": "25-5554" }, "geometry": { "type": "LineString", "coordinates": [ [ -83.7528602077, 43.046097953 ], [ -83.7529927434, 43.0522439586 ], [ -83.7530661701, 43.059811607 ], [ -83.753097168, 43.0607272514 ] ] } },
{ "type": "Feature", "properties": { "PR": "1506101", "Aadt": 9551, "AadtCommercial": 146, "FacilityType": 2, "Year": "2024", "LocationId": "25-5578" }, "geometry": { "type": "LineString", "coordinates": [ [ -83.7317350987, 43.0244738524 ], [ -83.7307267008, 43.024205341 ], [ -83.7300071417, 43.0239834081 ], [ -83.7295838965, 43.0238506263 ], [ -83.7295156475, 43.0238314175 ], [ -83.729510033, 43.0238298087 ], [ -83.7292476887, 43.0237546329 ], [ -83.7271610798, 43.0231939564 ], [ -83.7265948168, 43.0230237002 ], [ -83.72403915, 43.0223185261 ], [ -83.7219878877, 43.0217291529 ], [ -83.7219020411, 43.0217044859 ], [ -83.7218649632, 43.0216942271 ], [ -83.7186874528, 43.0208149657 ], [ -83.7171294626, 43.0203818737 ], [ -83.7134340916, 43.0193274414 ], [ -83.713250011, 43.0192855368 ], [ -83.7111521871, 43.0192795595 ], [ -83.7107059482, 43.0192842826 ], [ -83.7099833316, 43.0193264415 ], [ -83.7082595636, 43.0193069242 ] ] } },
{ "type": "Feature", "properties": { "PR": "1495602", "Aadt": 2849, "AadtCommercial": null, "FacilityType": 4, "Year": "2024", "LocationId": "25-0454" }, "geometry": { "type": "LineString", "coordinates": [ [ -83.5099401698, 43.0117897485 ], [ -83.5115652051, 43.0118862581 ], [ -83.512229215, 43.0119708154 ], [ -83.5126765306, 43.0120692701 ], [ -83.5130091468, 43.0121745348 ], [ -83.5132659326, 43.012268805 ], [ -83.5136341887, 43.0124354938 ], [ -83.514031161, 43.012628949 ], [ -83.514986051, 43.0131018635 ], [ -83.5156889613, 43.013436314 ], [ -83.5158237828, 43.0134865341 ], [ -83.5159393352, 43.0135156541 ], [ -83.516133789, 43.0135402089 ], [ -83.5165541748, 43.0135567142 ], [ -83.5174776238, 43.0135359133 ] ] } },
{ "type": "Feature", "properties": { "PR": "0468409", "Aadt": 2167, "AadtCommercial": 63, "FacilityType": 2, "Year": "2024", "LocationId": "73-5247" }, "geometry": { "type": "LineString", "coordinates": [ [ -83.7746657002, 43.2212864667 ], [ -83.7746804877, 43.2214678362 ], [ -83.7747239139, 43.2250300456 ], [ -83.7747716761, 43.2284864964 ], [ -83.7747826605, 43.2320796016 ], [ -83.7748046108, 43.2357447171 ] ] } },
{ "type": "Feature", "properties": { "PR": "1501502", "Aadt": 15183, "AadtCommercial": 426, "FacilityType": 2, "Year": "2024", "LocationId": "25-0016" }, "geometry": { "type": "LineString", "coordinates": [ [ -83.4719711628, 42.8757651702 ], [ -83.4737950473, 42.878077274 ], [ -83.4771619928, 42.8818211319 ], [ -83.4780587475, 42.8828901572 ], [ -83.4786631349, 42.8837834449 ], [ -83.4798003086, 42.8855620255 ], [ -83.4806429086, 42.8869240158 ], [ -83.4814445492, 42.8882053914 ], [ -83.4825299692, 42.8899436624 ], [ -83.4828247709, 42.8903970223 ], [ -83.4830165744, 42.8906777687 ], [ -83.4833007366, 42.8910452056 ], [ -83.4835253559, 42.8913150317 ], [ -83.4837591583, 42.8915603987 ], [ -83.484385571, 42.8921463814 ], [ -83.4847620782, 42.892433296 ], [ -83.4852759451, 42.8928346808 ], [ -83.4878129324, 42.8947906906 ], [ -83.4887094667, 42.8954797689 ], [ -83.4891530768, 42.8958347996 ], [ -83.4897422309, 42.8963603108 ], [ -83.4903572455, 42.8969916273 ], [ -83.490809441, 42.8975128725 ], [ -83.4912690514, 42.898056098 ], [ -83.4923040998, 42.8992882014 ], [ -83.4930437006, 42.9001564436 ], [ -83.4938048482, 42.9009877876 ], [ -83.4948077287, 42.9020182082 ], [ -83.495784444, 42.9029450083 ], [ -83.4964556172, 42.9035381692 ], [ -83.4972491802, 42.9042035588 ] ] } },
{ "type": "Feature", "properties": { "PR": "1503203", "Aadt": 3076, "AadtCommercial": null, "FacilityType": 4, "Year": "2024", "LocationId": "25-0089" }, "geometry": { "type": "LineString", "coordinates": [ [ -83.7442612429, 42.9927653092 ], [ -83.7436925654, 42.9923195622 ], [ -83.7436471292, 42.9922825488 ], [ -83.7436062096, 42.9922477693 ], [ -83.7435614112, 42.9922081473 ], [ -83.743522202, 42.9921710193 ], [ -83.7434822032, 42.9921332793 ], [ -83.7434430382, 42.9920949604 ], [ -83.743403217, 42.9920524578 ], [ -83.743368985, 42.9920124503 ], [ -83.7433379301, 42.9919742932 ], [ -83.7433045099, 42.9919343009 ], [ -83.7432727107, 42.9918943418 ], [ -83.7432433223, 42.9918550262 ], [ -83.7432164119, 42.9918145684 ], [ -83.7431904236, 42.99177115 ], [ -83.7431530395, 42.9917066502 ], [ -83.7431158551, 42.991636792 ], [ -83.7430932645, 42.9915892699 ], [ -83.7430723622, 42.9915399953 ], [ -83.7430507818, 42.9914871309 ], [ -83.7430331008, 42.991438516 ], [ -83.7430162769, 42.9913887263 ], [ -83.7429120458, 42.991069068 ], [ -83.7428989463, 42.9910282903 ], [ -83.7428864368, 42.9909934821 ], [ -83.7428715387, 42.9909574345 ], [ -83.7428542288, 42.9909207433 ], [ -83.7428352758, 42.9908846157 ], [ -83.7428131446, 42.9908466366 ], [ -83.7427908799, 42.99081223 ], [ -83.7427662267, 42.9907765831 ], [ -83.7427390966, 42.9907420794 ], [ -83.7427103003, 42.9907087342 ], [ -83.7426798818, 42.9906753565 ], [ -83.7426486307, 42.9906425577 ], [ -83.7426124911, 42.9906102567 ], [ -83.7425714188, 42.9905796453 ], [ -83.7425247575, 42.9905465398 ], [ -83.7424788627, 42.9905146403 ], [ -83.7424345032, 42.990485155 ], [ -83.7423845095, 42.9904543654 ], [ -83.7415706261, 42.9899888581 ], [ -83.7415173889, 42.9899580034 ], [ -83.7414713185, 42.989930867 ], [ -83.7414236935, 42.9899019114 ], [ -83.7413785011, 42.9898730053 ], [ -83.7413389417, 42.9898454026 ], [ -83.7412994486, 42.989816014 ], [ -83.74126081, 42.9897854507 ], [ -83.7412253938, 42.9897555471 ], [ -83.7411885774, 42.9897196578 ], [ -83.7411503361, 42.9896783777 ], [ -83.74045529, 42.9888565778 ] ] } },
{ "type": "Feature", "properties": { "PR": "1494605", "Aadt": 754, "AadtCommercial": null, "FacilityType": 4, "Year": "2024", "LocationId": "25-9630" }, "geometry": { "type": "LineString", "coordinates": [ [ -83.8297738868, 42.9652477818 ], [ -83.8290153347, 42.9651710536 ], [ -83.8288164369, 42.9651268968 ], [ -83.8286048948, 42.9650522441 ], [ -83.8284065552, 42.9649153237 ], [ -83.8283015237, 42.964780197 ], [ -83.8282320958, 42.9646477702 ], [ -83.828225268, 42.9644540263 ], [ -83.8282759259, 42.9642654198 ], [ -83.8283574326, 42.9641358934 ], [ -83.828527904, 42.963975808 ], [ -83.8287702434, 42.9638796241 ], [ -83.8289728699, 42.963818979 ], [ -83.8292039605, 42.9638072843 ], [ -83.8295142753, 42.9638071941 ], [ -83.8299071327, 42.9638026376 ], [ -83.8301676928, 42.9638116744 ], [ -83.8304393007, 42.9638189058 ], [ -83.830755841, 42.9638422204 ] ] } },
{ "type": "Feature", "properties": { "PR": "1515606", "Aadt": 1543, "AadtCommercial": 47, "FacilityType": 2, "Year": "2024", "LocationId": "25-7049" }, "geometry": { "type": "LineString", "coordinates": [ [ -83.7366357349, 43.1846199266 ], [ -83.7346487509, 43.1846117286 ] ] } },
{ "type": "Feature", "properties": { "PR": "1858802", "Aadt": 2855, "AadtCommercial": 81, "FacilityType": 2, "Year": "2024", "LocationId": "25-5595" }, "geometry": { "type": "LineString", "coordinates": [ [ -83.692290183, 43.0202563504 ], [ -83.6924003826, 43.0204816068 ], [ -83.6924568339, 43.0206165327 ], [ -83.6925469346, 43.0207695166 ], [ -83.6927157596, 43.0209473234 ] ] } },
{ "type": "Feature", "properties": { "PR": "1495404", "Aadt": 5621, "AadtCommercial": null, "FacilityType": 4, "Year": "2024", "LocationId": "25-4113" }, "geometry": { "type": "LineString", "coordinates": [ [ -83.6819249978, 43.0121949818 ], [ -83.6820728424, 43.0117889046 ], [ -83.6821957912, 43.0114528739 ], [ -83.6823902289, 43.011047565 ], [ -83.6828919516, 43.0102919444 ] ] } },
{ "type": "Feature", "properties": { "PR": "1495804", "Aadt": 8204, "AadtCommercial": 229, "FacilityType": 2, "Year": "2024", "LocationId": "25-5135" }, "geometry": { "type": "LineString", "coordinates": [ [ -83.7822843497, 42.9873374126 ], [ -83.7823875984, 42.9909618336 ], [ -83.7824597443, 42.9928046934 ], [ -83.782538051, 42.9950661555 ], [ -83.7825288601, 42.9959635668 ], [ -83.7825405351, 42.9964716458 ], [ -83.7825806059, 42.9971005748 ], [ -83.7825833667, 42.9978552174 ], [ -83.7825758105, 42.9992680062 ], [ -83.7826258435, 43.000228207 ], [ -83.7826368804, 43.0019290383 ] ] } },
{ "type": "Feature", "properties": { "PR": "1815206", "Aadt": 1597, "AadtCommercial": 47, "FacilityType": 2, "Year": "2024", "LocationId": "25-5395" }, "geometry": { "type": "LineString", "coordinates": [ [ -83.6127195237, 42.9256311957 ], [ -83.6127443259, 42.9263253502 ], [ -83.6127434234, 42.926519862 ], [ -83.6127093535, 42.9266546142 ], [ -83.6126721727, 42.926721565 ], [ -83.6126048933, 42.92679854 ], [ -83.6125065614, 42.9269277019 ], [ -83.6123680057, 42.9271352798 ], [ -83.6123137262, 42.9272253163 ], [ -83.6122706881, 42.9274606531 ], [ -83.6122440118, 42.9279988946 ], [ -83.6122685763, 42.9286130661 ], [ -83.6122712154, 42.9286790638 ], [ -83.6122733939, 42.928733542 ], [ -83.6123048922, 42.9295210762 ], [ -83.6126729117, 42.9359383398 ] ] } },
{ "type": "Feature", "properties": { "PR": "1520305", "Aadt": 9566, "AadtCommercial": 269, "FacilityType": 2, "Year": "2024", "LocationId": "25-7078" }, "geometry": { "type": "LineString", "coordinates": [ [ -83.6149911029, 43.0105330667 ], [ -83.6150179266, 43.0129616181 ], [ -83.6150649734, 43.0153403208 ], [ -83.6150672186, 43.01662766 ], [ -83.6151048382, 43.0170959306 ], [ -83.6150991235, 43.0176200148 ], [ -83.6150828068, 43.017962065 ], [ -83.6150656984, 43.018715113 ], [ -83.6151410628, 43.0203437761 ], [ -83.6151520939, 43.0222646281 ], [ -83.6152420267, 43.0262151824 ], [ -83.615251241, 43.0272590152 ], [ -83.6154035832, 43.0330466265 ] ] } },
{ "type": "Feature", "properties": { "PR": "1524601", "Aadt": 640, "AadtCommercial": 19, "FacilityType": 2, "Year": "2024", "LocationId": "25-5206" }, "geometry": { "type": "LineString", "coordinates": [ [ -83.8376490606, 42.9571110484 ], [ -83.8376061867, 42.9558284876 ], [ -83.8376030315, 42.9553724057 ] ] } },
{ "type": "Feature", "properties": { "PR": "1497008", "Aadt": 18910, "AadtCommercial": 926, "FacilityType": 2, "Year": "2024", "LocationId": "25-4732" }, "geometry": { "type": "LineString", "coordinates": [ [ -83.6542376752, 43.0096742067 ], [ -83.6542593463, 43.010745452 ], [ -83.6542816786, 43.0113701187 ], [ -83.6542899701, 43.0116708888 ], [ -83.6542962047, 43.011971046 ], [ -83.6543102905, 43.0121601332 ] ] } },
{ "type": "Feature", "properties": { "PR": "1500206", "Aadt": 681, "AadtCommercial": 20, "FacilityType": 2, "Year": "2024", "LocationId": "25-6803" }, "geometry": { "type": "LineString", "coordinates": [ [ -83.6876429161, 43.0688502646 ], [ -83.6845533081, 43.0688459583 ], [ -83.6836439598, 43.0688560674 ], [ -83.6834166668, 43.0688564896 ], [ -83.6825908065, 43.06887326 ] ] } },
{ "type": "Feature", "properties": { "PR": "1519809", "Aadt": 14552, "AadtCommercial": 453, "FacilityType": 2, "Year": "2024", "LocationId": "25-5312" }, "geometry": { "type": "LineString", "coordinates": [ [ -83.7711358307, 42.9433741492 ], [ -83.768582247, 42.9434257216 ], [ -83.7670519952, 42.9434527632 ], [ -83.7654026277, 42.9434565929 ], [ -83.7621428147, 42.9435197169 ], [ -83.7594183207, 42.9435611879 ], [ -83.7564752337, 42.9436059141 ], [ -83.7537674521, 42.9436469964 ], [ -83.751420319, 42.943663132 ], [ -83.7464769577, 42.9437456366 ], [ -83.7441182717, 42.9437604328 ], [ -83.7438929155, 42.9437706108 ], [ -83.7432668658, 42.9437791847 ], [ -83.7400473683, 42.9438158935 ], [ -83.7387668136, 42.943799284 ], [ -83.7372321411, 42.9438055245 ], [ -83.7350669505, 42.9438447057 ], [ -83.7317363001, 42.9438822965 ], [ -83.7287974466, 42.9439375395 ], [ -83.7269311371, 42.9439762601 ], [ -83.7248854113, 42.9439916655 ], [ -83.7240407691, 42.9440093285 ], [ -83.7238059693, 42.9440160773 ], [ -83.7230179554, 42.9440358899 ] ] } },
{ "type": "Feature", "properties": { "PR": "1498006", "Aadt": 5532, "AadtCommercial": 116, "FacilityType": 1, "Year": "2024", "LocationId": "25-4010" }, "geometry": { "type": "LineString", "coordinates": [ [ -83.6878063024, 43.0125436842 ], [ -83.6864695787, 43.0131444484 ], [ -83.6852295106, 43.0137086303 ], [ -83.6839867986, 43.0143015604 ], [ -83.6830188255, 43.0147175302 ], [ -83.682571747, 43.0149411793 ], [ -83.6823449811, 43.0150499221 ], [ -83.6819964804, 43.015188425 ] ] } },
{ "type": "Feature", "properties": { "PR": "1519309", "Aadt": 10692, "AadtCommercial": 299, "FacilityType": 2, "Year": "2024", "LocationId": "25-5336" }, "geometry": { "type": "LineString", "coordinates": [ [ -83.6554516894, 42.8863760711 ], [ -83.6503412564, 42.8864922603 ], [ -83.6486713506, 42.8865152742 ], [ -83.6484844153, 42.8865178498 ], [ -83.6455197051, 42.8865586438 ], [ -83.6405053183, 42.8866507224 ], [ -83.6403850596, 42.8866530658 ], [ -83.6391215514, 42.8866776852 ], [ -83.6344429374, 42.8867847767 ], [ -83.6305936778, 42.886886783 ] ] } },
{ "type": "Feature", "properties": { "PR": "3251558", "Aadt": 9916, "AadtCommercial": 278, "FacilityType": 2, "Year": "2024", "LocationId": "25-5528" }, "geometry": { "type": "LineString", "coordinates": [ [ -83.7729470129, 43.0603934692 ], [ -83.7729509801, 43.0605543023 ], [ -83.7730007375, 43.0634151276 ], [ -83.77300283, 43.064755982 ], [ -83.7730648768, 43.0678131677 ], [ -83.77313051, 43.0718151324 ], [ -83.7731628871, 43.0750918575 ] ] } },
{ "type": "Feature", "properties": { "PR": "1494707", "Aadt": 12470, "AadtCommercial": null, "FacilityType": 4, "Year": "2024", "LocationId": "25-0652" }, "geometry": { "type": "LineString", "coordinates": [ [ -83.7404326812, 42.9826213501 ], [ -83.738264451, 42.9832016833 ], [ -83.7376337234, 42.9833905721 ] ] } },
{ "type": "Feature", "properties": { "PR": "1498409", "Aadt": 21155, "AadtCommercial": 572, "FacilityType": 2, "Year": "2024", "LocationId": "25-6985" }, "geometry": { "type": "LineString", "coordinates": [ [ -83.6346318399, 43.0101052798 ], [ -83.6346493654, 43.0115355726 ], [ -83.634672509, 43.0122650574 ], [ -83.6346658365, 43.0123804624 ], [ -83.6346900005, 43.0132474716 ], [ -83.6347150954, 43.013806653 ], [ -83.6347132931, 43.0140403974 ], [ -83.6347130694, 43.0145738065 ], [ -83.6347403315, 43.0151165375 ], [ -83.6347543428, 43.0156125875 ], [ -83.6347756485, 43.016181374 ], [ -83.6348308423, 43.0187335477 ] ] } },
{ "type": "Feature", "properties": { "PR": "1498006", "Aadt": 6878, "AadtCommercial": 187, "FacilityType": 1, "Year": "2024", "LocationId": "25-6893" }, "geometry": { "type": "LineString", "coordinates": [ [ -83.6819964804, 43.015188425 ], [ -83.6814586871, 43.0154502448 ], [ -83.6809711073, 43.0156729237 ], [ -83.6801534609, 43.0160262722 ], [ -83.6793440418, 43.0163944874 ] ] } },
{ "type": "Feature", "properties": { "PR": "0647308", "Aadt": 59312, "AadtCommercial": 4093, "FacilityType": 2, "Year": "2024", "LocationId": "63-0151" }, "geometry": { "type": "LineString", "coordinates": [ [ -83.5344878434, 42.7821483992 ], [ -83.5349090206, 42.7827586493 ], [ -83.536536588, 42.7853108557 ], [ -83.537166521, 42.7862947688 ], [ -83.5374201312, 42.7866909301 ], [ -83.537538293, 42.7868532139 ], [ -83.5376570267, 42.787016284 ], [ -83.5378624531, 42.7872864067 ], [ -83.5382197322, 42.7876721298 ], [ -83.5385625245, 42.7880125953 ], [ -83.5389109501, 42.7883211638 ], [ -83.5392522357, 42.7885911527 ], [ -83.5422155621, 42.7907977232 ], [ -83.5439250488, 42.7920772355 ], [ -83.5469441101, 42.7943137112 ], [ -83.5489753922, 42.7958262998 ], [ -83.5516433887, 42.7978128488 ], [ -83.5535218615, 42.7991938695 ], [ -83.5591287578, 42.8033764288 ], [ -83.5610590617, 42.8048266101 ], [ -83.5631698736, 42.8064008083 ], [ -83.5657470283, 42.8083226325 ], [ -83.5662297148, 42.808713705 ], [ -83.5667465441, 42.8091920281 ], [ -83.5672108965, 42.809689982 ], [ -83.5675433186, 42.8100778135 ], [ -83.568305209, 42.8111521259 ], [ -83.5684675852, 42.8114231457 ], [ -83.5687030798, 42.811885023 ], [ -83.5689386683, 42.8124055619 ], [ -83.5691012722, 42.8128455278 ], [ -83.569285725, 42.8134306391 ], [ -83.5694234622, 42.8139873097 ], [ -83.5694769619, 42.8144693962 ], [ -83.5695395057, 42.8150569043 ], [ -83.5695572678, 42.8154977547 ] ] } },
{ "type": "Feature", "properties": { "PR": "1505805", "Aadt": 2680, "AadtCommercial": 75, "FacilityType": 2, "Year": "2024", "LocationId": "25-5523" }, "geometry": { "type": "LineString", "coordinates": [ [ -83.8134654437, 43.0892029223 ], [ -83.813013862, 43.0892138732 ], [ -83.8088676724, 43.0892857326 ], [ -83.8080748347, 43.089313524 ], [ -83.8029643887, 43.0894045788 ], [ -83.8006186185, 43.0894277363 ], [ -83.7933671348, 43.089527594 ], [ -83.7869000499, 43.089678396 ], [ -83.7834279286, 43.0897507372 ], [ -83.7735038598, 43.0896566178 ] ] } },
{ "type": "Feature", "properties": { "PR": "1519805", "Aadt": 13046, "AadtCommercial": 352, "FacilityType": 2, "Year": "2024", "LocationId": "25-5216" }, "geometry": { "type": "LineString", "coordinates": [ [ -83.7923514981, 42.9724690571 ], [ -83.7921710183, 42.9724936477 ], [ -83.7916394239, 42.972500565 ], [ -83.7914696121, 42.9725029848 ], [ -83.7902875997, 42.9725023834 ], [ -83.7864896233, 42.9725699798 ], [ -83.7857741686, 42.9726108362 ], [ -83.7849769128, 42.9727323844 ], [ -83.7818606714, 42.9734797073 ] ] } },
{ "type": "Feature", "properties": { "PR": "0553205", "Aadt": 624, "AadtCommercial": 19, "FacilityType": 2, "Year": "2024", "LocationId": "76-5184" }, "geometry": { "type": "LineString", "coordinates": [ [ -83.986990735, 42.9130556893 ], [ -83.9870126596, 42.9128452966 ], [ -83.9869736166, 42.9125370498 ], [ -83.9868645986, 42.9123602223 ], [ -83.9864930595, 42.9121806824 ], [ -83.9861536108, 42.9120279218 ], [ -83.9858572686, 42.9119757361 ], [ -83.9846511598, 42.9119807987 ], [ -83.9834434252, 42.9119969097 ] ] } },
{ "type": "Feature", "properties": { "PR": "1525909", "Aadt": 858, "AadtCommercial": 26, "FacilityType": 2, "Year": "2024", "LocationId": "25-6884" }, "geometry": { "type": "LineString", "coordinates": [ [ -83.6804863966, 43.0218589146 ], [ -83.6812492625, 43.022735959 ], [ -83.6818060769, 43.023355586 ] ] } },
{ "type": "Feature", "properties": { "PR": "1844705", "Aadt": 3264, "AadtCommercial": null, "FacilityType": 4, "Year": "2024", "LocationId": "25-4126" }, "geometry": { "type": "LineString", "coordinates": [ [ -83.677614375, 43.033318523 ], [ -83.6776302876, 43.0323870915 ], [ -83.6776127697, 43.0315962641 ] ] } },
{ "type": "Feature", "properties": { "PR": "1494902", "Aadt": 1684, "AadtCommercial": 47, "FacilityType": 1, "Year": "2024", "LocationId": "25-6687" }, "geometry": { "type": "LineString", "coordinates": [ [ -83.6823369473, 43.0059857931 ], [ -83.6831871005, 43.0063249808 ], [ -83.6839779403, 43.0070558911 ], [ -83.6846175038, 43.007637873 ], [ -83.6848555148, 43.0078531914 ], [ -83.6849098905, 43.0079135907 ], [ -83.6851184471, 43.0080845894 ], [ -83.6853705826, 43.0082970753 ], [ -83.6863332529, 43.009173943 ], [ -83.6872116949, 43.0100509336 ], [ -83.6881289739, 43.0108558108 ], [ -83.6887633717, 43.0115015291 ], [ -83.6891174838, 43.0119419444 ], [ -83.6896048348, 43.0125382187 ], [ -83.690393274, 43.013426607 ], [ -83.6911667194, 43.0143712948 ], [ -83.6919739534, 43.0152902809 ], [ -83.6927501086, 43.0162306732 ], [ -83.6930700189, 43.0165008405 ], [ -83.6936085437, 43.0168867719 ], [ -83.6936889319, 43.0169732623 ], [ -83.6939177386, 43.0173017154 ], [ -83.694072641, 43.0176542616 ], [ -83.6941508021, 43.0178973829 ], [ -83.6943328259, 43.0183699814 ] ] } },
{ "type": "Feature", "properties": { "PR": "1494803", "Aadt": 8690, "AadtCommercial": null, "FacilityType": 4, "Year": "2024", "LocationId": "25-0516" }, "geometry": { "type": "LineString", "coordinates": [ [ -83.7376154122, 42.9871805357 ], [ -83.7368336578, 42.9852307243 ], [ -83.7366806668, 42.9849475733 ], [ -83.7365455908, 42.9847157056 ], [ -83.7362798095, 42.9844011966 ], [ -83.7361053141, 42.9842144091 ], [ -83.7359257132, 42.984059243 ], [ -83.7357861526, 42.9839475584 ], [ -83.7356987769, 42.9838863706 ], [ -83.7355605885, 42.9837822239 ], [ -83.7353344173, 42.9836342899 ], [ -83.7351203777, 42.9835266177 ], [ -83.7348392428, 42.9833909226 ], [ -83.7345704894, 42.9832888237 ], [ -83.7342699624, 42.9831860885 ], [ -83.7340224191, 42.9831244333 ], [ -83.7337656738, 42.9830659289 ], [ -83.7335584875, 42.983018422 ], [ -83.7333057874, 42.9829733373 ], [ -83.7329976264, 42.9829538199 ], [ -83.7326530301, 42.9829369067 ], [ -83.732380192, 42.982944777 ], [ -83.7321435416, 42.9829567062 ], [ -83.7318725637, 42.9829876529 ], [ -83.7316489277, 42.9830269638 ], [ -83.7314087783, 42.9830778515 ], [ -83.7310258855, 42.9831660482 ], [ -83.7307329784, 42.9832575888 ], [ -83.730415468, 42.9833619197 ], [ -83.7300229998, 42.983535593 ], [ -83.729646798, 42.9837583016 ], [ -83.7289792076, 42.9841867756 ] ] } },
{ "type": "Feature", "properties": { "PR": "1514606", "Aadt": 5867, "AadtCommercial": 165, "FacilityType": 2, "Year": "2024", "LocationId": "25-5603" }, "geometry": { "type": "LineString", "coordinates": [ [ -83.7326051109, 43.0462171778 ], [ -83.7316263947, 43.0462186097 ], [ -83.7306410545, 43.04623237 ], [ -83.7296759504, 43.0462337763 ], [ -83.7287073851, 43.0462299833 ], [ -83.7275934308, 43.0462264038 ], [ -83.7263749417, 43.0462524903 ], [ -83.7252832678, 43.0462531599 ], [ -83.7243017763, 43.0462449353 ], [ -83.7233143905, 43.0462483777 ], [ -83.7223667082, 43.0462601394 ], [ -83.7214147219, 43.0462740991 ], [ -83.7204429891, 43.0462881072 ], [ -83.7194003559, 43.0462898798 ], [ -83.7184717486, 43.0463039404 ], [ -83.7173701535, 43.0462895709 ], [ -83.7163808099, 43.0462964904 ], [ -83.7154158743, 43.0463293376 ], [ -83.7151576042, 43.0463308329 ], [ -83.7144720405, 43.0463254662 ], [ -83.7134638034, 43.0463182979 ], [ -83.7132088713, 43.0463139751 ], [ -83.7109954298, 43.0463193067 ], [ -83.7091851188, 43.0463477124 ], [ -83.7079629776, 43.0463617269 ], [ -83.7069923031, 43.0463664646 ], [ -83.7057944542, 43.0463721269 ], [ -83.7046425218, 43.0463857312 ] ] } },
{ "type": "Feature", "properties": { "PR": "0762408", "Aadt": 2204, "AadtCommercial": 63, "FacilityType": 2, "Year": "2024", "LocationId": "44-5009" }, "geometry": { "type": "LineString", "coordinates": [ [ -83.4057986208, 42.8813218952 ], [ -83.4053292618, 42.8828593892 ], [ -83.4050284939, 42.8838286209 ], [ -83.4049435352, 42.8840176545 ], [ -83.4048411535, 42.8841638486 ], [ -83.4038356722, 42.8852572228 ], [ -83.4013362528, 42.8880154171 ], [ -83.4010795977, 42.8882986272 ], [ -83.4007151049, 42.8886881193 ], [ -83.3989469695, 42.890650571 ], [ -83.3968565629, 42.893029305 ], [ -83.3966180923, 42.8933092026 ], [ -83.3965106607, 42.8934580093 ], [ -83.3964818242, 42.8936836941 ], [ -83.3964998388, 42.8939387488 ], [ -83.3965823996, 42.8961224208 ], [ -83.3968063607, 42.9022010912 ], [ -83.396852482, 42.9034432547 ], [ -83.3969948771, 42.9069580131 ], [ -83.3971054963, 42.9106460259 ] ] } },
{ "type": "Feature", "properties": { "PR": "1844501", "Aadt": 468, "AadtCommercial": null, "FacilityType": 4, "Year": "2024", "LocationId": "25-4134" }, "geometry": { "type": "LineString", "coordinates": [ [ -83.6827140001, 43.0775693097 ], [ -83.6830644616, 43.0783260717 ], [ -83.6833442825, 43.0787311167 ], [ -83.6838065277, 43.0794782474 ], [ -83.6843175774, 43.080168181 ] ] } },
{ "type": "Feature", "properties": { "PR": "0762801", "Aadt": 1769, "AadtCommercial": 52, "FacilityType": 2, "Year": "2024", "LocationId": "44-5006" }, "geometry": { "type": "LineString", "coordinates": [ [ -83.4563127361, 42.9486457061 ], [ -83.4527304164, 42.9487405634 ], [ -83.450471443, 42.9487885158 ], [ -83.4500663897, 42.9488287856 ], [ -83.4497747124, 42.9489139374 ], [ -83.4495690965, 42.9490080817 ], [ -83.4493817884, 42.9491238033 ], [ -83.4492418661, 42.9492547035 ], [ -83.4491187821, 42.9494424246 ], [ -83.4490506204, 42.9496948796 ], [ -83.449136515, 42.952469536 ], [ -83.4490515126, 42.952665169 ], [ -83.4489101105, 42.9528313118 ], [ -83.4486957088, 42.9530205045 ], [ -83.4485383507, 42.9531086793 ], [ -83.4483527939, 42.953182107 ], [ -83.4480196827, 42.9532424542 ], [ -83.4477444021, 42.9532706836 ], [ -83.4415232338, 42.9533398122 ], [ -83.4380960723, 42.9533777582 ], [ -83.4368627095, 42.9534311509 ], [ -83.4334129943, 42.9535069001 ], [ -83.4283132668, 42.9536408209 ], [ -83.4263702504, 42.953679683 ], [ -83.423011358, 42.9537661266 ], [ -83.4207166152, 42.9538246822 ], [ -83.4189666018, 42.9538675132 ], [ -83.4181977506, 42.9538782168 ], [ -83.4162262003, 42.9539266787 ], [ -83.4148542433, 42.9539676441 ], [ -83.4146572019, 42.9539708613 ], [ -83.4061302861, 42.9541461322 ], [ -83.4059429426, 42.9541495339 ], [ -83.4049939886, 42.9541710874 ], [ -83.4036473952, 42.9542061078 ] ] } },
{ "type": "Feature", "properties": { "PR": "3252619", "Aadt": 533, "AadtCommercial": 18, "FacilityType": 2, "Year": "2024", "LocationId": "25-6890" }, "geometry": { "type": "LineString", "coordinates": [ [ -83.6834708115, 43.0179064445 ], [ -83.6822029146, 43.018464576 ], [ -83.6811795861, 43.0189459218 ], [ -83.6801691599, 43.0193993786 ], [ -83.6791639725, 43.0198556527 ], [ -83.6789376754, 43.0200055334 ] ] } },
{ "type": "Feature", "properties": { "PR": "1499702", "Aadt": 1867, "AadtCommercial": 55, "FacilityType": 2, "Year": "2024", "LocationId": "25-6734" }, "geometry": { "type": "LineString", "coordinates": [ [ -83.7159732391, 43.0359691876 ], [ -83.7145397817, 43.035991329 ], [ -83.7133508762, 43.0360069505 ], [ -83.7131526534, 43.0360570481 ], [ -83.7106562244, 43.0360998805 ], [ -83.7077295082, 43.0361360629 ], [ -83.7043967553, 43.0361465504 ] ] } },
{ "type": "Feature", "properties": { "PR": "1495607", "Aadt": 4451, "AadtCommercial": 127, "FacilityType": 2, "Year": "2024", "LocationId": "25-5486" }, "geometry": { "type": "LineString", "coordinates": [ [ -83.8615556372, 43.0300036758 ], [ -83.8615761327, 43.0311952857 ], [ -83.8616169923, 43.0336602596 ], [ -83.8616219122, 43.0349911765 ], [ -83.8616765547, 43.0372815702 ], [ -83.8617626446, 43.0426504961 ], [ -83.8617973717, 43.0437299468 ], [ -83.8618060063, 43.0440412189 ], [ -83.8618373998, 43.0442619825 ], [ -83.861863785, 43.0444395744 ], [ -83.8619454636, 43.0449006034 ], [ -83.8620220821, 43.0451737077 ], [ -83.8621583294, 43.0457095171 ], [ -83.8622318959, 43.0460791167 ], [ -83.8622732524, 43.047103421 ], [ -83.8622794354, 43.0487039301 ], [ -83.8622912679, 43.0499475164 ], [ -83.8623313825, 43.0524863592 ] ] } },
{ "type": "Feature", "properties": { "PR": "1496104", "Aadt": 11539, "AadtCommercial": 325, "FacilityType": 2, "Year": "2024", "LocationId": "25-5134" }, "geometry": { "type": "LineString", "coordinates": [ [ -83.7146675314, 42.9898434931 ], [ -83.7180831405, 42.9883756998 ], [ -83.7182349323, 42.98830914 ], [ -83.726079154, 42.9848060785 ], [ -83.7267591112, 42.984540949 ], [ -83.7272973128, 42.9844421008 ], [ -83.7278584606, 42.9843860724 ], [ -83.7283442727, 42.9843910382 ], [ -83.7287495293, 42.9844481901 ], [ -83.7293586314, 42.9846078281 ], [ -83.7297101032, 42.9847825429 ], [ -83.7300004082, 42.9849424343 ], [ -83.7304971971, 42.9853347198 ], [ -83.7306651827, 42.9854573124 ], [ -83.730859504, 42.9856131794 ], [ -83.730924748, 42.985659925 ], [ -83.7311510511, 42.9858454466 ], [ -83.7319269287, 42.9864129781 ], [ -83.7323102021, 42.9867287928 ], [ -83.7325056503, 42.9869502134 ], [ -83.7325744406, 42.9870920638 ], [ -83.7326562417, 42.9872160484 ], [ -83.7326821965, 42.9873479763 ], [ -83.7327242967, 42.9875436665 ], [ -83.7327486394, 42.987900798 ], [ -83.7327458732, 42.9881069089 ], [ -83.7327543724, 42.9884310279 ], [ -83.7328067453, 42.9905375793 ], [ -83.7328687286, 42.9923073504 ] ] } },
{ "type": "Feature", "properties": { "PR": "1844303", "Aadt": 1873, "AadtCommercial": null, "FacilityType": 4, "Year": "2024", "LocationId": "25-4120" }, "geometry": { "type": "LineString", "coordinates": [ [ -83.680176263, 43.0258075766 ], [ -83.6792873103, 43.0281400108 ] ] } },
{ "type": "Feature", "properties": { "PR": "1497809", "Aadt": 19323, "AadtCommercial": 521, "FacilityType": 2, "Year": "2024", "LocationId": "25-5343" }, "geometry": { "type": "LineString", "coordinates": [ [ -83.6324872275, 42.8946089412 ], [ -83.632456049, 42.8954044527 ], [ -83.6324161789, 42.8956574237 ], [ -83.6322678575, 42.8962673683 ], [ -83.6321193552, 42.8966489738 ], [ -83.6320048611, 42.8969030527 ], [ -83.6318985858, 42.8970912586 ], [ -83.6312373814, 42.8987992024 ], [ -83.6310687308, 42.8992348241 ], [ -83.6303032637, 42.9014511284 ], [ -83.6300981543, 42.9020412164 ], [ -83.6299600888, 42.9023167323 ], [ -83.6298093415, 42.9025641405 ], [ -83.629684928, 42.9027538883 ], [ -83.6294940394, 42.9029725488 ], [ -83.629229849, 42.9032729489 ], [ -83.6289391609, 42.9037061499 ], [ -83.6288581411, 42.9038691875 ], [ -83.6287942821, 42.9040482736 ], [ -83.6287347947, 42.9042980535 ], [ -83.6286410702, 42.9050641112 ], [ -83.6286299319, 42.9053438313 ], [ -83.6285571362, 42.9058841893 ], [ -83.6284468595, 42.9064999627 ], [ -83.6283461324, 42.9068409128 ], [ -83.6281486307, 42.9073635335 ], [ -83.6279722094, 42.9077011641 ], [ -83.6277739362, 42.908024212 ], [ -83.6274569094, 42.9084365737 ], [ -83.6271149406, 42.9088031511 ] ] } },
{ "type": "Feature", "properties": { "PR": "1520502", "Aadt": 6809, "AadtCommercial": 191, "FacilityType": 2, "Year": "2024", "LocationId": "25-5349" }, "geometry": { "type": "LineString", "coordinates": [ [ -83.6674283518, 42.9600176514 ], [ -83.662961615, 42.9600850487 ], [ -83.6613510286, 42.9601162716 ], [ -83.659335072, 42.9601415026 ], [ -83.6524277109, 42.9602506371 ], [ -83.6484314709, 42.96030077 ], [ -83.6475166304, 42.9603149734 ], [ -83.6464421596, 42.9603372557 ], [ -83.6435670539, 42.9603492806 ], [ -83.6428704536, 42.9603635012 ], [ -83.6424151454, 42.9603545589 ], [ -83.6392203347, 42.9604049816 ], [ -83.6390963907, 42.9604055508 ], [ -83.6368580927, 42.96044984 ], [ -83.6341149604, 42.9604479913 ], [ -83.6335834516, 42.9604540071 ], [ -83.6328509162, 42.9604770586 ] ] } },
{ "type": "Feature", "properties": { "PR": "1497102", "Aadt": 10894, "AadtCommercial": 285, "FacilityType": 2, "Year": "2024", "LocationId": "25-0050" }, "geometry": { "type": "LineString", "coordinates": [ [ -83.7147674811, 43.1776967774 ], [ -83.7154068613, 43.1786316159 ], [ -83.7163589107, 43.1798949449 ], [ -83.7168073679, 43.180486672 ], [ -83.7169341655, 43.1806635997 ], [ -83.7169903293, 43.1807313608 ], [ -83.7176421683, 43.1816057582 ], [ -83.7195837729, 43.1841894225 ], [ -83.7214158883, 43.1866200536 ], [ -83.7215818876, 43.1868470926 ], [ -83.7220155816, 43.1874013003 ], [ -83.7231800795, 43.188923862 ], [ -83.7242809974, 43.1903697979 ], [ -83.7264125366, 43.1931718783 ], [ -83.7270727601, 43.19405396 ], [ -83.7302249522, 43.1983422731 ], [ -83.7311798838, 43.1996231128 ], [ -83.7334534591, 43.2025828619 ], [ -83.7347847202, 43.2043205388 ] ] } },
{ "type": "Feature", "properties": { "PR": "3250429", "Aadt": 1801, "AadtCommercial": 51, "FacilityType": 1, "Year": "2024", "LocationId": "25-5362" }, "geometry": { "type": "LineString", "coordinates": [ [ -83.6827019478, 42.9933387253 ], [ -83.6828461028, 42.9933916438 ], [ -83.6830225489, 42.9934833108 ], [ -83.6832035252, 42.9936340083 ], [ -83.6833100176, 42.9937846009 ], [ -83.6834230109, 42.9939448165 ] ] } },
{ "type": "Feature", "properties": { "PR": "1498309", "Aadt": 3934, "AadtCommercial": 115, "FacilityType": 2, "Year": "2024", "LocationId": "25-5445" }, "geometry": { "type": "LineString", "coordinates": [ [ -83.5343278269, 42.9378478451 ], [ -83.5342977423, 42.9379832907 ], [ -83.534184082, 42.9381051021 ], [ -83.5336468432, 42.9384233603 ], [ -83.5324740542, 42.939254477 ], [ -83.5317978493, 42.9397740888 ], [ -83.529434133, 42.9398282421 ], [ -83.5196917844, 42.9399547296 ], [ -83.5146345429, 42.9400478424 ], [ -83.5112311783, 42.9401125 ], [ -83.504823203, 42.940171981 ] ] } },
{ "type": "Feature", "properties": { "PR": "1522902", "Aadt": 8813, "AadtCommercial": 247, "FacilityType": 2, "Year": "2024", "LocationId": "25-5448" }, "geometry": { "type": "LineString", "coordinates": [ [ -83.5545248552, 42.9761569666 ], [ -83.5545316198, 42.9785606377 ], [ -83.5546016155, 42.9831795982 ], [ -83.5546028102, 42.9833326952 ], [ -83.5546763923, 42.9869288562 ], [ -83.5546971306, 42.9881528746 ], [ -83.5547808934, 42.9906839285 ] ] } },
{ "type": "Feature", "properties": { "PR": "1495003", "Aadt": 8015, "AadtCommercial": 224, "FacilityType": 2, "Year": "2024", "LocationId": "25-7077" }, "geometry": { "type": "LineString", "coordinates": [ [ -83.595116856, 43.0109687876 ], [ -83.592641755, 43.011030774 ], [ -83.5902231417, 43.0110753256 ], [ -83.5882424697, 43.0111093805 ], [ -83.5872539774, 43.0111526462 ], [ -83.5863088646, 43.0111640972 ], [ -83.5845755086, 43.0111933696 ], [ -83.5824201817, 43.011243457 ], [ -83.5787012939, 43.0113267088 ], [ -83.5761551413, 43.0113668072 ], [ -83.5754005209, 43.0113924781 ], [ -83.5725901995, 43.011445524 ], [ -83.5712390315, 43.0114764934 ], [ -83.5627975492, 43.0116681603 ], [ -83.5621486482, 43.011678623 ], [ -83.5608003346, 43.0117083674 ], [ -83.555488803, 43.0118240911 ] ] } },
{ "type": "Feature", "properties": { "PR": "1506101", "Aadt": 11190, "AadtCommercial": 302, "FacilityType": 2, "Year": "2024", "LocationId": "25-6671" }, "geometry": { "type": "LineString", "coordinates": [ [ -83.7082595636, 43.0193069242 ], [ -83.7078640775, 43.0192519572 ], [ -83.7076661935, 43.0191932499 ], [ -83.7072818919, 43.0190948777 ], [ -83.706908204, 43.0190269138 ], [ -83.7066743368, 43.0190072868 ], [ -83.7064924232, 43.0189839778 ], [ -83.7062460243, 43.0189703565 ], [ -83.7060108881, 43.0189699028 ], [ -83.7058220986, 43.0189876438 ], [ -83.7056447313, 43.019014243 ], [ -83.7053022661, 43.0190812013 ] ] } },
{ "type": "Feature", "properties": { "PR": "1494107", "Aadt": 14150, "AadtCommercial": 425, "FacilityType": 2, "Year": "2024", "LocationId": "25-0406" }, "geometry": { "type": "LineString", "coordinates": [ [ -83.7826368804, 43.0019290383 ], [ -83.7776178562, 43.001972867 ], [ -83.7752530737, 43.001999384 ], [ -83.7727123301, 43.0020261036 ] ] } },
{ "type": "Feature", "properties": { "PR": "3251870", "Aadt": 16912, "AadtCommercial": 474, "FacilityType": 2, "Year": "2024", "LocationId": "25-5234" }, "geometry": { "type": "LineString", "coordinates": [ [ -83.7422045547, 42.789651306 ], [ -83.7422180884, 42.7901053128 ], [ -83.7422412177, 42.7905312194 ], [ -83.7422655461, 42.791100157 ], [ -83.7422861808, 42.7915498485 ], [ -83.7422924052, 42.7916882119 ], [ -83.7422954406, 42.7918253206 ], [ -83.7422857594, 42.7919562159 ], [ -83.7422564554, 42.7920926775 ], [ -83.7422142163, 42.7922288794 ], [ -83.7421592175, 42.7923600606 ], [ -83.7420835484, 42.7924812929 ], [ -83.7419965608, 42.7926022996 ], [ -83.7418868916, 42.7927240432 ], [ -83.7417829953, 42.7928208773 ], [ -83.741674732, 42.7929045142 ], [ -83.7415401564, 42.7929995413 ], [ -83.7411017692, 42.7933029967 ], [ -83.7403879738, 42.793790419 ], [ -83.7393721377, 42.7944815292 ], [ -83.7382251463, 42.7952617645 ], [ -83.7369187112, 42.7961520042 ], [ -83.7366298196, 42.7963499941 ], [ -83.7364901584, 42.7964508724 ], [ -83.7363534217, 42.7965601509 ], [ -83.7362263433, 42.7966708157 ], [ -83.7361055129, 42.7967875638 ], [ -83.7359942969, 42.7969068873 ], [ -83.7358912078, 42.7970251828 ], [ -83.7357925306, 42.7971554838 ], [ -83.7357102876, 42.7972789647 ], [ -83.7356275158, 42.7974167345 ], [ -83.7350848667, 42.7983496866 ], [ -83.7346180697, 42.7991566452 ], [ -83.7339960215, 42.8002226627 ], [ -83.7339200194, 42.8003522257 ], [ -83.7338436631, 42.8004913158 ], [ -83.7337788917, 42.8006234877 ], [ -83.7337251763, 42.8007630315 ], [ -83.7336829112, 42.8008992307 ], [ -83.733652968, 42.8010523607 ], [ -83.7336345635, 42.8011997642 ], [ -83.7336278324, 42.8013378688 ], [ -83.7336324221, 42.8014762007 ], [ -83.733692851, 42.8026417234 ], [ -83.733747518, 42.8037880623 ], [ -83.7337730205, 42.8042795626 ], [ -83.7338318295, 42.8044178111 ] ] } },
{ "type": "Feature", "properties": { "PR": "0552001", "Aadt": 1305, "AadtCommercial": 38, "FacilityType": 2, "Year": "2024", "LocationId": "76-5148" }, "geometry": { "type": "LineString", "coordinates": [ [ -83.9639848108, 42.8235633271 ], [ -83.9641427339, 42.8266660387 ], [ -83.9642097298, 42.828022067 ], [ -83.9642360649, 42.8282516513 ], [ -83.9643963729, 42.8317064072 ], [ -83.9646875865, 42.8380283421 ] ] } },
{ "type": "Feature", "properties": { "PR": "3251558", "Aadt": 8059, "AadtCommercial": 225, "FacilityType": 2, "Year": "2024", "LocationId": "25-5212" }, "geometry": { "type": "LineString", "coordinates": [ [ -83.7706559628, 42.8627122817 ], [ -83.7702949767, 42.8630731531 ], [ -83.7699987405, 42.8633500495 ], [ -83.769740681, 42.8636339819 ], [ -83.769565767, 42.8638630074 ], [ -83.7693855523, 42.8641202016 ], [ -83.7692517073, 42.8643940194 ], [ -83.7691237619, 42.8647402108 ], [ -83.7690653298, 42.8649369773 ], [ -83.7690284391, 42.865310528 ], [ -83.7691107907, 42.8681730475 ], [ -83.7690760346, 42.8691251225 ], [ -83.7688783605, 42.8700999491 ], [ -83.7686670013, 42.8711302521 ], [ -83.7686288766, 42.8712613858 ], [ -83.7686779604, 42.8741116972 ], [ -83.7687637634, 42.8776478268 ], [ -83.7688373979, 42.8796838528 ], [ -83.7689444284, 42.8828006293 ], [ -83.7689695546, 42.8838653703 ], [ -83.7689984125, 42.884759219 ] ] } },
{ "type": "Feature", "properties": { "PR": "3251558", "Aadt": 5886, "AadtCommercial": 165, "FacilityType": 2, "Year": "2024", "LocationId": "25-5530" }, "geometry": { "type": "LineString", "coordinates": [ [ -83.7731966479, 43.0787044469 ], [ -83.7731894794, 43.0806546686 ], [ -83.7732050724, 43.0823871646 ], [ -83.7733415402, 43.0860291083 ], [ -83.7735038598, 43.0896566178 ] ] } },
{ "type": "Feature", "properties": { "PR": "1497903", "Aadt": 19949, "AadtCommercial": 1157, "FacilityType": 2, "Year": "2024", "LocationId": "25-0473" }, "geometry": { "type": "LineString", "coordinates": [ [ -83.694235384, 43.0990730982 ], [ -83.6948348624, 43.0991983851 ], [ -83.6954275343, 43.0992846873 ], [ -83.696134673, 43.0993383776 ], [ -83.6970986993, 43.0993754537 ], [ -83.6993374837, 43.0994459898 ], [ -83.7006825416, 43.0994970814 ], [ -83.7016177671, 43.099532316 ], [ -83.7041570616, 43.0996279432 ], [ -83.707925566, 43.0998074499 ], [ -83.7126170732, 43.0999713335 ], [ -83.7143756076, 43.1000278839 ], [ -83.7152501632, 43.1000357172 ], [ -83.716019994, 43.1000075771 ], [ -83.7167428394, 43.0999610166 ], [ -83.7185672935, 43.0997794388 ], [ -83.7191907005, 43.0996828223 ], [ -83.7200302854, 43.0995425173 ], [ -83.7203834045, 43.099464714 ], [ -83.7206882443, 43.0993975478 ], [ -83.7208475169, 43.0993624539 ], [ -83.7215989141, 43.099189794 ], [ -83.7240319895, 43.0986553224 ], [ -83.7258084637, 43.0982333835 ], [ -83.726744882, 43.0980109951 ], [ -83.7283960767, 43.097642431 ], [ -83.7301650594, 43.0972429961 ], [ -83.7322289996, 43.096776273 ], [ -83.7337629521, 43.0965066953 ] ] } },
{ "type": "Feature", "properties": { "PR": "1510710", "Aadt": 1631, "AadtCommercial": 48, "FacilityType": 2, "Year": "2024", "LocationId": "25-5181" }, "geometry": { "type": "LineString", "coordinates": [ [ -83.7671874593, 42.8112261712 ], [ -83.7674162533, 42.8159191842 ], [ -83.7674758018, 42.8177568018 ], [ -83.7675384991, 42.8202128525 ], [ -83.7675589044, 42.8203725047 ], [ -83.7675909931, 42.8211262079 ], [ -83.7675874034, 42.8222170336 ], [ -83.7677701043, 42.8259171476 ] ] } },
{ "type": "Feature", "properties": { "PR": "1497903", "Aadt": 30165, "AadtCommercial": 1448, "FacilityType": 2, "Year": "2024", "LocationId": "25-0463" }, "geometry": { "type": "LineString", "coordinates": [ [ -83.6821034079, 42.981541825 ], [ -83.6821146825, 42.9821256499 ], [ -83.6823513309, 42.9860486542 ], [ -83.682412414, 42.9877866792 ], [ -83.6824399645, 42.9888658713 ] ] } },
{ "type": "Feature", "properties": { "PR": "1844403", "Aadt": 4984, "AadtCommercial": null, "FacilityType": 4, "Year": "2024", "LocationId": "25-0162" }, "geometry": { "type": "LineString", "coordinates": [ [ -83.6746654657, 43.055246291 ], [ -83.6746548224, 43.0540844702 ] ] } },
{ "type": "Feature", "properties": { "PR": "1507004", "Aadt": 616, "AadtCommercial": 19, "FacilityType": 2, "Year": "2024", "LocationId": "25-6834" }, "geometry": { "type": "LineString", "coordinates": [ [ -83.6954772424, 43.1194714032 ], [ -83.6955070686, 43.1204660321 ] ] } },
{ "type": "Feature", "properties": { "PR": "1510204", "Aadt": 1910, "AadtCommercial": 56, "FacilityType": 2, "Year": "2024", "LocationId": "25-5110" }, "geometry": { "type": "LineString", "coordinates": [ [ -83.9033003002, 42.86911937 ], [ -83.8974491213, 42.8692876911 ] ] } },
{ "type": "Feature", "properties": { "PR": "1494503", "Aadt": 7646, "AadtCommercial": 390, "FacilityType": 2, "Year": "2024", "LocationId": "25-0073" }, "geometry": { "type": "LineString", "coordinates": [ [ -83.9306285311, 43.1760985484 ], [ -83.9208350391, 43.1761471578 ], [ -83.9154842142, 43.1761625841 ], [ -83.9127373476, 43.1761703297 ], [ -83.9074016489, 43.176184292 ], [ -83.9027578211, 43.1761888353 ] ] } },
{ "type": "Feature", "properties": { "PR": "1519309", "Aadt": 9016, "AadtCommercial": 261, "FacilityType": 2, "Year": "2024", "LocationId": "25-5400" }, "geometry": { "type": "LineString", "coordinates": [ [ -83.5990880159, 42.8873377082 ], [ -83.5942905722, 42.8874549362 ], [ -83.5918610539, 42.8874930226 ], [ -83.5862397919, 42.8875870678 ], [ -83.5828926118, 42.8876588353 ], [ -83.5811074917, 42.8876957716 ], [ -83.5758972294, 42.8878952629 ], [ -83.5740563933, 42.8879857838 ], [ -83.5714703881, 42.8881630788 ] ] } },
{ "type": "Feature", "properties": { "PR": "1499702", "Aadt": 3293, "AadtCommercial": 92, "FacilityType": 2, "Year": "2024", "LocationId": "25-6755" }, "geometry": { "type": "LineString", "coordinates": [ [ -83.7043967553, 43.0361465504 ], [ -83.7032960289, 43.0361535137 ], [ -83.7022645703, 43.0361671686 ], [ -83.7011831448, 43.0361888531 ], [ -83.7008068805, 43.0360957901 ], [ -83.6998538444, 43.0358248055 ], [ -83.6995436364, 43.035721574 ], [ -83.6991495135, 43.0356264427 ], [ -83.6987205917, 43.0355751752 ], [ -83.6983421182, 43.0355776093 ], [ -83.6979427947, 43.0356201391 ], [ -83.6974681448, 43.03570252 ], [ -83.6971139824, 43.0357765763 ], [ -83.6967872135, 43.0357932673 ], [ -83.6957237065, 43.0357965782 ], [ -83.6954961812, 43.0358012094 ], [ -83.6951801457, 43.035780248 ], [ -83.6950529724, 43.0357588596 ], [ -83.6949542971, 43.0357422636 ], [ -83.6936667438, 43.0353893819 ] ] } },
{ "type": "Feature", "properties": { "PR": "0556307", "Aadt": 1976, "AadtCommercial": 58, "FacilityType": 2, "Year": "2024", "LocationId": "76-5203" }, "geometry": { "type": "LineString", "coordinates": [ [ -83.9885055942, 42.9332595784 ], [ -83.9885671844, 42.9345525881 ], [ -83.988577942, 42.9349701309 ], [ -83.9887059684, 42.9397960838 ] ] } },
{ "type": "Feature", "properties": { "PR": "1503201", "Aadt": 13215, "AadtCommercial": null, "FacilityType": 4, "Year": "2024", "LocationId": "25-0519" }, "geometry": { "type": "LineString", "coordinates": [ [ -83.7289411221, 42.9817244725 ], [ -83.7292599051, 42.9823246952 ], [ -83.7293427254, 42.9825300495 ], [ -83.7293628772, 42.9826367281 ], [ -83.7293882321, 42.9827656507 ], [ -83.729384166, 42.982869628 ], [ -83.7293811555, 42.9830249858 ], [ -83.7293661507, 42.9833585694 ], [ -83.7293173709, 42.9835347127 ], [ -83.7292515009, 42.9836839442 ], [ -83.7291724215, 42.9838639073 ], [ -83.7289792076, 42.9841867756 ] ] } },
{ "type": "Feature", "properties": { "PR": "1497903", "Aadt": 21351, "AadtCommercial": 1238, "FacilityType": 2, "Year": "2024", "LocationId": "25-0487" }, "geometry": { "type": "LineString", "coordinates": [ [ -83.6835139207, 43.0757910171 ], [ -83.6835580014, 43.0775632698 ], [ -83.6836229822, 43.0781956478 ], [ -83.6837117469, 43.0785151645 ], [ -83.6838112186, 43.0788653637 ], [ -83.6843175774, 43.080168181 ], [ -83.6844181128, 43.0803971741 ], [ -83.684819731, 43.0812006527 ], [ -83.6849523986, 43.0815406253 ], [ -83.6853866714, 43.0825320493 ], [ -83.6855541457, 43.0829011773 ], [ -83.6857987523, 43.0835132326 ], [ -83.6861369008, 43.0846835056 ], [ -83.6862637664, 43.0865059446 ], [ -83.686310652, 43.0903584899 ], [ -83.6863638537, 43.0913318369 ], [ -83.6863722468, 43.0914199666 ], [ -83.6864202653, 43.0920630373 ], [ -83.6864568101, 43.0923918056 ], [ -83.6866325194, 43.0931391472 ], [ -83.6867205615, 43.0934250814 ], [ -83.6869069407, 43.0938930714 ], [ -83.6873592423, 43.0947318972 ], [ -83.6879118279, 43.0954996955 ], [ -83.6883207876, 43.0959690442 ], [ -83.6885823387, 43.0962094511 ], [ -83.6891473345, 43.0966846529 ], [ -83.6894225918, 43.0968974097 ], [ -83.6898764616, 43.0972205676 ], [ -83.690140974, 43.0974088996 ], [ -83.690613662, 43.0977095531 ], [ -83.6910581186, 43.0979569696 ], [ -83.6916174821, 43.0982376079 ], [ -83.6923580098, 43.0985103546 ], [ -83.6930877934, 43.0987523089 ], [ -83.6938650936, 43.0989773708 ], [ -83.694235384, 43.0990730982 ] ] } },
{ "type": "Feature", "properties": { "PR": "1497804", "Aadt": 89585, "AadtCommercial": 4934, "FacilityType": 2, "Year": "2024", "LocationId": "25-6349" }, "geometry": { "type": "LineString", "coordinates": [ [ -83.7493673689, 43.0021433688 ], [ -83.7493533772, 43.0027227771 ], [ -83.7492993284, 43.0033418462 ], [ -83.7492846119, 43.0037616324 ], [ -83.7492287893, 43.0043063736 ], [ -83.7491744943, 43.0046725932 ], [ -83.7491350526, 43.0050253416 ], [ -83.7487376, 43.0068927956 ], [ -83.7482582256, 43.0091560487 ], [ -83.7478901353, 43.0109041768 ], [ -83.7476497321, 43.0119343235 ], [ -83.7474999665, 43.0129269723 ], [ -83.7474622801, 43.0134633389 ], [ -83.7474448533, 43.0139346066 ], [ -83.7474708269, 43.0143587041 ], [ -83.7475891296, 43.0153435901 ], [ -83.747704141, 43.0157738273 ], [ -83.7477939384, 43.0160812908 ], [ -83.7479009319, 43.0164065646 ], [ -83.7480853748, 43.0169263756 ], [ -83.7482948607, 43.0173473445 ], [ -83.7485261318, 43.0177888385 ], [ -83.7489657801, 43.0184940178 ], [ -83.7502415223, 43.0201847709 ], [ -83.7521589289, 43.0227014797 ], [ -83.7527011472, 43.0233655951 ], [ -83.7529458512, 43.0237075993 ], [ -83.7532747701, 43.0242580561 ], [ -83.7534178866, 43.0245306127 ], [ -83.7536620944, 43.0250524157 ], [ -83.7539342598, 43.0258130196 ], [ -83.754135114, 43.0265137699 ], [ -83.7542323914, 43.0270326534 ], [ -83.7542795367, 43.027415685 ], [ -83.7543127802, 43.0278433931 ], [ -83.7543117657, 43.028369316 ], [ -83.7542461866, 43.0291844911 ], [ -83.7542416326, 43.0296058856 ], [ -83.7542194738, 43.0302735225 ], [ -83.7541998972, 43.0308042895 ], [ -83.7541233484, 43.0316939714 ], [ -83.7540852722, 43.03206752 ], [ -83.7540385586, 43.0323389758 ], [ -83.753954025, 43.0327005495 ], [ -83.7536394553, 43.0336632652 ], [ -83.7531865648, 43.0350522868 ], [ -83.7530592013, 43.0354395425 ], [ -83.7530040797, 43.0357568857 ], [ -83.7529660376, 43.0361155094 ], [ -83.7529392139, 43.0365062001 ], [ -83.7529530851, 43.0369704846 ], [ -83.7529649542, 43.0373210015 ], [ -83.7531748899, 43.0388582184 ], [ -83.7533912772, 43.0405437556 ], [ -83.7534304993, 43.040936333 ], [ -83.7534334962, 43.040966337 ], [ -83.753695335, 43.0430099043 ], [ -83.7537976956, 43.0435608797 ], [ -83.7539368379, 43.0441125851 ], [ -83.7541251912, 43.0446607685 ], [ -83.7543034442, 43.0451502554 ], [ -83.7547787044, 43.046079791 ], [ -83.7573512104, 43.0502583391 ], [ -83.7592320304, 43.0533718969 ], [ -83.7601798083, 43.0550121075 ], [ -83.760584203, 43.0556525828 ], [ -83.7614044119, 43.0570361292 ], [ -83.7615384461, 43.0573024629 ], [ -83.761747601, 43.0578075963 ], [ -83.7619695574, 43.0584536127 ], [ -83.7620906638, 43.0589086621 ], [ -83.7622025525, 43.0594514228 ], [ -83.7622665611, 43.0600882408 ], [ -83.7622961833, 43.0606541006 ] ] } },
{ "type": "Feature", "properties": { "PR": "1510803", "Aadt": 9204, "AadtCommercial": 257, "FacilityType": 2, "Year": "2024", "LocationId": "25-5304" }, "geometry": { "type": "LineString", "coordinates": [ [ -83.6968415184, 42.8638345959 ], [ -83.6966973882, 42.8641357983 ], [ -83.6966997211, 42.8659181872 ], [ -83.6967076567, 42.8676852468 ], [ -83.696790321, 42.8711152829 ], [ -83.6968317851, 42.8742745066 ], [ -83.6968068518, 42.8746084952 ], [ -83.6968066566, 42.8761824024 ], [ -83.6968125273, 42.8789245007 ], [ -83.6968330433, 42.8800481979 ], [ -83.6968603002, 42.880492518 ], [ -83.696912033, 42.8814550619 ], [ -83.697135851, 42.8858036773 ] ] } },
{ "type": "Feature", "properties": { "PR": "1497808", "Aadt": 2169, "AadtCommercial": null, "FacilityType": 4, "Year": "2024", "LocationId": "25-0464" }, "geometry": { "type": "LineString", "coordinates": [ [ -83.6296790586, 42.8940012423 ], [ -83.6297205397, 42.8940858312 ], [ -83.6298470266, 42.8942242068 ], [ -83.6300565212, 42.8944321852 ], [ -83.6302616992, 42.8947515589 ], [ -83.6304218935, 42.8950409063 ], [ -83.6304919307, 42.8952750441 ], [ -83.6305608422, 42.8955382414 ], [ -83.6306167854, 42.8959659748 ], [ -83.6306486303, 42.8963350358 ], [ -83.6306964504, 42.8964620671 ], [ -83.6307762689, 42.8966140056 ], [ -83.6309033263, 42.8967378507 ], [ -83.6310578621, 42.8968331864 ], [ -83.6313170477, 42.8969501047 ], [ -83.6316040861, 42.8970288271 ], [ -83.6318985858, 42.8970912586 ] ] } },
{ "type": "Feature", "properties": { "PR": "1497401", "Aadt": 13454, "AadtCommercial": 363, "FacilityType": 2, "Year": "2024", "LocationId": "25-6950" }, "geometry": { "type": "LineString", "coordinates": [ [ -83.6850181366, 43.024613902 ], [ -83.6847259668, 43.0247456368 ], [ -83.6845033046, 43.0248420776 ], [ -83.6841562463, 43.0251539645 ], [ -83.6839633413, 43.0253154558 ], [ -83.6837170762, 43.0256006713 ], [ -83.6834361613, 43.0257999225 ], [ -83.6830975982, 43.0259177746 ], [ -83.6825897198, 43.0260174085 ], [ -83.6815029875, 43.0256930728 ], [ -83.6810246877, 43.0255665608 ], [ -83.6807964578, 43.0255335228 ], [ -83.6803814329, 43.0254985155 ], [ -83.6798434141, 43.025551108 ], [ -83.6793740268, 43.0255652793 ], [ -83.6788266547, 43.0255641456 ], [ -83.6785952535, 43.0255574927 ], [ -83.6763941221, 43.0255799033 ], [ -83.6748631298, 43.0256197208 ], [ -83.6746935928, 43.0256285356 ], [ -83.6724205678, 43.0256323843 ], [ -83.6722260543, 43.025633888 ], [ -83.6721194439, 43.0256315171 ], [ -83.6715451863, 43.0256187466 ], [ -83.6709019063, 43.0256281935 ], [ -83.6675416719, 43.0256142556 ], [ -83.6674659188, 43.0255910835 ], [ -83.6674050736, 43.0255741928 ], [ -83.6673395864, 43.0255608239 ], [ -83.6672720381, 43.0255511364 ], [ -83.6671985609, 43.025544719 ], [ -83.6671367977, 43.0255416752 ], [ -83.6669512829, 43.0255447381 ], [ -83.6667656132, 43.025551816 ], [ -83.6665758823, 43.0255628275 ], [ -83.6663923165, 43.025576261 ], [ -83.666201627, 43.0255918434 ], [ -83.6660234667, 43.02560711 ], [ -83.6658343852, 43.0256215774 ], [ -83.6656478678, 43.0256303575 ], [ -83.6654492288, 43.0256390304 ], [ -83.6652534724, 43.0256439612 ], [ -83.6647846079, 43.0256508224 ], [ -83.6645689742, 43.0256508713 ], [ -83.6613955194, 43.0256515393 ], [ -83.6570637981, 43.0256505145 ], [ -83.6568721179, 43.0256447535 ], [ -83.6566929965, 43.0256302838 ], [ -83.6565031574, 43.025608418 ], [ -83.6563183427, 43.025583069 ], [ -83.6561125682, 43.0255535194 ], [ -83.65590132, 43.0255264748 ], [ -83.6557386417, 43.0255109442 ], [ -83.6555808716, 43.0254987463 ], [ -83.6553928566, 43.0254930588 ], [ -83.6553292575, 43.025494534 ], [ -83.6552674918, 43.0254991305 ], [ -83.6552011425, 43.0255088071 ], [ -83.6551379426, 43.0255207758 ], [ -83.655073757, 43.0255359605 ], [ -83.653839456, 43.0255897978 ], [ -83.6528810357, 43.0255951837 ], [ -83.6520776261, 43.0256093221 ], [ -83.6500793122, 43.0256545369 ], [ -83.6451172143, 43.0257474705 ], [ -83.6350703091, 43.0260043253 ] ] } },
{ "type": "Feature", "properties": { "PR": "1523901", "Aadt": 11776, "AadtCommercial": 330, "FacilityType": 2, "Year": "2024", "LocationId": "25-5478" }, "geometry": { "type": "LineString", "coordinates": [ [ -83.8130078365, 43.0531802651 ], [ -83.8131740928, 43.0601834082 ] ] } },
{ "type": "Feature", "properties": { "PR": "1498101", "Aadt": 2723, "AadtCommercial": null, "FacilityType": 4, "Year": "2024", "LocationId": "25-0606" }, "geometry": { "type": "LineString", "coordinates": [ [ -83.7618868038, 43.0606460848 ], [ -83.761194376, 43.0604642356 ], [ -83.7610938568, 43.0604270898 ], [ -83.7610292707, 43.0603906539 ], [ -83.7609601498, 43.0603145763 ], [ -83.7608795368, 43.0602250875 ], [ -83.7608411691, 43.0601276448 ], [ -83.760827728, 43.0600043271 ], [ -83.7608503811, 43.0598773296 ], [ -83.760926612, 43.059760181 ], [ -83.7610633782, 43.0596266506 ], [ -83.761264243, 43.0595427308 ], [ -83.7614633314, 43.0595071173 ], [ -83.7616845977, 43.0595202838 ], [ -83.7619327407, 43.0596174804 ], [ -83.7621002808, 43.0597877915 ], [ -83.7622665611, 43.0600882408 ] ] } },
{ "type": "Feature", "properties": { "PR": "0562110", "Aadt": 3195, "AadtCommercial": null, "FacilityType": 4, "Year": "2024", "LocationId": "76-0151" }, "geometry": { "type": "LineString", "coordinates": [ [ -83.9299829335, 42.9643756195 ], [ -83.9307911452, 42.9645173382 ], [ -83.9309687537, 42.9646000945 ], [ -83.9311146358, 42.9647441471 ], [ -83.9312273067, 42.9648901952 ], [ -83.9312623381, 42.9650132233 ], [ -83.9312459434, 42.9652073007 ], [ -83.9311910942, 42.9653790771 ], [ -83.9310684016, 42.965528012 ], [ -83.9308423831, 42.9656644274 ], [ -83.9306305008, 42.965721566 ], [ -83.9303615211, 42.9657450547 ], [ -83.9300544666, 42.9657472742 ], [ -83.9293821724, 42.9657409185 ], [ -83.9292513624, 42.9656314924 ], [ -83.9290500354, 42.9654982153 ], [ -83.9289112355, 42.9653054796 ], [ -83.9288215054, 42.9650568498 ] ] } },
{ "type": "Feature", "properties": { "PR": "1519705", "Aadt": 4332, "AadtCommercial": 125, "FacilityType": 2, "Year": "2024", "LocationId": "25-5339" }, "geometry": { "type": "LineString", "coordinates": [ [ -83.6461225459, 42.9027414189 ], [ -83.6461394026, 42.903385113 ], [ -83.6461811288, 42.9047902673 ], [ -83.6462383115, 42.906588561 ], [ -83.6462686603, 42.9076104908 ], [ -83.6463020356, 42.9085538301 ], [ -83.6463335783, 42.9095447996 ], [ -83.6463631512, 42.9104606499 ], [ -83.6463958244, 42.9115064609 ], [ -83.646432869, 42.912607182 ], [ -83.6464447395, 42.9129303827 ], [ -83.646474192, 42.9138915147 ], [ -83.6465149229, 42.9149386843 ], [ -83.6465309342, 42.9153227482 ], [ -83.6465358527, 42.9154896903 ], [ -83.6465408642, 42.9156542508 ], [ -83.6465386315, 42.9157543078 ], [ -83.6465347787, 42.915854331 ], [ -83.6465290303, 42.9159614655 ], [ -83.6465196289, 42.9160792492 ], [ -83.6465100438, 42.9162017961 ], [ -83.6464985187, 42.9163326442 ], [ -83.6464871447, 42.9165016298 ], [ -83.6464538827, 42.9165835542 ], [ -83.6464448197, 42.9166083912 ], [ -83.6464386249, 42.9166323943 ], [ -83.6464336003, 42.9166576135 ], [ -83.6464326484, 42.9166823221 ], [ -83.6464339619, 42.9167078804 ], [ -83.646437639, 42.9167387037 ], [ -83.6464414263, 42.9167666683 ], [ -83.6464429788, 42.9167866564 ], [ -83.646443517, 42.916799634 ], [ -83.6464420027, 42.9168119959 ], [ -83.6464392221, 42.9168235694 ], [ -83.6464348934, 42.9168349197 ], [ -83.6464295701, 42.9168464159 ], [ -83.6464232953, 42.9168585293 ], [ -83.6463973696, 42.9169001759 ], [ -83.6463655854, 42.916954739 ], [ -83.6463604937, 42.9169656923 ], [ -83.6463566244, 42.9169785773 ], [ -83.6463551186, 42.9169907493 ], [ -83.6463553899, 42.9170039114 ], [ -83.6463569788, 42.9170165289 ], [ -83.6463603826, 42.9170291842 ], [ -83.6463666595, 42.9170413272 ], [ -83.6463750256, 42.9170531318 ], [ -83.6463847314, 42.9170638212 ], [ -83.6463960145, 42.9170739714 ], [ -83.6464078682, 42.9170827984 ], [ -83.6464202097, 42.917090133 ], [ -83.6464715722, 42.9171205183 ] ] } },
{ "type": "Feature", "properties": { "PR": "1500910", "Aadt": 3279, "AadtCommercial": 95, "FacilityType": 2, "Year": "2024", "LocationId": "25-7099" }, "geometry": { "type": "LineString", "coordinates": [ [ -83.6177579386, 43.1205379519 ], [ -83.6096333272, 43.1207049049 ], [ -83.6002062867, 43.1209923997 ], [ -83.5962445738, 43.1210735318 ], [ -83.5941991727, 43.1210545039 ], [ -83.5931242872, 43.1210539281 ], [ -83.5912196331, 43.121070793 ], [ -83.5907161475, 43.1210660775 ], [ -83.5894014254, 43.1210499726 ], [ -83.5879749587, 43.1209965521 ], [ -83.5866731306, 43.1209159472 ], [ -83.5839186934, 43.1207221106 ], [ -83.5828968121, 43.1206667129 ], [ -83.5818428237, 43.1206360089 ], [ -83.5788093237, 43.1206368502 ] ] } },
{ "type": "Feature", "properties": { "PR": "0556307", "Aadt": 3597, "AadtCommercial": 88, "FacilityType": 2, "Year": "2024", "LocationId": "76-5189" }, "geometry": { "type": "LineString", "coordinates": [ [ -83.98804803, 42.9180276271 ], [ -83.9880628691, 42.918488398 ], [ -83.9880830335, 42.9190527684 ], [ -83.9881253548, 42.9202385683 ], [ -83.9881128964, 42.920591876 ], [ -83.988137374, 42.9209848479 ], [ -83.9882002263, 42.9226381362 ], [ -83.9882507933, 42.9253051545 ] ] } },
{ "type": "Feature", "properties": { "PR": "0470101", "Aadt": 857, "AadtCommercial": 26, "FacilityType": 2, "Year": "2024", "LocationId": "73-5729" }, "geometry": { "type": "LineString", "coordinates": [ [ -83.9884375571, 43.2200262345 ], [ -83.9817938467, 43.2200896809 ], [ -83.9771945988, 43.2201332875 ], [ -83.9715888585, 43.220194148 ], [ -83.9709308248, 43.220196974 ], [ -83.9617155514, 43.2202768565 ], [ -83.9518148103, 43.2202681184 ], [ -83.9514021028, 43.2202663104 ], [ -83.9457912835, 43.2202946057 ], [ -83.9454940967, 43.2202972634 ], [ -83.9339687202, 43.220375279 ], [ -83.9320644723, 43.2203788826 ] ] } },
{ "type": "Feature", "properties": { "PR": "3250619", "Aadt": 592, "AadtCommercial": 18, "FacilityType": 1, "Year": "2024", "LocationId": "25-7014" }, "geometry": { "type": "LineString", "coordinates": [ [ -83.6825908065, 43.06887326 ], [ -83.6826081855, 43.0696014802 ], [ -83.6826217332, 43.0699364354 ], [ -83.6826306398, 43.0701571771 ], [ -83.6825919919, 43.0710376042 ], [ -83.6826141651, 43.0717702189 ], [ -83.6826135973, 43.0725089797 ], [ -83.6826241729, 43.0732161439 ], [ -83.6826231221, 43.073911857 ], [ -83.682666974, 43.0743287924 ], [ -83.6826747281, 43.0748195928 ], [ -83.6826647427, 43.0757816858 ] ] } },
{ "type": "Feature", "properties": { "PR": "1498409", "Aadt": 21231, "AadtCommercial": 574, "FacilityType": 2, "Year": "2024", "LocationId": "25-5132" }, "geometry": { "type": "LineString", "coordinates": [ [ -83.6337479778, 42.9895434836 ], [ -83.6338180934, 42.9920127502 ], [ -83.6338658678, 42.9929685446 ], [ -83.6339336577, 42.9945111082 ], [ -83.6339683486, 42.995994627 ], [ -83.6340805027, 42.9980903935 ], [ -83.6341861772, 43.0000723 ], [ -83.6344109954, 43.0031860363 ], [ -83.6344898694, 43.0041690411 ], [ -83.6344813235, 43.0049450151 ], [ -83.6345596386, 43.0068734835 ], [ -83.6345993378, 43.0078510177 ], [ -83.6346318399, 43.0101052798 ] ] } },
{ "type": "Feature", "properties": { "PR": "1495003", "Aadt": 2737, "AadtCommercial": 80, "FacilityType": 2, "Year": "2024", "LocationId": "25-7067" }, "geometry": { "type": "LineString", "coordinates": [ [ -83.4977311164, 43.0178175314 ], [ -83.4977098832, 43.0178271022 ], [ -83.4976833757, 43.0178389518 ], [ -83.4976576591, 43.0178499884 ], [ -83.4976304328, 43.0178602078 ], [ -83.4976024816, 43.0178687664 ], [ -83.4975734347, 43.0178765305 ], [ -83.4975412043, 43.0178842397 ], [ -83.4971855971, 43.0179651631 ], [ -83.4971571237, 43.0179721444 ], [ -83.4971292921, 43.0179803857 ], [ -83.4971023173, 43.0179901583 ], [ -83.4970751491, 43.0180020401 ], [ -83.4970477072, 43.0180157436 ], [ -83.4970166533, 43.0180321184 ], [ -83.4967791041, 43.0180853607 ], [ -83.4965324666, 43.0181376036 ], [ -83.4963009564, 43.0181826844 ], [ -83.4960758795, 43.0182227551 ], [ -83.4880718695, 43.0196046572 ] ] } },
{ "type": "Feature", "properties": { "PR": "1522902", "Aadt": 4001, "AadtCommercial": 116, "FacilityType": 2, "Year": "2024", "LocationId": "25-7061" }, "geometry": { "type": "LineString", "coordinates": [ [ -83.5585937474, 43.1208515009 ], [ -83.558829037, 43.127771497 ], [ -83.5589931298, 43.1339303986 ], [ -83.5589719185, 43.1349242909 ], [ -83.5588729164, 43.1356838847 ], [ -83.5586944443, 43.1366882231 ], [ -83.5584982924, 43.137878894 ], [ -83.5584421072, 43.1383474905 ], [ -83.5584027611, 43.1390171442 ], [ -83.5584035018, 43.1402395696 ], [ -83.5583923612, 43.143619198 ], [ -83.5584403496, 43.1473059327 ], [ -83.5585379216, 43.1508611925 ] ] } },
{ "type": "Feature", "properties": { "PR": "1494203", "Aadt": 7759, "AadtCommercial": 218, "FacilityType": 2, "Year": "2024", "LocationId": "25-5517" }, "geometry": { "type": "LineString", "coordinates": [ [ -83.7834139821, 43.0313508282 ], [ -83.7800073044, 43.03136346 ], [ -83.7772214973, 43.0313737142 ], [ -83.7757605665, 43.0313588684 ], [ -83.7735235391, 43.0313903024 ] ] } },
{ "type": "Feature", "properties": { "PR": "1536401", "Aadt": 1713, "AadtCommercial": 50, "FacilityType": 2, "Year": "2024", "LocationId": "25-5520" }, "geometry": { "type": "LineString", "coordinates": [ [ -83.8133474047, 43.0782790184 ], [ -83.8129428822, 43.0783227186 ], [ -83.8124706249, 43.0783514839 ], [ -83.8122295285, 43.0783657697 ], [ -83.8089307863, 43.0783993742 ], [ -83.7980629913, 43.0784827331 ], [ -83.7931936994, 43.078542777 ], [ -83.7927685396, 43.0785573128 ], [ -83.7851136942, 43.0785992159 ], [ -83.7794301091, 43.0786766411 ], [ -83.7734028916, 43.0786984117 ], [ -83.7731966479, 43.0787044469 ] ] } },
{ "type": "Feature", "properties": { "PR": "1495003", "Aadt": 12901, "AadtCommercial": 362, "FacilityType": 2, "Year": "2024", "LocationId": "25-7111" }, "geometry": { "type": "LineString", "coordinates": [ [ -83.5419535348, 43.0121131595 ], [ -83.5386023121, 43.0121873481 ], [ -83.5377162488, 43.0122166745 ], [ -83.5363383277, 43.0122446654 ] ] } },
{ "type": "Feature", "properties": { "PR": "1523103", "Aadt": 1110, "AadtCommercial": 32, "FacilityType": 2, "Year": "2024", "LocationId": "25-5194" }, "geometry": { "type": "LineString", "coordinates": [ [ -83.8336453249, 42.9571716687 ], [ -83.8336658623, 42.9584297849 ], [ -83.8334599753, 42.9588411127 ], [ -83.8334118752, 42.9589018486 ], [ -83.8332032511, 42.9591073393 ], [ -83.8330057151, 42.9592038754 ], [ -83.832758827, 42.959273063 ], [ -83.8307773673, 42.9592895804 ] ] } },
{ "type": "Feature", "properties": { "PR": "1503208", "Aadt": 2356, "AadtCommercial": null, "FacilityType": 4, "Year": "2024", "LocationId": "25-0156" }, "geometry": { "type": "LineString", "coordinates": [ [ -83.6324872275, 42.8946089412 ], [ -83.6319910451, 42.89444515 ], [ -83.6311615459, 42.8942816908 ], [ -83.6305790738, 42.8941082923 ], [ -83.6302358071, 42.8939499779 ], [ -83.6291801444, 42.893328598 ] ] } },
{ "type": "Feature", "properties": { "PR": "1523901", "Aadt": 7023, "AadtCommercial": 196, "FacilityType": 2, "Year": "2024", "LocationId": "25-5138" }, "geometry": { "type": "LineString", "coordinates": [ [ -83.8117357154, 42.986581489 ], [ -83.8117425277, 42.9869946228 ], [ -83.8118002097, 42.9893738227 ], [ -83.8118027805, 42.9894205208 ], [ -83.8118332559, 42.9906474622 ], [ -83.8118350224, 42.9911159297 ], [ -83.8118871308, 42.9930384287 ], [ -83.8119065566, 42.9941691455 ], [ -83.8120336612, 42.9980077521 ], [ -83.8121063358, 43.0011906518 ] ] } },
{ "type": "Feature", "properties": { "PR": "1520305", "Aadt": 3205, "AadtCommercial": 92, "FacilityType": 2, "Year": "2024", "LocationId": "25-7127" }, "geometry": { "type": "LineString", "coordinates": [ [ -83.6185533649, 43.1357988125 ], [ -83.6187592084, 43.1431698411 ], [ -83.6188073726, 43.1445923741 ], [ -83.6188469997, 43.1453314456 ], [ -83.6188817978, 43.1456686528 ], [ -83.61895277, 43.1463079413 ], [ -83.6190141666, 43.1468415666 ], [ -83.6193373843, 43.149362875 ], [ -83.6194686865, 43.1505420826 ] ] } },
{ "type": "Feature", "properties": { "PR": "1530708", "Aadt": 2373, "AadtCommercial": 68, "FacilityType": 2, "Year": "2024", "LocationId": "25-7116" }, "geometry": { "type": "LineString", "coordinates": [ [ -83.5166064156, 43.0255887858 ], [ -83.5166273162, 43.027371461 ], [ -83.516656054, 43.0283623529 ], [ -83.5166958392, 43.0292585798 ], [ -83.5167234055, 43.03025777 ], [ -83.5167342221, 43.0303633626 ], [ -83.5167450956, 43.0308477262 ], [ -83.5167606658, 43.0318107978 ], [ -83.5167638708, 43.032887695 ], [ -83.5167750682, 43.0337889865 ], [ -83.516765113, 43.0347022951 ] ] } },
{ "type": "Feature", "properties": { "PR": "1503105", "Aadt": 4562, "AadtCommercial": null, "FacilityType": 4, "Year": "2024", "LocationId": "25-1204" }, "geometry": { "type": "LineString", "coordinates": [ [ -83.6779809377, 42.9440949233 ], [ -83.6793008775, 42.9443011886 ], [ -83.6796267756, 42.9443916267 ], [ -83.6799827255, 42.944524557 ], [ -83.6802558775, 42.9446697458 ], [ -83.6805277941, 42.944847479 ], [ -83.6807914411, 42.945076223 ], [ -83.6810833769, 42.9453939496 ], [ -83.6812219085, 42.9456501182 ], [ -83.6813127138, 42.9458430256 ], [ -83.6813527682, 42.9459717737 ], [ -83.6814088105, 42.9461549934 ], [ -83.6815282399, 42.9468041703 ] ] } },
{ "type": "Feature", "properties": { "PR": "1502405", "Aadt": 3264, "AadtCommercial": null, "FacilityType": 4, "Year": "2024", "LocationId": "25-1213" }, "geometry": { "type": "LineString", "coordinates": [ [ -83.6818394837, 42.9696330649 ], [ -83.6814856214, 42.9709968031 ], [ -83.6813066517, 42.9718894715 ], [ -83.6812400533, 42.9725710652 ], [ -83.6812725454, 42.9740102125 ], [ -83.681278281, 42.9742689972 ] ] } },
{ "type": "Feature", "properties": { "PR": "1855002", "Aadt": 1437, "AadtCommercial": 40, "FacilityType": 2, "Year": "2024", "LocationId": "76-5288" }, "geometry": { "type": "LineString", "coordinates": [ [ -83.9874604887, 43.058680817 ], [ -83.9800792305, 43.0586648845 ], [ -83.9783961743, 43.0586603314 ], [ -83.9727382133, 43.0587428178 ], [ -83.972234087, 43.0587478512 ], [ -83.9677679049, 43.0588086451 ], [ -83.9483985998, 43.0588580962 ], [ -83.9481132944, 43.0588743613 ], [ -83.9476033669, 43.0588688958 ], [ -83.9431423671, 43.0588917535 ], [ -83.9405351294, 43.0589224174 ], [ -83.933151782, 43.0589228404 ], [ -83.9284105976, 43.0589386707 ] ] } },
{ "type": "Feature", "properties": { "PR": "0651603", "Aadt": 1102, "AadtCommercial": null, "FacilityType": 4, "Year": "2024", "LocationId": "63-0585" }, "geometry": { "type": "LineString", "coordinates": [ [ -83.5700712556, 42.8194035226 ], [ -83.5701942936, 42.8187392891 ], [ -83.5702515352, 42.8184838678 ], [ -83.5703184843, 42.8182806787 ], [ -83.570506444, 42.8178771968 ], [ -83.5706221976, 42.8176906641 ], [ -83.5708185056, 42.8174330294 ], [ -83.5710629815, 42.8171486825 ], [ -83.5712915148, 42.8169099479 ], [ -83.5717482128, 42.816382179 ], [ -83.5718288826, 42.8162486497 ], [ -83.5719174356, 42.81609448 ], [ -83.5720407853, 42.8156566586 ], [ -83.5720444382, 42.8154382777 ] ] } },
{ "type": "Feature", "properties": { "PR": "1500917", "Aadt": 750, "AadtCommercial": 23, "FacilityType": 2, "Year": "2024", "LocationId": "25-6819" }, "geometry": { "type": "LineString", "coordinates": [ [ -83.694391542, 43.1181338307 ], [ -83.6947982466, 43.1184319574 ], [ -83.6949061491, 43.1185008247 ], [ -83.6950421999, 43.118513118 ], [ -83.6952110901, 43.1185165547 ], [ -83.6967885724, 43.1184836 ], [ -83.6976791514, 43.1184755931 ] ] } },
{ "type": "Feature", "properties": { "PR": "1523109", "Aadt": 4608, "AadtCommercial": 134, "FacilityType": 2, "Year": "2024", "LocationId": "25-5543" }, "geometry": { "type": "LineString", "coordinates": [ [ -83.694320456, 43.1048159041 ], [ -83.6927084035, 43.1048307327 ], [ -83.6846799886, 43.1049151027 ], [ -83.6821330789, 43.1049683827 ], [ -83.6796580169, 43.105048851 ], [ -83.6769366716, 43.1051228975 ], [ -83.6756606942, 43.1051238498 ], [ -83.674484735, 43.1051288321 ], [ -83.6712977214, 43.1051894096 ], [ -83.6705129868, 43.1051976536 ], [ -83.6701385671, 43.1052016514 ], [ -83.6646972984, 43.1052988695 ], [ -83.6568601416, 43.105534751 ] ] } },
{ "type": "Feature", "properties": { "PR": "1497409", "Aadt": 9586, "AadtCommercial": 258, "FacilityType": 2, "Year": "2024", "LocationId": "25-7075" }, "geometry": { "type": "LineString", "coordinates": [ [ -83.5956998197, 43.0336418974 ], [ -83.5926137851, 43.033630275 ], [ -83.5900867195, 43.033632658 ], [ -83.5885421284, 43.0336247985 ], [ -83.5870886288, 43.0336174447 ], [ -83.5853469606, 43.0336133174 ], [ -83.5850796101, 43.0336104231 ], [ -83.5816569867, 43.0336159024 ], [ -83.580190196, 43.0336081497 ], [ -83.5794702916, 43.0336142897 ], [ -83.5772708838, 43.033613703 ], [ -83.5761326434, 43.0336352993 ], [ -83.5738548925, 43.0336582177 ], [ -83.5713390039, 43.0337404913 ], [ -83.5698079749, 43.0337441185 ], [ -83.5676199457, 43.0338115639 ], [ -83.5619632947, 43.0339379976 ], [ -83.5564197929, 43.0339809819 ] ] } },
{ "type": "Feature", "properties": { "PR": "3251558", "Aadt": 7028, "AadtCommercial": 196, "FacilityType": 2, "Year": "2024", "LocationId": "25-5186" }, "geometry": { "type": "LineString", "coordinates": [ [ -83.7828336925, 42.8331983977 ], [ -83.7831075435, 42.8405383328 ] ] } },
{ "type": "Feature", "properties": { "PR": "1525902", "Aadt": 7853, "AadtCommercial": 221, "FacilityType": 2, "Year": "2024", "LocationId": "25-6625" }, "geometry": { "type": "LineString", "coordinates": [ [ -83.7048579255, 43.0068248242 ], [ -83.7052173347, 43.0071986896 ], [ -83.7054925667, 43.0074402938 ], [ -83.7056664954, 43.0075597025 ], [ -83.705913177, 43.0076759506 ], [ -83.7061318866, 43.007744889 ], [ -83.7063056105, 43.007772809 ], [ -83.7065048148, 43.0077768472 ], [ -83.7069474846, 43.0077664409 ], [ -83.7072158794, 43.0077912589 ], [ -83.7074743449, 43.007846639 ] ] } },
{ "type": "Feature", "properties": { "PR": "1523901", "Aadt": 303, "AadtCommercial": 9, "FacilityType": 2, "Year": "2024", "LocationId": "25-5188" }, "geometry": { "type": "LineString", "coordinates": [ [ -83.8098586829, 42.913411241 ], [ -83.8098428815, 42.9138991687 ], [ -83.8098566313, 42.9151678073 ], [ -83.8101589502, 42.9227838052 ], [ -83.8103281022, 42.9281871864 ], [ -83.8104293059, 42.9310343765 ], [ -83.8106826346, 42.9407546062 ], [ -83.8107013372, 42.9416322107 ], [ -83.8107165768, 42.9418116239 ], [ -83.8107276171, 42.9420101308 ], [ -83.8107379798, 42.9421552378 ], [ -83.8107373866, 42.9422440769 ], [ -83.8107280966, 42.9423582963 ], [ -83.810697059, 42.9424276453 ], [ -83.8106639114, 42.942492545 ], [ -83.8106276258, 42.9425544518 ], [ -83.8105939489, 42.9425889056 ], [ -83.8105749973, 42.9426084367 ] ] } },
{ "type": "Feature", "properties": { "PR": "1502910", "Aadt": 2412, "AadtCommercial": null, "FacilityType": 4, "Year": "2024", "LocationId": "25-3658" }, "geometry": { "type": "LineString", "coordinates": [ [ -83.7302740863, 42.8005652051 ], [ -83.7296355577, 42.8010775136 ], [ -83.7293830813, 42.8012263107 ], [ -83.7291029076, 42.8013535662 ], [ -83.7288722638, 42.8014258628 ], [ -83.7286513696, 42.8014913612 ], [ -83.7280587557, 42.8015913428 ], [ -83.7275513035, 42.8017000311 ], [ -83.7272813932, 42.8018065058 ], [ -83.7270863766, 42.8019424652 ], [ -83.7269275065, 42.802128114 ], [ -83.7261134963, 42.8031851841 ], [ -83.725877756, 42.8034808853 ] ] } },
{ "type": "Feature", "properties": { "PR": "1523109", "Aadt": 5369, "AadtCommercial": 150, "FacilityType": 2, "Year": "2024", "LocationId": "25-6812" }, "geometry": { "type": "LineString", "coordinates": [ [ -83.7079688292, 43.1047700978 ], [ -83.7066248235, 43.1047735424 ], [ -83.7042418077, 43.1047796111 ], [ -83.703909807, 43.104782316 ], [ -83.702283816, 43.1047955515 ], [ -83.7016435505, 43.1048007569 ], [ -83.6992983044, 43.1047940411 ], [ -83.6968569842, 43.1048288815 ], [ -83.694320456, 43.1048159041 ] ] } },
{ "type": "Feature", "properties": { "PR": "1495001", "Aadt": 3296, "AadtCommercial": null, "FacilityType": 4, "Year": "2024", "LocationId": "25-4107" }, "geometry": { "type": "LineString", "coordinates": [ [ -83.6819668824, 42.9894009877 ], [ -83.6820227243, 42.9896403471 ], [ -83.6819900024, 42.9900080425 ], [ -83.6819497073, 42.9901956335 ], [ -83.6819117992, 42.9902880549 ], [ -83.6817942464, 42.99075828 ], [ -83.6816500306, 42.9913508621 ], [ -83.6815021692, 42.9919626635 ] ] } },
{ "type": "Feature", "properties": { "PR": "3790617", "Aadt": 1405, "AadtCommercial": 40, "FacilityType": 2, "Year": "2024", "LocationId": "79-5024" }, "geometry": { "type": "LineString", "coordinates": [ [ -83.5600734666, 43.222796724 ], [ -83.5600326328, 43.2231919544 ], [ -83.5599926811, 43.2233842939 ], [ -83.5599307631, 43.2236421305 ], [ -83.5598374132, 43.2238804435 ], [ -83.5597304285, 43.2241373118 ], [ -83.5595210012, 43.2245380533 ], [ -83.5591559163, 43.2252841452 ], [ -83.5591491967, 43.2252982048 ], [ -83.5589307629, 43.2257552296 ], [ -83.558872438, 43.2259236129 ], [ -83.5588196036, 43.2261156748 ], [ -83.5587576789, 43.2263735115 ], [ -83.5587280995, 43.2266822952 ], [ -83.558766673, 43.2321565266 ], [ -83.55879105, 43.2374017215 ], [ -83.5588083163, 43.241759906 ], [ -83.558840759, 43.2483821845 ], [ -83.5588193402, 43.2515994419 ], [ -83.5588378736, 43.2520273741 ] ] } },
{ "type": "Feature", "properties": { "PR": "3251555", "Aadt": 5898, "AadtCommercial": 165, "FacilityType": 2, "Year": "2024", "LocationId": "25-5167" }, "geometry": { "type": "LineString", "coordinates": [ [ -83.8649155356, 42.8000785909 ], [ -83.8646489581, 42.8000004515 ], [ -83.8642889553, 42.7998977785 ], [ -83.8638572969, 42.7997904426 ], [ -83.8633500742, 42.799661841 ], [ -83.8629175535, 42.7995792753 ], [ -83.8623405751, 42.7994559587 ], [ -83.8618291618, 42.7993190068 ], [ -83.8614499065, 42.7991895169 ], [ -83.8611796858, 42.7990868839 ], [ -83.8609314272, 42.7989580866 ], [ -83.8607762918, 42.7988776019 ], [ -83.8603336952, 42.7985700655 ], [ -83.8552283015, 42.7949727069 ], [ -83.854642321, 42.7945907896 ], [ -83.8540789612, 42.7941672867 ], [ -83.8528483288, 42.7932983147 ], [ -83.8524243934, 42.7930191304 ], [ -83.8521097015, 42.7928467127 ], [ -83.8518589739, 42.7927211451 ], [ -83.8514064253, 42.7925681702 ], [ -83.8506682683, 42.7924014706 ], [ -83.8480359127, 42.7918861746 ], [ -83.8477046845, 42.7918225098 ], [ -83.8471965599, 42.7917101067 ], [ -83.8461837262, 42.7915234803 ], [ -83.8459290289, 42.7914557304 ] ] } },
{ "type": "Feature", "properties": { "PR": "0481406", "Aadt": 1987, "AadtCommercial": 58, "FacilityType": 2, "Year": "2024", "LocationId": "73-5239" }, "geometry": { "type": "LineString", "coordinates": [ [ -83.932381166, 43.244413178 ], [ -83.9323654554, 43.245232519 ], [ -83.9323873017, 43.2455855398 ], [ -83.9324134766, 43.2467218796 ], [ -83.9324516639, 43.2478034963 ], [ -83.9324468851, 43.2491779175 ], [ -83.9324699421, 43.2503967625 ], [ -83.9325191579, 43.2560774698 ], [ -83.9325453449, 43.2575785304 ], [ -83.9326513116, 43.2636293021 ] ] } },
{ "type": "Feature", "properties": { "PR": "1503301", "Aadt": 1805, "AadtCommercial": null, "FacilityType": 4, "Year": "2024", "LocationId": "25-0615" }, "geometry": { "type": "LineString", "coordinates": [ [ -83.7635730583, 43.1210090485 ], [ -83.7638479808, 43.1202189836 ], [ -83.764337878, 43.1190925691 ], [ -83.7643691607, 43.1189418494 ] ] } },
{ "type": "Feature", "properties": { "PR": "1495409", "Aadt": 2612, "AadtCommercial": null, "FacilityType": 4, "Year": "2024", "LocationId": "25-4492" }, "geometry": { "type": "LineString", "coordinates": [ [ -83.6477878922, 43.0125586306 ], [ -83.6494949196, 43.0126570632 ], [ -83.6498568291, 43.012684783 ], [ -83.6501054813, 43.0127326958 ], [ -83.6503937282, 43.0128113545 ], [ -83.6507623164, 43.0129216056 ], [ -83.6510208019, 43.0130167458 ], [ -83.6512783007, 43.0131375144 ], [ -83.6519666132, 43.0134168469 ], [ -83.6521793578, 43.0134896605 ], [ -83.6523475084, 43.0135102482 ], [ -83.6528649192, 43.0135330774 ], [ -83.654384308, 43.0134760554 ] ] } },
{ "type": "Feature", "properties": { "PR": "1503109", "Aadt": 662, "AadtCommercial": null, "FacilityType": 4, "Year": "2024", "LocationId": "25-1202" }, "geometry": { "type": "LineString", "coordinates": [ [ -83.6829342758, 42.9440850301 ], [ -83.6832370184, 42.9442190481 ], [ -83.6834808282, 42.9443031407 ], [ -83.6836843748, 42.9444468954 ], [ -83.6838112742, 42.9446076913 ], [ -83.6838694431, 42.9447438151 ], [ -83.6839010644, 42.9449119656 ], [ -83.6838685174, 42.9451020651 ], [ -83.6837795423, 42.9452770508 ], [ -83.6836084726, 42.9454457013 ], [ -83.6833881843, 42.9455761211 ], [ -83.6832151946, 42.9456284117 ], [ -83.6829476301, 42.9456694581 ], [ -83.6826948399, 42.945654972 ], [ -83.6824627999, 42.9455943832 ], [ -83.6822820956, 42.9455162345 ], [ -83.6821281185, 42.9454014103 ], [ -83.6820061378, 42.9452779355 ], [ -83.6819166829, 42.9451318641 ], [ -83.6818288853, 42.9449105552 ] ] } },
{ "type": "Feature", "properties": { "PR": "1495101", "Aadt": 4136, "AadtCommercial": 115, "FacilityType": 2, "Year": "2024", "LocationId": "25-6996" }, "geometry": { "type": "LineString", "coordinates": [ [ -83.6451172143, 43.0257474705 ], [ -83.6451057884, 43.0260271941 ], [ -83.6451843153, 43.0278160917 ], [ -83.6452298147, 43.0293672463 ], [ -83.6452619707, 43.0300961902 ], [ -83.645303981, 43.0306736434 ], [ -83.6452916023, 43.0311837729 ], [ -83.6453646535, 43.0330489228 ] ] } },
{ "type": "Feature", "properties": { "PR": "3251577", "Aadt": 1895, "AadtCommercial": null, "FacilityType": 4, "Year": "2024", "LocationId": "25-0441" }, "geometry": { "type": "LineString", "coordinates": [ [ -83.5555501402, 43.0133356311 ], [ -83.5554286939, 43.0141597128 ], [ -83.5553762974, 43.0144605215 ], [ -83.5552762448, 43.014742541 ], [ -83.5551958709, 43.014936179 ], [ -83.555026113, 43.0151456488 ], [ -83.554766497, 43.0153827801 ], [ -83.5545922321, 43.0155033458 ], [ -83.5543778997, 43.0156171258 ], [ -83.5539847972, 43.0157625668 ], [ -83.5519336475, 43.0164089376 ], [ -83.5515209147, 43.0165299031 ], [ -83.5512300943, 43.0165909447 ], [ -83.55051031, 43.0167036327 ] ] } },
{ "type": "Feature", "properties": { "PR": "3780061", "Aadt": 2414, "AadtCommercial": null, "FacilityType": 4, "Year": "2024", "LocationId": "76-0160" }, "geometry": { "type": "LineString", "coordinates": [ [ -84.0019740378, 42.9283596539 ], [ -84.0016884833, 42.9285796885 ], [ -84.0015534309, 42.928629583 ], [ -84.0014101333, 42.9286597246 ], [ -84.0012760461, 42.9286802244 ], [ -84.0010893748, 42.9286769166 ], [ -84.0008896902, 42.928663574 ], [ -84.0007079994, 42.9286440141 ], [ -84.0005219702, 42.9286211082 ], [ -84.0002428206, 42.9285900161 ], [ -83.9999722386, 42.9285688792 ], [ -83.9987397413, 42.9284346347 ], [ -83.9978849646, 42.9283455841 ], [ -83.9974356361, 42.9283506816 ], [ -83.9969570618, 42.9284336898 ], [ -83.9960383969, 42.9286646359 ] ] } },
{ "type": "Feature", "properties": { "PR": "0651401", "Aadt": 241, "AadtCommercial": 6, "FacilityType": 2, "Year": "2024", "LocationId": "63-5240" }, "geometry": { "type": "LineString", "coordinates": [ [ -83.6642043851, 42.8564120866 ], [ -83.6643214068, 42.8600225233 ], [ -83.6645350131, 42.8635270411 ] ] } },
{ "type": "Feature", "properties": { "PR": "1515306", "Aadt": 2694, "AadtCommercial": 75, "FacilityType": 2, "Year": "2024", "LocationId": "25-7043" }, "geometry": { "type": "LineString", "coordinates": [ [ -83.7342309507, 43.1481070165 ], [ -83.7329420413, 43.1481917798 ], [ -83.7292371783, 43.148336727 ], [ -83.7248072391, 43.1485194151 ], [ -83.7217751319, 43.1485750374 ], [ -83.717540266, 43.1486319854 ], [ -83.7169597082, 43.1486455606 ], [ -83.7144816146, 43.1486696211 ], [ -83.7069452277, 43.1486939261 ], [ -83.7043362371, 43.1487111902 ], [ -83.6966572993, 43.1487557367 ], [ -83.6947202566, 43.1487532982 ] ] } },
{ "type": "Feature", "properties": { "PR": "1507407", "Aadt": 538, "AadtCommercial": 18, "FacilityType": 2, "Year": "2024", "LocationId": "25-5387" }, "geometry": { "type": "LineString", "coordinates": [ [ -83.6462608208, 42.9796720647 ], [ -83.6461880179, 42.9796585957 ], [ -83.6420048506, 42.979738612 ] ] } },
{ "type": "Feature", "properties": { "PR": "1501502", "Aadt": 15165, "AadtCommercial": 423, "FacilityType": 2, "Year": "2024", "LocationId": "25-0055" }, "geometry": { "type": "LineString", "coordinates": [ [ -83.5019881748, 42.9259240982 ], [ -83.5020190709, 42.9264400752 ], [ -83.5020559646, 42.9265893865 ], [ -83.502155146, 42.9269701004 ], [ -83.5022177472, 42.9272693291 ], [ -83.5023060163, 42.9275507955 ], [ -83.502475895, 42.9279715305 ], [ -83.5027392651, 42.9285035336 ], [ -83.5029642108, 42.9289018705 ], [ -83.5029676714, 42.9289079969 ], [ -83.50324696, 42.9293434522 ], [ -83.5037560717, 42.9301704714 ], [ -83.5039606133, 42.9305520183 ], [ -83.5041889546, 42.9310720078 ], [ -83.5043247725, 42.9314077659 ], [ -83.5045038593, 42.9320247291 ], [ -83.50460174, 42.9324661588 ], [ -83.5046868824, 42.9329140594 ], [ -83.5047299707, 42.933234595 ], [ -83.504756427, 42.9335460177 ], [ -83.5047622474, 42.9338512282 ], [ -83.5047761562, 42.9342544557 ], [ -83.504823203, 42.940171981 ], [ -83.5047182417, 42.9460277762 ], [ -83.5047093802, 42.9464165853 ], [ -83.5047164511, 42.9472769479 ] ] } },
{ "type": "Feature", "properties": { "PR": "1510803", "Aadt": 13296, "AadtCommercial": 372, "FacilityType": 2, "Year": "2024", "LocationId": "25-5320" }, "geometry": { "type": "LineString", "coordinates": [ [ -83.691515378, 42.9278539901 ], [ -83.6915418202, 42.9283189418 ], [ -83.691556083, 42.9286840795 ], [ -83.6915760224, 42.9293637912 ], [ -83.6915870416, 42.9297047795 ], [ -83.691570472, 42.9308195412 ], [ -83.6917563894, 42.9348410925 ], [ -83.6919065427, 42.9399677247 ], [ -83.6919155583, 42.9402789248 ], [ -83.6919685905, 42.9413414849 ], [ -83.6919889905, 42.9419329754 ], [ -83.6919868981, 42.9420579714 ], [ -83.6920220857, 42.9428475936 ], [ -83.6920683023, 42.9434922167 ], [ -83.6920982903, 42.9442129201 ] ] } },
{ "type": "Feature", "properties": { "PR": "1497102", "Aadt": 14006, "AadtCommercial": 378, "FacilityType": 2, "Year": "2024", "LocationId": "25-0393" }, "geometry": { "type": "LineString", "coordinates": [ [ -83.596580654, 42.8729175937 ], [ -83.5965958765, 42.8729612152 ], [ -83.5966109485, 42.8730048614 ], [ -83.5966242089, 42.8730487961 ], [ -83.5966360223, 42.8730929631 ], [ -83.5966471503, 42.8731372398 ], [ -83.596657931, 42.8731815695 ], [ -83.5966687031, 42.8732258972 ], [ -83.5966798397, 42.8732701786 ], [ -83.5966910793, 42.873314455 ], [ -83.5967016387, 42.8733588052 ], [ -83.5967107372, 42.8734033063 ], [ -83.5967181361, 42.873447983 ], [ -83.5967244774, 42.8734927714 ], [ -83.5967357285, 42.8735750751 ], [ -83.5967773566, 42.8738125876 ], [ -83.5968231746, 42.8741245055 ], [ -83.5968603635, 42.8743359848 ], [ -83.5969009979, 42.8745884362 ], [ -83.5969283281, 42.8747935091 ], [ -83.5969349467, 42.874839506 ], [ -83.5969310548, 42.8748836436 ], [ -83.5969393128, 42.8749282556 ], [ -83.5969471183, 42.8749729112 ], [ -83.5969541543, 42.875017636 ], [ -83.5969603721, 42.8750624253 ], [ -83.5969663037, 42.8751072366 ], [ -83.5969721702, 42.8751520527 ], [ -83.5969779667, 42.8751968736 ], [ -83.5969837055, 42.8752416988 ], [ -83.5969894, 42.8752865266 ], [ -83.5969950602, 42.8753313563 ], [ -83.5970006996, 42.8753761884 ], [ -83.597006329, 42.8754210211 ], [ -83.5970119635, 42.875465853 ], [ -83.5970176127, 42.8755106834 ], [ -83.5970232901, 42.8755555127 ], [ -83.597029008, 42.8756003391 ], [ -83.5970347776, 42.8756451613 ], [ -83.5970406122, 42.8756899795 ], [ -83.5970465242, 42.875734793 ], [ -83.5970525248, 42.8757795984 ], [ -83.597058626, 42.8758243979 ], [ -83.5970648414, 42.8758691881 ], [ -83.5970711576, 42.8759139715 ], [ -83.5970778547, 42.8759587242 ], [ -83.5970851786, 42.8760034235 ], [ -83.5970930347, 42.8760480747 ], [ -83.5971012352, 42.8760926918 ], [ -83.5971096065, 42.8761372918 ], [ -83.5971179717, 42.8761818926 ], [ -83.5971261562, 42.876226512 ], [ -83.5971339841, 42.8762711653 ], [ -83.5971412786, 42.8763158677 ], [ -83.5971478516, 42.8763606303 ], [ -83.5971535931, 42.8764054546 ], [ -83.597159003, 42.8764503015 ], [ -83.597164349, 42.8764951525 ], [ -83.5971696312, 42.8765400076 ], [ -83.5971748397, 42.8765848683 ], [ -83.5971799684, 42.8766297326 ], [ -83.5971850112, 42.8766746024 ], [ -83.5971899631, 42.8767194783 ], [ -83.5971948193, 42.8767643595 ], [ -83.5971995711, 42.8768092465 ], [ -83.5972042137, 42.8768541402 ], [ -83.5972087409, 42.8768990395 ], [ -83.5972131478, 42.8769439462 ], [ -83.5972174283, 42.8769888592 ], [ -83.597221575, 42.8770337784 ], [ -83.5972255831, 42.8770787054 ], [ -83.5972294464, 42.8771236384 ], [ -83.5972331599, 42.877168579 ], [ -83.5972367152, 42.8772135262 ], [ -83.5972401086, 42.8772584798 ], [ -83.5972433326, 42.8773034406 ], [ -83.5972463776, 42.8773484075 ], [ -83.5972492864, 42.8773933797 ], [ -83.5972521131, 42.8774383546 ], [ -83.597254871, 42.8774833325 ], [ -83.5972575616, 42.8775283117 ], [ -83.5972601871, 42.8775732932 ], [ -83.5972627501, 42.8776182769 ], [ -83.597265253, 42.8776632629 ], [ -83.5972676995, 42.8777082495 ], [ -83.597270092, 42.8777532386 ], [ -83.597272433, 42.8777982284 ], [ -83.5972747263, 42.8778432199 ], [ -83.5972769729, 42.8778882131 ], [ -83.5972791766, 42.8779332063 ], [ -83.5972813411, 42.8779782014 ], [ -83.5972834663, 42.8780231974 ], [ -83.5972855584, 42.8780681945 ], [ -83.5972876175, 42.8781131918 ], [ -83.5972896471, 42.8781581903 ], [ -83.597291651, 42.8782031891 ], [ -83.5972936304, 42.8782481884 ], [ -83.5972955889, 42.8782931889 ], [ -83.597297529, 42.8783381891 ], [ -83.5972994532, 42.8783831899 ], [ -83.5973013651, 42.8784281913 ], [ -83.597303266, 42.8784731924 ], [ -83.5973051608, 42.8785181935 ], [ -83.5973070507, 42.8785631953 ], [ -83.5973089381, 42.878608197 ], [ -83.5973108268, 42.8786531988 ], [ -83.5973127191, 42.8786982007 ], [ -83.5973146176, 42.8787432018 ], [ -83.5973165246, 42.8787882031 ], [ -83.5973184439, 42.8788332037 ], [ -83.5973203792, 42.8788782047 ], [ -83.5973223304, 42.8789232042 ], [ -83.5973243012, 42.8789682042 ], [ -83.5973262953, 42.8790132037 ], [ -83.5973283164, 42.879058202 ], [ -83.5973303644, 42.8791032 ], [ -83.5973324432, 42.8791481968 ], [ -83.59733547, 42.8792124025 ], [ -83.5977172503, 42.8810398598 ], [ -83.5979281252, 42.8820491989 ], [ -83.5981434738, 42.883016249 ], [ -83.5983140156, 42.8837820701 ], [ -83.5990880159, 42.8873377082 ] ] } },
{ "type": "Feature", "properties": { "PR": "1497409", "Aadt": 9723, "AadtCommercial": 273, "FacilityType": 2, "Year": "2024", "LocationId": "25-7118" }, "geometry": { "type": "LineString", "coordinates": [ [ -83.5180096221, 43.0346713545 ], [ -83.516765113, 43.0347022951 ], [ -83.5150385562, 43.0347248528 ], [ -83.5137980293, 43.0347727363 ], [ -83.512546879, 43.0347912145 ], [ -83.5120363068, 43.034807196 ], [ -83.5090632783, 43.0348805951 ], [ -83.5078389536, 43.0349018136 ], [ -83.5071666647, 43.0349288323 ], [ -83.5067554871, 43.0349453555 ], [ -83.5043283669, 43.0350191431 ], [ -83.5039860765, 43.0350288167 ], [ -83.4999467415, 43.0351740701 ], [ -83.4997565552, 43.0351689456 ], [ -83.4982696183, 43.0352078663 ] ] } },
{ "type": "Feature", "properties": { "PR": "1502904", "Aadt": 4546, "AadtCommercial": null, "FacilityType": 4, "Year": "2024", "LocationId": "25-0590" }, "geometry": { "type": "LineString", "coordinates": [ [ -83.7248854113, 42.9439916655 ], [ -83.724118627, 42.9428770521 ], [ -83.7238869754, 42.9425682945 ] ] } },
{ "type": "Feature", "properties": { "PR": "3250252", "Aadt": 2084, "AadtCommercial": 60, "FacilityType": 2, "Year": "2024", "LocationId": "25-5450" }, "geometry": { "type": "LineString", "coordinates": [ [ -83.6584577242, 43.1496491669 ], [ -83.6538958894, 43.1497162595 ], [ -83.6521685203, 43.1497415754 ], [ -83.6501714542, 43.1497706716 ], [ -83.6460624375, 43.1498122777 ], [ -83.6388929619, 43.1498882846 ], [ -83.633843469, 43.1499619656 ], [ -83.6301983736, 43.1500144669 ], [ -83.6294064787, 43.1500196245 ], [ -83.6286741552, 43.1500371997 ], [ -83.628011638, 43.1500750266 ], [ -83.6226433834, 43.1503814827 ], [ -83.6194686865, 43.1505420826 ] ] } },
{ "type": "Feature", "properties": { "PR": "1498006", "Aadt": 5177, "AadtCommercial": 150, "FacilityType": 2, "Year": "2024", "LocationId": "25-7073" }, "geometry": { "type": "LineString", "coordinates": [ [ -83.57573539, 43.0191063784 ], [ -83.5663666479, 43.0192912918 ], [ -83.5659675826, 43.0192869678 ], [ -83.555801328, 43.0195204389 ] ] } },
{ "type": "Feature", "properties": { "PR": "1512801", "Aadt": 2306, "AadtCommercial": 67, "FacilityType": 2, "Year": "2024", "LocationId": "25-7071" }, "geometry": { "type": "LineString", "coordinates": [ [ -83.5778365566, 43.091650511 ], [ -83.5773223323, 43.0917250944 ], [ -83.577028124, 43.0917693758 ], [ -83.5767308243, 43.0918087748 ], [ -83.5764114044, 43.0918260258 ], [ -83.5746226133, 43.0918575928 ], [ -83.5650406784, 43.0919510335 ], [ -83.563339111, 43.0919572922 ], [ -83.5616064363, 43.0919593425 ], [ -83.5594806296, 43.0919698728 ], [ -83.5581048285, 43.091970371 ], [ -83.5578495181, 43.0919713313 ] ] } },
{ "type": "Feature", "properties": { "PR": "1525107", "Aadt": 251, "AadtCommercial": 7, "FacilityType": 1, "Year": "2024", "LocationId": "25-6894" }, "geometry": { "type": "LineString", "coordinates": [ [ -83.6852295106, 43.0137086303 ], [ -83.6857393172, 43.0142971046 ], [ -83.6865128149, 43.0152272 ], [ -83.6872986445, 43.0161688107 ] ] } },
{ "type": "Feature", "properties": { "PR": "1502310", "Aadt": 3562, "AadtCommercial": 101, "FacilityType": 1, "Year": "2024", "LocationId": "25-5364" }, "geometry": { "type": "LineString", "coordinates": [ [ -83.6825501455, 42.9742560955 ], [ -83.6827246696, 42.9778885283 ], [ -83.682746911, 42.9786302187 ], [ -83.6827890738, 42.979344413 ], [ -83.6828184317, 42.9800795568 ], [ -83.682827008, 42.9804547279 ], [ -83.6828553069, 42.9807886511 ], [ -83.6829122734, 42.9815361362 ], [ -83.6829305802, 42.9821312199 ], [ -83.6829618453, 42.9830797189 ], [ -83.683016139, 42.9837817279 ], [ -83.6830223145, 42.9844901774 ], [ -83.6830547795, 42.9852089181 ], [ -83.6830699076, 42.9859215287 ], [ -83.6831182607, 42.9866517689 ], [ -83.6831276477, 42.987385778 ], [ -83.6831498248, 42.9878177374 ], [ -83.6831893402, 42.9881077821 ], [ -83.6831925603, 42.9888482963 ], [ -83.6832630613, 42.9895716884 ], [ -83.6832750635, 42.9899440994 ], [ -83.6832860668, 42.9902855098 ], [ -83.6832810769, 42.9904329938 ], [ -83.6833000397, 42.9910101591 ], [ -83.6833442115, 42.9917395307 ], [ -83.6833665567, 42.9922921563 ], [ -83.6834161596, 42.9930076504 ], [ -83.6834289561, 42.9937182813 ], [ -83.6834230109, 42.9939448165 ] ] } },
{ "type": "Feature", "properties": { "PR": "0651604", "Aadt": 4302, "AadtCommercial": null, "FacilityType": 4, "Year": "2024", "LocationId": "63-0584" }, "geometry": { "type": "LineString", "coordinates": [ [ -83.5720444382, 42.8154382777 ], [ -83.5719233647, 42.8155882391 ], [ -83.5717618096, 42.8160391118 ], [ -83.5716934757, 42.8162179939 ], [ -83.5716232511, 42.8163257361 ], [ -83.571513152, 42.8164291523 ], [ -83.571406711, 42.8164996991 ], [ -83.5712076224, 42.8165899311 ], [ -83.5710387349, 42.8166313882 ], [ -83.5708734361, 42.8166417084 ], [ -83.5706852898, 42.8166341958 ], [ -83.5705056459, 42.8165904486 ], [ -83.5703437151, 42.8165158682 ], [ -83.5702451233, 42.8164478508 ], [ -83.5701447291, 42.8163659224 ], [ -83.5700753424, 42.8162742548 ], [ -83.5698752749, 42.8159363306 ] ] } },
{ "type": "Feature", "properties": { "PR": "1494703", "Aadt": 2209, "AadtCommercial": null, "FacilityType": 4, "Year": "2024", "LocationId": "25-4495" }, "geometry": { "type": "LineString", "coordinates": [ [ -83.7696758153, 42.9705481544 ], [ -83.7687842351, 42.9708044208 ], [ -83.7680708219, 42.97098457 ], [ -83.7674263464, 42.9710961032 ], [ -83.7662656777, 42.9712009054 ], [ -83.7653007861, 42.9713564789 ], [ -83.7644842476, 42.9715566244 ], [ -83.7641610514, 42.9716617926 ], [ -83.7639290456, 42.9718165732 ], [ -83.7638174499, 42.9719851188 ], [ -83.7637584507, 42.9722412185 ], [ -83.7637469623, 42.9728913046 ] ] } },
{ "type": "Feature", "properties": { "PR": "1501603", "Aadt": 2066, "AadtCommercial": 59, "FacilityType": 2, "Year": "2024", "LocationId": "25-5440" }, "geometry": { "type": "LineString", "coordinates": [ [ -83.5017104274, 42.9184770937 ], [ -83.4981736166, 42.9185510944 ], [ -83.4970610033, 42.9185760577 ], [ -83.4958305148, 42.9186185072 ], [ -83.4945912566, 42.9186476502 ], [ -83.4943770938, 42.918654572 ] ] } },
{ "type": "Feature", "properties": { "PR": "1502310", "Aadt": 5488, "AadtCommercial": 151, "FacilityType": 2, "Year": "2024", "LocationId": "25-6682" }, "geometry": { "type": "LineString", "coordinates": [ [ -83.6916577203, 43.010797267 ], [ -83.6929403144, 43.0123062264 ], [ -83.6937011861, 43.0132252032 ], [ -83.6945134027, 43.0141394331 ], [ -83.6946291065, 43.0142535942 ], [ -83.6947619999, 43.0143749964 ], [ -83.6949159944, 43.0144730888 ], [ -83.6952084302, 43.0145955838 ], [ -83.6953696908, 43.0146321985 ], [ -83.6953821189, 43.0146367322 ], [ -83.6956075629, 43.0147136139 ], [ -83.6957566249, 43.0147636608 ], [ -83.6958767149, 43.0148184981 ], [ -83.6960883159, 43.0149619989 ], [ -83.6963783731, 43.0151566536 ], [ -83.6965518195, 43.015297114 ], [ -83.6967160352, 43.0154584269 ], [ -83.6968140671, 43.0155684021 ], [ -83.6969231815, 43.0157095972 ], [ -83.69708461, 43.0159517927 ], [ -83.6974880551, 43.0164551989 ], [ -83.6982589349, 43.0173640905 ], [ -83.6988938725, 43.0181238307 ], [ -83.6996893925, 43.0190260227 ], [ -83.7004591251, 43.0199499766 ], [ -83.701221273, 43.020856835 ], [ -83.7019885574, 43.0217732001 ], [ -83.7027730439, 43.022659925 ], [ -83.7035304159, 43.0235992568 ] ] } },
{ "type": "Feature", "properties": { "PR": "1519809", "Aadt": 13731, "AadtCommercial": 385, "FacilityType": 2, "Year": "2024", "LocationId": "25-5373" }, "geometry": { "type": "LineString", "coordinates": [ [ -83.6527098466, 42.9445719108 ], [ -83.6505561889, 42.9445885102 ], [ -83.6456801648, 42.9446503915 ], [ -83.6418049324, 42.9446915913 ], [ -83.6327066424, 42.9450138546 ] ] } },
{ "type": "Feature", "properties": { "PR": "1518708", "Aadt": 1684, "AadtCommercial": 47, "FacilityType": 1, "Year": "2024", "LocationId": "25-6687" }, "geometry": { "type": "LineString", "coordinates": [ [ -83.6813166025, 43.0050490969 ], [ -83.681965314, 43.0056642574 ], [ -83.6820566444, 43.0057403585 ], [ -83.6823369473, 43.0059857931 ] ] } },
{ "type": "Feature", "properties": { "PR": "1495110", "Aadt": 11600, "AadtCommercial": 325, "FacilityType": 2, "Year": "2024", "LocationId": "25-7086" }, "geometry": { "type": "LineString", "coordinates": [ [ -83.5950093457, 43.0047472106 ], [ -83.595022079, 43.0066156938 ], [ -83.5950711408, 43.0086846902 ], [ -83.5950891501, 43.0094246546 ], [ -83.595116856, 43.0109687876 ] ] } },
{ "type": "Feature", "properties": { "PR": "0755010", "Aadt": 1468, "AadtCommercial": 40, "FacilityType": 2, "Year": "2024", "LocationId": "44-5044" }, "geometry": { "type": "LineString", "coordinates": [ [ -83.439255893, 43.018831476 ], [ -83.4349658042, 43.0186740874 ], [ -83.4334933696, 43.018625532 ], [ -83.4331894916, 43.0186189631 ], [ -83.4327369535, 43.0186136966 ], [ -83.4309994983, 43.0187334216 ], [ -83.4300403228, 43.0188235457 ], [ -83.4294922519, 43.0189134388 ], [ -83.4292325124, 43.018939468 ], [ -83.4287610362, 43.0190331827 ], [ -83.4279977322, 43.0192254465 ], [ -83.4272301913, 43.0194235393 ], [ -83.4264116564, 43.0196404328 ], [ -83.4251181246, 43.020098986 ], [ -83.4235171851, 43.0207039765 ], [ -83.4219673006, 43.021302648 ], [ -83.4197146005, 43.0221761563 ], [ -83.4176694412, 43.0229480723 ], [ -83.4156748107, 43.0237248408 ], [ -83.4101733617, 43.0258058453 ] ] } },
{ "type": "Feature", "properties": { "PR": "0556307", "Aadt": 4816, "AadtCommercial": 140, "FacilityType": 2, "Year": "2024", "LocationId": "76-5170" }, "geometry": { "type": "LineString", "coordinates": [ [ -83.9875474116, 42.9035397945 ], [ -83.9875874891, 42.9045419146 ], [ -83.9876068034, 42.905412465 ], [ -83.98762975, 42.9061682966 ], [ -83.9876636033, 42.9070633636 ], [ -83.9876861336, 42.9080352627 ], [ -83.9876905518, 42.9081298451 ], [ -83.9877271312, 42.9093120237 ], [ -83.987748315, 42.9098082502 ], [ -83.9877655931, 42.910756191 ] ] } },
{ "type": "Feature", "properties": { "PR": "1494203", "Aadt": 9776, "AadtCommercial": 274, "FacilityType": 2, "Year": "2024", "LocationId": "25-5474" }, "geometry": { "type": "LineString", "coordinates": [ [ -83.7623778842, 43.0290722788 ], [ -83.7613431236, 43.0286733757 ], [ -83.7604603927, 43.0282294911 ], [ -83.7600397824, 43.0279947467 ], [ -83.7597903279, 43.0278355533 ], [ -83.7595647255, 43.0276812384 ], [ -83.7592659509, 43.0274747896 ], [ -83.7591506315, 43.0273758446 ], [ -83.7589066822, 43.0271906951 ], [ -83.7582832151, 43.0266333439 ], [ -83.7580136855, 43.0263434617 ], [ -83.7577662966, 43.0260733394 ], [ -83.7575146062, 43.0257536838 ], [ -83.7572235361, 43.025338847 ], [ -83.7569976654, 43.0249837401 ], [ -83.7561491471, 43.0232362454 ], [ -83.7559628003, 43.0228611698 ], [ -83.7555266178, 43.022021937 ], [ -83.7553681242, 43.0217067554 ], [ -83.7552006166, 43.0214175119 ], [ -83.7550205571, 43.0211849989 ], [ -83.7549345637, 43.021066279 ], [ -83.7546784476, 43.0208037661 ], [ -83.7543044329, 43.0204696511 ], [ -83.7539302053, 43.0201947444 ], [ -83.7523514838, 43.0191216793 ], [ -83.7505238977, 43.0178954303 ], [ -83.750272601, 43.0177431497 ], [ -83.750151364, 43.0176696822 ], [ -83.7497080675, 43.0174386416 ], [ -83.7490871899, 43.0172086686 ], [ -83.7489774634, 43.017165577 ], [ -83.7485548714, 43.0170497268 ], [ -83.7483104011, 43.0169837499 ], [ -83.7480853748, 43.0169263756 ], [ -83.7472557506, 43.0167653507 ], [ -83.7471836629, 43.0167513581 ], [ -83.7471389248, 43.016742733 ], [ -83.7445408154, 43.016241822 ], [ -83.7444556774, 43.0162254065 ], [ -83.7435640826, 43.0160511684 ], [ -83.7432580424, 43.0159893121 ], [ -83.7429989308, 43.0159393007 ], [ -83.7413606256, 43.0156202732 ], [ -83.7382544766, 43.0150153392 ], [ -83.737504666, 43.0148697345 ], [ -83.7371538097, 43.0147935068 ], [ -83.7368400094, 43.0146893771 ], [ -83.7366884138, 43.0146396944 ], [ -83.7362020577, 43.0144697878 ], [ -83.7356398889, 43.0142116799 ], [ -83.7352132213, 43.0139587348 ], [ -83.7346949057, 43.0135137536 ], [ -83.7337882312, 43.0127855501 ] ] } },
{ "type": "Feature", "properties": { "PR": "1526401", "Aadt": 4478, "AadtCommercial": 123, "FacilityType": 2, "Year": "2024", "LocationId": "25-5570" }, "geometry": { "type": "LineString", "coordinates": [ [ -83.7145568405, 43.0306102013 ], [ -83.7158567617, 43.0310551357 ], [ -83.7158838859, 43.03106442 ], [ -83.7159870045, 43.0311015969 ], [ -83.7161875677, 43.0312265141 ], [ -83.7163630936, 43.0312927295 ], [ -83.7166754095, 43.0314016079 ], [ -83.7171085484, 43.0315500641 ], [ -83.7180286279, 43.0318670181 ], [ -83.7189262554, 43.0321714639 ], [ -83.7202917442, 43.0326229646 ], [ -83.720458507, 43.0326214509 ], [ -83.721631522, 43.0330134453 ], [ -83.7233122776, 43.0335549216 ], [ -83.7241707995, 43.033836704 ], [ -83.7261438416, 43.0345656152 ], [ -83.7279048076, 43.0356588711 ], [ -83.7289789662, 43.036374672 ], [ -83.7301075329, 43.037091272 ], [ -83.7319127465, 43.0382735346 ], [ -83.7321818093, 43.0385033526 ] ] } },
{ "type": "Feature", "properties": { "PR": "1520402", "Aadt": 1394, "AadtCommercial": 40, "FacilityType": 2, "Year": "2024", "LocationId": "25-5424" }, "geometry": { "type": "LineString", "coordinates": [ [ -83.5832401466, 42.9464065938 ], [ -83.5833141482, 42.9493867175 ], [ -83.5833868641, 42.9518704074 ], [ -83.583418968, 42.9530083415 ], [ -83.5834563736, 42.9544170001 ], [ -83.5834895693, 42.9557711325 ], [ -83.5836312032, 42.9611838545 ], [ -83.583629407, 42.9613000257 ] ] } },
{ "type": "Feature", "properties": { "PR": "1503101", "Aadt": 8261, "AadtCommercial": 239, "FacilityType": 2, "Year": "2024", "LocationId": "25-5252" }, "geometry": { "type": "LineString", "coordinates": [ [ -83.7244750399, 42.8046294245 ], [ -83.7244622491, 42.804649146 ], [ -83.7244533503, 42.804666485 ], [ -83.7244468384, 42.8046849441 ], [ -83.7244431972, 42.8047045348 ], [ -83.7244435293, 42.8047217022 ], [ -83.7244457374, 42.8047406947 ], [ -83.7244509215, 42.80475796 ], [ -83.7244609683, 42.8047865548 ], [ -83.7244719208, 42.8048235014 ], [ -83.7244772615, 42.8048539976 ], [ -83.7244794781, 42.8048814517 ], [ -83.7244804207, 42.8049213935 ], [ -83.7244809979, 42.804949411 ], [ -83.7244820511, 42.8049863751 ], [ -83.7244839441, 42.8050234264 ], [ -83.724502054, 42.8050910022 ], [ -83.7244941437, 42.80519349 ], [ -83.7244878481, 42.8053106282 ], [ -83.7244312098, 42.8060178024 ], [ -83.7244208542, 42.8061336038 ], [ -83.7245042364, 42.8081643772 ], [ -83.7245045155, 42.8086679768 ], [ -83.7244905767, 42.8093401837 ], [ -83.7244409656, 42.8099584956 ], [ -83.7244039306, 42.8105721163 ], [ -83.7244026428, 42.810861821 ], [ -83.7244192679, 42.8111798123 ], [ -83.7244273269, 42.8114731951 ], [ -83.7244546367, 42.8117359488 ], [ -83.7245423344, 42.8122442704 ], [ -83.7246521829, 42.8126781248 ], [ -83.7247018035, 42.8129074309 ], [ -83.7248767881, 42.8134139433 ], [ -83.7254974627, 42.8152528878 ], [ -83.7256006741, 42.815569609 ] ] } },
{ "type": "Feature", "properties": { "PR": "1497102", "Aadt": 27703, "AadtCommercial": 749, "FacilityType": 2, "Year": "2024", "LocationId": "25-5291" }, "geometry": { "type": "LineString", "coordinates": [ [ -83.6259582503, 42.9241062216 ], [ -83.6262731558, 42.9243519757 ], [ -83.6263311576, 42.9243972395 ], [ -83.6271419898, 42.9251532616 ], [ -83.6282685688, 42.9260807854 ], [ -83.6284457745, 42.9262201386 ], [ -83.6292402524, 42.926878254 ], [ -83.6300643137, 42.9275549287 ], [ -83.6305901526, 42.9280335557 ], [ -83.6307962666, 42.9281963149 ] ] } },
{ "type": "Feature", "properties": { "PR": "1520502", "Aadt": 7990, "AadtCommercial": 224, "FacilityType": 2, "Year": "2024", "LocationId": "25-5140" }, "geometry": { "type": "LineString", "coordinates": [ [ -83.6328509162, 42.9604770586 ], [ -83.62356493, 42.9606897218 ], [ -83.6229662946, 42.9607071352 ], [ -83.6179862466, 42.9607880414 ], [ -83.6133426607, 42.9608682065 ], [ -83.6063254599, 42.9609485418 ], [ -83.6031850254, 42.9609974361 ], [ -83.59851639, 42.9610415342 ], [ -83.5967210676, 42.9610766889 ], [ -83.5963927124, 42.961084369 ], [ -83.5935871971, 42.9611499494 ], [ -83.5933406082, 42.9611509295 ], [ -83.5913804345, 42.9611770254 ], [ -83.5909135653, 42.9611890464 ], [ -83.5884800234, 42.9612342893 ], [ -83.588392932, 42.9612417434 ], [ -83.583629407, 42.9613000257 ] ] } },
{ "type": "Feature", "properties": { "PR": "1494903", "Aadt": 7795, "AadtCommercial": null, "FacilityType": 4, "Year": "2024", "LocationId": "25-4000" }, "geometry": { "type": "LineString", "coordinates": [ [ -83.6796210594, 43.0081682589 ], [ -83.6782380283, 43.0067543097 ], [ -83.6776795805, 43.0059767947 ] ] } },
{ "type": "Feature", "properties": { "PR": "1498304", "Aadt": 4792, "AadtCommercial": 140, "FacilityType": 2, "Year": "2024", "LocationId": "25-5145" }, "geometry": { "type": "LineString", "coordinates": [ [ -83.6271149406, 42.9088031511 ], [ -83.6249694192, 42.9088072729 ], [ -83.6220983259, 42.9088457174 ], [ -83.6173925294, 42.9088953506 ], [ -83.6154670432, 42.9089450165 ], [ -83.6116273525, 42.908955364 ], [ -83.608802939, 42.9089940445 ], [ -83.6053558501, 42.9090238576 ], [ -83.604343875, 42.9090580408 ] ] } },
{ "type": "Feature", "properties": { "PR": "1502710", "Aadt": 3788, "AadtCommercial": null, "FacilityType": 4, "Year": "2024", "LocationId": "25-3656" }, "geometry": { "type": "LineString", "coordinates": [ [ -83.7284747572, 42.8034161619 ], [ -83.7289198359, 42.8029695235 ], [ -83.7291254334, 42.8027948573 ], [ -83.7292326919, 42.8027200777 ], [ -83.7293681665, 42.8026528596 ], [ -83.7295513566, 42.8025796064 ], [ -83.7297427426, 42.8025414905 ], [ -83.7299238586, 42.8025241507 ], [ -83.7301136894, 42.8025279687 ], [ -83.7303214658, 42.8025601253 ], [ -83.7305376984, 42.8026204284 ], [ -83.7307149283, 42.8027079238 ], [ -83.7308731753, 42.8027950382 ], [ -83.731000618, 42.8029444818 ], [ -83.731141345, 42.8032480678 ], [ -83.7311741304, 42.8033886142 ], [ -83.7311781649, 42.8043049553 ], [ -83.7311318473, 42.8044594706 ] ] } },
{ "type": "Feature", "properties": { "PR": "1525104", "Aadt": 915, "AadtCommercial": 27, "FacilityType": 2, "Year": "2024", "LocationId": "25-6910" }, "geometry": { "type": "LineString", "coordinates": [ [ -83.6823172127, 43.0122925886 ], [ -83.6832102003, 43.0133765885 ], [ -83.6839867986, 43.0143015604 ], [ -83.6844553613, 43.0148793975 ], [ -83.6852201772, 43.0158538169 ], [ -83.6859800563, 43.0167653543 ], [ -83.6867729099, 43.0176824327 ] ] } },
{ "type": "Feature", "properties": { "PR": "1494207", "Aadt": 3621, "AadtCommercial": 106, "FacilityType": 2, "Year": "2024", "LocationId": "25-5494" }, "geometry": { "type": "LineString", "coordinates": [ [ -83.8675401483, 43.0596751163 ], [ -83.8665206031, 43.0596734346 ], [ -83.8650121715, 43.0596906481 ], [ -83.863229816, 43.0597001387 ], [ -83.8624451368, 43.059714309 ] ] } },
{ "type": "Feature", "properties": { "PR": "1495404", "Aadt": 7564, "AadtCommercial": null, "FacilityType": 4, "Year": "2024", "LocationId": "25-3999" }, "geometry": { "type": "LineString", "coordinates": [ [ -83.6828919516, 43.0102919444 ], [ -83.6830253928, 43.0101298408 ], [ -83.6832458644, 43.0098056919 ], [ -83.6834897743, 43.0094733396 ], [ -83.6836706003, 43.009244605 ], [ -83.6837573818, 43.0091352159 ], [ -83.6838210316, 43.0088754201 ] ] } },
{ "type": "Feature", "properties": { "PR": "1498104", "Aadt": 7833, "AadtCommercial": 219, "FacilityType": 2, "Year": "2024", "LocationId": "25-6778" }, "geometry": { "type": "LineString", "coordinates": [ [ -83.7235079182, 43.0751632783 ], [ -83.7215879728, 43.0752416419 ], [ -83.7213683325, 43.0752587415 ], [ -83.7209841701, 43.0752601899 ], [ -83.7199281736, 43.075300904 ], [ -83.7183136678, 43.0753441656 ], [ -83.7173607339, 43.0753953978 ], [ -83.717202825, 43.0754037671 ], [ -83.7138992717, 43.0755203906 ], [ -83.7114212267, 43.0755632941 ], [ -83.7089555715, 43.075549782 ], [ -83.7063037396, 43.0756031564 ] ] } },
{ "type": "Feature", "properties": { "PR": "1519805", "Aadt": 10201, "AadtCommercial": 285, "FacilityType": 2, "Year": "2024", "LocationId": "25-5196" }, "geometry": { "type": "LineString", "coordinates": [ [ -83.8564979514, 42.9569220185 ], [ -83.8545505157, 42.9569341508 ], [ -83.8504129807, 42.9569413208 ] ] } },
{ "type": "Feature", "properties": { "PR": "1502905", "Aadt": 5841, "AadtCommercial": null, "FacilityType": 4, "Year": "2024", "LocationId": "25-0459" }, "geometry": { "type": "LineString", "coordinates": [ [ -83.7242906907, 42.94646567 ], [ -83.7244127359, 42.9459787592 ], [ -83.7248854113, 42.9439916655 ] ] } },
{ "type": "Feature", "properties": { "PR": "0470101", "Aadt": 1068, "AadtCommercial": 30, "FacilityType": 2, "Year": "2024", "LocationId": "73-5221" }, "geometry": { "type": "LineString", "coordinates": [ [ -84.0508755597, 43.2196549641 ], [ -84.0433453619, 43.219674263 ], [ -84.0414025633, 43.2196831226 ], [ -84.03200594, 43.2196959144 ], [ -84.0306805591, 43.2197116961 ], [ -84.0296770942, 43.2197240309 ], [ -84.0247192791, 43.219781599 ], [ -84.0224208626, 43.2197942861 ], [ -84.0191423564, 43.2198242742 ], [ -84.015884594, 43.2198448527 ], [ -84.011186532, 43.2198900383 ], [ -84.0109454428, 43.2198919828 ], [ -84.0103890797, 43.2198900101 ], [ -84.0021111653, 43.2199296957 ], [ -83.9999355925, 43.2199489544 ], [ -83.9961932869, 43.219987162 ], [ -83.9950015754, 43.2199877308 ], [ -83.9908345416, 43.2200183821 ], [ -83.98928223, 43.2200258853 ], [ -83.9884375571, 43.2200262345 ] ] } },
{ "type": "Feature", "properties": { "PR": "0554707", "Aadt": 1491, "AadtCommercial": 40, "FacilityType": 2, "Year": "2024", "LocationId": "76-5292" }, "geometry": { "type": "LineString", "coordinates": [ [ -83.9878917092, 43.1167824492 ], [ -83.9828227312, 43.1167763002 ], [ -83.9780927753, 43.1167707904 ], [ -83.9779524453, 43.1167695406 ], [ -83.9778209025, 43.1167683696 ], [ -83.975570471, 43.1167483098 ] ] } },
{ "type": "Feature", "properties": { "PR": "0474106", "Aadt": 788, "AadtCommercial": 24, "FacilityType": 2, "Year": "2024", "LocationId": "73-5233" }, "geometry": { "type": "LineString", "coordinates": [ [ -83.9866173758, 43.2479584903 ], [ -83.9865615261, 43.2482141253 ], [ -83.9865257798, 43.2483341775 ], [ -83.9864212352, 43.2485179901 ], [ -83.9863344103, 43.248646417 ], [ -83.9862196435, 43.2487557798 ], [ -83.9861049085, 43.2488570331 ], [ -83.9859459926, 43.2489644347 ], [ -83.9858233276, 43.2490249171 ], [ -83.9856235798, 43.2491118781 ], [ -83.9854468154, 43.2491760386 ], [ -83.9852167245, 43.2492206827 ], [ -83.9850227285, 43.2492491214 ] ] } },
{ "type": "Feature", "properties": { "PR": "0556307", "Aadt": 2511, "AadtCommercial": 76, "FacilityType": 2, "Year": "2024", "LocationId": "76-5159" }, "geometry": { "type": "LineString", "coordinates": [ [ -83.9882507933, 42.9253051545 ], [ -83.9882950165, 42.9273481531 ], [ -83.9883730751, 42.9288957067 ], [ -83.9884177674, 42.9301718273 ], [ -83.9885055942, 42.9332595784 ] ] } },
{ "type": "Feature", "properties": { "PR": "1495110", "Aadt": 5662, "AadtCommercial": 165, "FacilityType": 2, "Year": "2024", "LocationId": "25-7076" }, "geometry": { "type": "LineString", "coordinates": [ [ -83.5964457533, 43.055471974 ], [ -83.5965200776, 43.0566694456 ], [ -83.5965975466, 43.0579107246 ], [ -83.596657114, 43.0591564416 ], [ -83.5967178528, 43.0604266002 ], [ -83.5967350203, 43.0610628634 ], [ -83.5968040062, 43.062442619 ], [ -83.5968373563, 43.0638238521 ], [ -83.5968487641, 43.0650617029 ], [ -83.5968966972, 43.0661490093 ], [ -83.5969301969, 43.0670827852 ], [ -83.5969600068, 43.0681462921 ], [ -83.5970098595, 43.0692941998 ], [ -83.5970169468, 43.0698126206 ], [ -83.5970572058, 43.0746134496 ], [ -83.5970975507, 43.07702123 ], [ -83.5971049406, 43.0771345646 ], [ -83.5970816561, 43.0778128449 ], [ -83.5971034247, 43.0791119822 ], [ -83.5972662701, 43.0844537558 ], [ -83.5974210277, 43.0894197597 ], [ -83.5974768802, 43.0918381735 ] ] } },
{ "type": "Feature", "properties": { "PR": "1494005", "Aadt": 49599, "AadtCommercial": 5903, "FacilityType": 2, "Year": "2024", "LocationId": "25-4102" }, "geometry": { "type": "LineString", "coordinates": [ [ -83.6837488537, 43.0086993539 ], [ -83.6830084289, 43.0090946178 ], [ -83.6822724047, 43.0094383065 ], [ -83.6816151253, 43.0097027563 ], [ -83.6809741233, 43.0099034741 ], [ -83.6805503262, 43.0100190859 ], [ -83.6800783464, 43.0101185579 ], [ -83.6796732378, 43.0101898062 ], [ -83.6796034761, 43.0102030236 ], [ -83.6795002721, 43.0102240075 ], [ -83.6794045178, 43.0102394077 ], [ -83.6793103556, 43.0102541595 ] ] } },
{ "type": "Feature", "properties": { "PR": "1494203", "Aadt": 4177, "AadtCommercial": 117, "FacilityType": 2, "Year": "2024", "LocationId": "25-5511" }, "geometry": { "type": "LineString", "coordinates": [ [ -83.812724796, 43.0308116243 ], [ -83.8099194175, 43.0308818387 ], [ -83.8071497005, 43.0309541922 ], [ -83.8049581344, 43.0310104277 ], [ -83.8021522593, 43.0310823653 ], [ -83.8017160943, 43.0310935417 ], [ -83.8009698103, 43.0311050864 ], [ -83.7987703061, 43.0311571457 ], [ -83.793429572, 43.0312833772 ] ] } },
{ "type": "Feature", "properties": { "PR": "1510209", "Aadt": 6102, "AadtCommercial": 177, "FacilityType": 2, "Year": "2024", "LocationId": "25-5170" }, "geometry": { "type": "LineString", "coordinates": [ [ -83.8210417216, 42.8030503934 ], [ -83.8208085812, 42.7987591994 ], [ -83.8207738536, 42.7983006689 ], [ -83.8206950159, 42.7958378938 ], [ -83.8168898604, 42.7933203294 ], [ -83.816597323, 42.7931333631 ], [ -83.8163141508, 42.7930023647 ], [ -83.8159999073, 42.7928930783 ], [ -83.8155645496, 42.7927814458 ], [ -83.8124447345, 42.7921342821 ], [ -83.8104369778, 42.7917080652 ], [ -83.8056320341, 42.7907063992 ], [ -83.7984586665, 42.7883353106 ], [ -83.7968613405, 42.787796973 ], [ -83.7959289459, 42.7874827191 ], [ -83.7951854357, 42.7872515584 ], [ -83.7940748193, 42.7869062506 ], [ -83.7914829871, 42.7860493082 ], [ -83.7863387131, 42.7843595326 ] ] } },
{ "type": "Feature", "properties": { "PR": "1496006", "Aadt": 3753, "AadtCommercial": null, "FacilityType": 4, "Year": "2024", "LocationId": "25-0381" }, "geometry": { "type": "LineString", "coordinates": [ [ -83.7467267015, 43.00219021 ], [ -83.7467402636, 43.0024590498 ], [ -83.7467661093, 43.0030809618 ], [ -83.7467852145, 43.0032247422 ], [ -83.746819273, 43.0033163281 ], [ -83.7468879707, 43.0034179875 ], [ -83.7469553129, 43.0035085816 ], [ -83.7471311017, 43.0036347144 ], [ -83.7475037117, 43.0038604204 ], [ -83.7487184736, 43.0045823071 ], [ -83.7488362615, 43.0046782684 ], [ -83.7489544391, 43.0047814292 ], [ -83.7490469857, 43.0049019198 ], [ -83.7491350526, 43.0050253416 ] ] } },
{ "type": "Feature", "properties": { "PR": "1509904", "Aadt": 5500, "AadtCommercial": 162, "FacilityType": 2, "Year": "2024", "LocationId": "25-5257" }, "geometry": { "type": "LineString", "coordinates": [ [ -83.7376428362, 42.8410243163 ], [ -83.7365103362, 42.841040291 ], [ -83.7362423543, 42.8410401493 ], [ -83.7325994838, 42.8410710382 ], [ -83.7308861079, 42.8410650506 ], [ -83.7284693901, 42.841083474 ] ] } },
{ "type": "Feature", "properties": { "PR": "1519702", "Aadt": 4320, "AadtCommercial": 125, "FacilityType": 2, "Year": "2024", "LocationId": "25-5284" }, "geometry": { "type": "LineString", "coordinates": [ [ -83.6662636695, 42.9152093773 ], [ -83.6664027739, 42.9190585991 ], [ -83.6663803571, 42.9192061338 ], [ -83.6663573629, 42.9192376876 ], [ -83.666291812, 42.9193276366 ], [ -83.6661812234, 42.9194404635 ], [ -83.6659276075, 42.9196366691 ], [ -83.6622098435, 42.9222155896 ], [ -83.6618766945, 42.9224430298 ], [ -83.6617435781, 42.9225594971 ], [ -83.6616709734, 42.9226584211 ], [ -83.6616459697, 42.9227712516 ], [ -83.6617859356, 42.9265480835 ], [ -83.6617906246, 42.9267372782 ], [ -83.6619282746, 42.9299667002 ], [ -83.662063895, 42.9343024288 ], [ -83.6620924151, 42.9353121557 ], [ -83.6622120482, 42.9377251085 ], [ -83.6622475556, 42.9385960965 ], [ -83.6622575136, 42.9389276925 ], [ -83.6623011646, 42.9407658095 ], [ -83.6624479876, 42.9443900252 ] ] } },
{ "type": "Feature", "properties": { "PR": "1506008", "Aadt": 1962, "AadtCommercial": 58, "FacilityType": 2, "Year": "2024", "LocationId": "25-5548" }, "geometry": { "type": "LineString", "coordinates": [ [ -83.6565962864, 43.0562602189 ], [ -83.6554120009, 43.0562871392 ], [ -83.6546339028, 43.0562900418 ], [ -83.65416547, 43.0563326346 ], [ -83.6537880958, 43.0563676045 ], [ -83.6533387293, 43.0564200977 ], [ -83.6528170049, 43.0564996148 ], [ -83.6519599521, 43.0567005402 ], [ -83.6513831004, 43.0568644837 ], [ -83.6510542483, 43.0569860262 ], [ -83.6508828847, 43.0570585396 ], [ -83.6507643166, 43.0571604311 ] ] } },
{ "type": "Feature", "properties": { "PR": "1844310", "Aadt": 1569, "AadtCommercial": null, "FacilityType": 4, "Year": "2024", "LocationId": "25-4128" }, "geometry": { "type": "LineString", "coordinates": [ [ -83.6731450557, 43.055710624 ], [ -83.6739437337, 43.0572334985 ], [ -83.6741585163, 43.0575033361 ] ] } },
{ "type": "Feature", "properties": { "PR": "0554109", "Aadt": 2140, "AadtCommercial": 61, "FacilityType": 2, "Year": "2024", "LocationId": "76-5177" }, "geometry": { "type": "LineString", "coordinates": [ [ -83.9978401324, 42.9106978845 ], [ -83.9955567194, 42.9107071212 ], [ -83.9942235663, 42.9107042635 ], [ -83.9928065037, 42.9107240162 ], [ -83.9916229919, 42.9107244879 ], [ -83.991352472, 42.9107271966 ], [ -83.9887462799, 42.9107423899 ], [ -83.9877655931, 42.910756191 ] ] } },
{ "type": "Feature", "properties": { "PR": "1519809", "Aadt": 7016, "AadtCommercial": 196, "FacilityType": 2, "Year": "2024", "LocationId": "25-5215" }, "geometry": { "type": "LineString", "coordinates": [ [ -83.8108293907, 42.9426175205 ], [ -83.8108127971, 42.9426104729 ], [ -83.8107575857, 42.9425941494 ], [ -83.8107021008, 42.9425854476 ], [ -83.8106435763, 42.9425890807 ], [ -83.8105918431, 42.9426023784 ], [ -83.8105366116, 42.9426222416 ], [ -83.8104864479, 42.9426375162 ], [ -83.8104196226, 42.942655527 ], [ -83.8103476424, 42.9426683917 ], [ -83.8102698222, 42.9426799929 ], [ -83.8102124241, 42.9426884137 ], [ -83.8101243163, 42.9426847994 ], [ -83.8100212505, 42.9426785126 ], [ -83.8099111494, 42.9426730423 ], [ -83.8097657024, 42.9426671248 ], [ -83.8095638329, 42.9426605908 ], [ -83.8092657388, 42.9426516768 ], [ -83.7908583864, 42.942868566 ], [ -83.7802864877, 42.943113833 ], [ -83.7765957911, 42.9432286562 ], [ -83.774208966, 42.9433000801 ], [ -83.7711358307, 42.9433741492 ] ] } },
{ "type": "Feature", "properties": { "PR": "1908401", "Aadt": 2363, "AadtCommercial": 66, "FacilityType": 1, "Year": "2024", "LocationId": "25-6877" }, "geometry": { "type": "LineString", "coordinates": [ [ -83.6849222886, 43.0049954372 ], [ -83.6851598851, 43.0052751474 ], [ -83.6852042719, 43.0053288863 ], [ -83.6852457926, 43.0053863462 ], [ -83.6852836368, 43.005446991 ], [ -83.6853157413, 43.0055048411 ], [ -83.6853433983, 43.0055645847 ], [ -83.6853674583, 43.0056233161 ], [ -83.6853870455, 43.0056807642 ], [ -83.68540441, 43.0057435744 ], [ -83.6854146997, 43.0057980858 ], [ -83.6854228328, 43.005860645 ], [ -83.6854279858, 43.0059204282 ], [ -83.6854465278, 43.0062463942 ], [ -83.685453309, 43.006341067 ], [ -83.6854667931, 43.0064262681 ], [ -83.6854873502, 43.0065107375 ], [ -83.6855183179, 43.0065938884 ], [ -83.6855582375, 43.0066773494 ], [ -83.6856078415, 43.0067569296 ], [ -83.6856628659, 43.0068299773 ], [ -83.6857212942, 43.0068963936 ], [ -83.6857836951, 43.0069589789 ] ] } },
{ "type": "Feature", "properties": { "PR": "1844304", "Aadt": 2958, "AadtCommercial": 84, "FacilityType": 1, "Year": "2024", "LocationId": "25-0060" }, "geometry": { "type": "LineString", "coordinates": [ [ -83.6762984831, 43.03334219 ], [ -83.6762342294, 43.0341785916 ] ] } },
{ "type": "Feature", "properties": { "PR": "1512407", "Aadt": 25902, "AadtCommercial": 700, "FacilityType": 2, "Year": "2024", "LocationId": "25-5529" }, "geometry": { "type": "LineString", "coordinates": [ [ -83.7729509801, 43.0605543023 ], [ -83.7693902274, 43.0605707323 ], [ -83.7664178084, 43.060603487 ], [ -83.7663384322, 43.0605998421 ], [ -83.7662545941, 43.0605970036 ], [ -83.7643589927, 43.0606222747 ], [ -83.7631854264, 43.0606437933 ], [ -83.762651061, 43.0606509729 ] ] } },
{ "type": "Feature", "properties": { "PR": "0554109", "Aadt": 3056, "AadtCommercial": 88, "FacilityType": 2, "Year": "2024", "LocationId": "76-5204" }, "geometry": { "type": "LineString", "coordinates": [ [ -83.948270829, 42.9115372267 ], [ -83.9425774314, 42.9116583951 ], [ -83.9309029593, 42.9118500198 ], [ -83.9303897923, 42.9118675229 ], [ -83.9298309931, 42.9119110992 ], [ -83.9289728726, 42.9120239352 ], [ -83.9285394227, 42.9120810395 ] ] } },
{ "type": "Feature", "properties": { "PR": "1494005", "Aadt": 40424, "AadtCommercial": 5538, "FacilityType": 2, "Year": "2024", "LocationId": "25-0109" }, "geometry": { "type": "LineString", "coordinates": [ [ -83.8307502397, 42.965217387 ], [ -83.8297738868, 42.9652477818 ], [ -83.8260131433, 42.9653859801 ], [ -83.8202695292, 42.9655912846 ], [ -83.819838819, 42.9656066684 ], [ -83.8113264459, 42.9659103777 ], [ -83.8103099533, 42.9659352018 ], [ -83.8097967436, 42.9659436973 ], [ -83.8090548039, 42.9659293182 ], [ -83.8081598217, 42.9658546925 ] ] } },
{ "type": "Feature", "properties": { "PR": "1501608", "Aadt": 2339, "AadtCommercial": 67, "FacilityType": 2, "Year": "2024", "LocationId": "25-5390" }, "geometry": { "type": "LineString", "coordinates": [ [ -83.5047164511, 42.9472769479 ], [ -83.499699773, 42.9474026874 ], [ -83.4990887758, 42.9474202669 ], [ -83.494565906, 42.9474978445 ], [ -83.4911476356, 42.9475084902 ], [ -83.4895807641, 42.9475247778 ], [ -83.4855323524, 42.9475667598 ], [ -83.4806884381, 42.9477668183 ], [ -83.4757652683, 42.9479446325 ], [ -83.4709626381, 42.9480756103 ], [ -83.466531242, 42.9482055947 ], [ -83.4638189444, 42.9483041831 ], [ -83.4563127361, 42.9486457061 ] ] } },
{ "type": "Feature", "properties": { "PR": "1519805", "Aadt": 8416, "AadtCommercial": 228, "FacilityType": 2, "Year": "2024", "LocationId": "25-5221" }, "geometry": { "type": "LineString", "coordinates": [ [ -83.8092330058, 42.9653400377 ], [ -83.8081598217, 42.9658546925 ], [ -83.8076443986, 42.9660750724 ], [ -83.807359958, 42.9661864635 ], [ -83.8063488855, 42.9666438459 ], [ -83.8062635943, 42.9666846119 ], [ -83.8055567515, 42.9670081114 ], [ -83.8044238335, 42.9675298105 ], [ -83.8038358954, 42.967800794 ], [ -83.7950767214, 42.971789562 ], [ -83.7946097022, 42.9719925631 ], [ -83.7940015279, 42.9721801619 ], [ -83.7930894308, 42.9723685104 ], [ -83.7923514981, 42.9724690571 ] ] } },
{ "type": "Feature", "properties": { "PR": "1497102", "Aadt": 7813, "AadtCommercial": 201, "FacilityType": 2, "Year": "2024", "LocationId": "25-6881" }, "geometry": { "type": "LineString", "coordinates": [ [ -83.6760749271, 42.9889555103 ], [ -83.6761650307, 42.9893710103 ], [ -83.6764121896, 42.9903985334 ], [ -83.6764539326, 42.9906326445 ], [ -83.6767158864, 42.9917495707 ], [ -83.6769173301, 42.9925113544 ], [ -83.6771209593, 42.993377407 ], [ -83.6771490679, 42.993504454 ], [ -83.6772109404, 42.9937803856 ], [ -83.6772575329, 42.9940607003 ], [ -83.6772794635, 42.994159529 ], [ -83.6774066899, 42.9947328583 ], [ -83.6775093954, 42.9950321999 ], [ -83.6775520886, 42.9952121659 ], [ -83.6775962456, 42.9953970389 ], [ -83.6777674635, 42.9961240884 ], [ -83.6778648285, 42.9965354968 ], [ -83.6780090475, 42.997113647 ], [ -83.6780329758, 42.9972897443 ], [ -83.6780728303, 42.9979680089 ], [ -83.6780447884, 42.9981205504 ], [ -83.6778950883, 42.9988730644 ], [ -83.6777853195, 42.9996639509 ], [ -83.6777182684, 43.0001854643 ], [ -83.6776428051, 43.0004752106 ], [ -83.6775793393, 43.0005911787 ], [ -83.6774779545, 43.0012432709 ], [ -83.6774063351, 43.0017786683 ], [ -83.6773710777, 43.0020388323 ], [ -83.6773699216, 43.0020437603 ], [ -83.6774090614, 43.002412695 ], [ -83.6774275137, 43.0026576173 ], [ -83.6776533662, 43.0030512204 ], [ -83.6781915844, 43.0036437513 ], [ -83.6787211299, 43.0041451525 ], [ -83.6789402595, 43.0043537863 ], [ -83.6796038437, 43.0049658345 ], [ -83.6803688044, 43.0056322049 ], [ -83.6810526792, 43.0062595728 ], [ -83.6819331687, 43.0069799883 ], [ -83.6822896891, 43.0073798972 ], [ -83.6827148063, 43.0077585195 ], [ -83.683078614, 43.0080907035 ], [ -83.6833851968, 43.00834267 ], [ -83.683596749, 43.0085483612 ], [ -83.6837488537, 43.0086993539 ], [ -83.6838923827, 43.0088139509 ], [ -83.6843590864, 43.0092664004 ], [ -83.6850952992, 43.0099147538 ] ] } },
{ "type": "Feature", "properties": { "PR": "1519809", "Aadt": 25438, "AadtCommercial": 392, "FacilityType": 2, "Year": "2024", "LocationId": "25-5355" }, "geometry": { "type": "LineString", "coordinates": [ [ -83.6818356152, 42.9440531654 ], [ -83.6817775018, 42.9440514796 ], [ -83.6813841121, 42.9440534412 ], [ -83.6806374569, 42.944054373 ], [ -83.6788134719, 42.9440837251 ], [ -83.6779809377, 42.9440949233 ], [ -83.6775582567, 42.9440837411 ], [ -83.67639285, 42.9440529885 ], [ -83.6730124034, 42.9440883218 ], [ -83.672380493, 42.9440882847 ], [ -83.6718294366, 42.9441126495 ], [ -83.6699979826, 42.9441511305 ], [ -83.6686984502, 42.9442152075 ], [ -83.6685335716, 42.9442250405 ], [ -83.6659025439, 42.9443153297 ], [ -83.6656949096, 42.9443043422 ], [ -83.6650368082, 42.9443202883 ], [ -83.6624479876, 42.9443900252 ], [ -83.6597869271, 42.944434853 ], [ -83.6574522254, 42.9444920993 ], [ -83.6562262351, 42.9445197337 ], [ -83.6548876441, 42.9445498901 ], [ -83.6537545152, 42.9445698011 ], [ -83.6527098466, 42.9445719108 ] ] } },
{ "type": "Feature", "properties": { "PR": "3252185", "Aadt": 636, "AadtCommercial": 19, "FacilityType": 2, "Year": "2024", "LocationId": "25-6949" }, "geometry": { "type": "LineString", "coordinates": [ [ -83.6871675868, 43.0293220949 ], [ -83.6868326214, 43.0293217342 ], [ -83.6862548155, 43.029224679 ], [ -83.6852485087, 43.0289256923 ] ] } },
{ "type": "Feature", "properties": { "PR": "1500701", "Aadt": 2672, "AadtCommercial": null, "FacilityType": 4, "Year": "2024", "LocationId": "25-0488" }, "geometry": { "type": "LineString", "coordinates": [ [ -83.6894225918, 43.0968974097 ], [ -83.6898236888, 43.0972609484 ], [ -83.691319902, 43.0983843883 ], [ -83.6914810036, 43.0985361516 ], [ -83.6916485092, 43.0987164403 ], [ -83.6925516635, 43.0996890344 ], [ -83.6927304703, 43.0998455245 ], [ -83.692911099, 43.099954013 ], [ -83.6931282847, 43.1000414111 ], [ -83.69344224, 43.1000914762 ], [ -83.6937818353, 43.1000940251 ], [ -83.6942437518, 43.1001193084 ] ] } },
{ "type": "Feature", "properties": { "PR": "0474104", "Aadt": 1253, "AadtCommercial": 36, "FacilityType": 2, "Year": "2024", "LocationId": "73-5730" }, "geometry": { "type": "LineString", "coordinates": [ [ -83.9883579862, 43.1467498998 ], [ -83.9886912933, 43.157576018 ], [ -83.9887726444, 43.1612036856 ], [ -83.9889539198, 43.1702078937 ], [ -83.9889970849, 43.1756807351 ], [ -83.9891372252, 43.1791570218 ], [ -83.9892310097, 43.1821898722 ], [ -83.9894658105, 43.1901498412 ], [ -83.9895286538, 43.1926204553 ], [ -83.9896454339, 43.197149738 ], [ -83.9897935298, 43.2008942452 ], [ -83.9898318435, 43.2018278363 ], [ -83.9899152637, 43.2036102921 ], [ -83.9899317079, 43.2040727752 ], [ -83.98995367, 43.2045781957 ], [ -83.990002188, 43.2053912051 ], [ -83.9902300065, 43.2095002359 ], [ -83.9905615254, 43.2151092648 ], [ -83.9905889846, 43.2155722691 ], [ -83.9905874284, 43.2158468029 ], [ -83.990564563, 43.2161095184 ], [ -83.9905505571, 43.2162282607 ], [ -83.9905290319, 43.2163714028 ], [ -83.9904854342, 43.2165602428 ], [ -83.9903966977, 43.2168821265 ], [ -83.9903236014, 43.2170911956 ], [ -83.9902542859, 43.2172729846 ], [ -83.9901705968, 43.2174545184 ], [ -83.9900662947, 43.2176504115 ], [ -83.9898384063, 43.2180166108 ], [ -83.9896781567, 43.2182514793 ], [ -83.9891385644, 43.2190259391 ], [ -83.9888053692, 43.219508384 ], [ -83.9884375571, 43.2200262345 ] ] } },
{ "type": "Feature", "properties": { "PR": "1494305", "Aadt": 4568, "AadtCommercial": 138, "FacilityType": 2, "Year": "2024", "LocationId": "25-6821" }, "geometry": { "type": "LineString", "coordinates": [ [ -83.7043065495, 43.1193592689 ], [ -83.703351775, 43.1193702476 ], [ -83.7024111467, 43.1193962265 ], [ -83.7014277291, 43.1194102968 ], [ -83.7005229577, 43.119416382 ], [ -83.6977609727, 43.1194350869 ], [ -83.6958460592, 43.1194669242 ], [ -83.6954772424, 43.1194714032 ], [ -83.6944183709, 43.119483447 ] ] } },
{ "type": "Feature", "properties": { "PR": "3251568", "Aadt": 3927, "AadtCommercial": 110, "FacilityType": 2, "Year": "2024", "LocationId": "25-5393" }, "geometry": { "type": "LineString", "coordinates": [ [ -83.5332335872, 42.9185070959 ], [ -83.5334314477, 42.9186937102 ], [ -83.5335550434, 42.9188238145 ], [ -83.5336705779, 42.9189795691 ], [ -83.5337649082, 42.9191383055 ], [ -83.5338382437, 42.9192948627 ], [ -83.533907295, 42.919499535 ], [ -83.5339348034, 42.919804886 ], [ -83.5340412808, 42.9252136821 ], [ -83.5341095198, 42.9287963612 ], [ -83.5341850163, 42.9326501867 ], [ -83.534259511, 42.9353765327 ], [ -83.534280081, 42.9360253796 ], [ -83.5343278269, 42.9378478451 ] ] } },
{ "type": "Feature", "properties": { "PR": "0755602", "Aadt": 1859, "AadtCommercial": 53, "FacilityType": 2, "Year": "2024", "LocationId": "44-5074" }, "geometry": { "type": "LineString", "coordinates": [ [ -83.4545015234, 43.2138364098 ], [ -83.4545219663, 43.2147245832 ], [ -83.4545226961, 43.2157671577 ], [ -83.4544918693, 43.2158428883 ], [ -83.4544610047, 43.2158951066 ], [ -83.4544200012, 43.2159404236 ], [ -83.4543715889, 43.2159774719 ] ] } },
{ "type": "Feature", "properties": { "PR": "1527603", "Aadt": 8344, "AadtCommercial": 233, "FacilityType": 2, "Year": "2024", "LocationId": "25-5422" }, "geometry": { "type": "LineString", "coordinates": [ [ -83.5980677581, 42.9452283393 ], [ -83.5980398129, 42.9452613918 ], [ -83.5980235167, 42.9453045429 ], [ -83.5980237093, 42.9453408943 ], [ -83.5980394345, 42.9453782672 ], [ -83.5980597143, 42.945402937 ], [ -83.5980881877, 42.9454378627 ], [ -83.598117999, 42.9454924323 ], [ -83.5981393906, 42.9455424622 ], [ -83.5981560457, 42.9455809502 ], [ -83.5981781739, 42.9456246315 ], [ -83.5981944418, 42.945656438 ], [ -83.5982137147, 42.9456984858 ], [ -83.5982147053, 42.9458052839 ], [ -83.5982210331, 42.945908383 ], [ -83.5982025828, 42.9461135381 ], [ -83.5981800666, 42.9463076124 ], [ -83.5982274196, 42.9483060183 ], [ -83.5982562579, 42.9494664157 ], [ -83.5983431945, 42.9513376122 ], [ -83.5984126074, 42.9550039558 ], [ -83.5984267097, 42.9551708049 ], [ -83.5984513995, 42.955706439 ], [ -83.59851639, 42.9610415342 ] ] } },
{ "type": "Feature", "properties": { "PR": "0554707", "Aadt": 1889, "AadtCommercial": 55, "FacilityType": 2, "Year": "2024", "LocationId": "76-5293" }, "geometry": { "type": "LineString", "coordinates": [ [ -83.975570471, 43.1167483098 ], [ -83.9729902961, 43.1167435038 ], [ -83.9712006565, 43.1167295564 ], [ -83.9697353969, 43.1167205113 ], [ -83.9681822355, 43.1167457925 ], [ -83.9660538115, 43.1167499867 ], [ -83.9632299668, 43.1167576554 ], [ -83.9608273724, 43.1167489419 ] ] } },
{ "type": "Feature", "properties": { "PR": "1506101", "Aadt": 8017, "AadtCommercial": 224, "FacilityType": 2, "Year": "2024", "LocationId": "25-5500" }, "geometry": { "type": "LineString", "coordinates": [ [ -83.8526003685, 43.0629811573 ], [ -83.8508609219, 43.0629920139 ], [ -83.8491142292, 43.0630009392 ], [ -83.8468343834, 43.0630065817 ], [ -83.8452563702, 43.0630069594 ], [ -83.8448956519, 43.063012691 ], [ -83.8447956529, 43.0630172926 ], [ -83.8446636933, 43.0630473124 ], [ -83.8444197278, 43.063107732 ], [ -83.8432657887, 43.063459788 ], [ -83.8402524336, 43.0642827542 ], [ -83.8400117271, 43.0643731409 ], [ -83.839774812, 43.0644783738 ], [ -83.839309526, 43.0648151273 ], [ -83.8390343119, 43.0650104272 ], [ -83.8387498164, 43.0651708373 ], [ -83.8384738325, 43.0653021285 ], [ -83.8381662752, 43.0653652875 ], [ -83.8377619172, 43.0654454653 ], [ -83.8373747129, 43.065513704 ], [ -83.8369890339, 43.0655390386 ], [ -83.8364701172, 43.0655475131 ], [ -83.8362609961, 43.0655476024 ], [ -83.8359848619, 43.0655111832 ], [ -83.8355982592, 43.0653995459 ], [ -83.835299092, 43.0653039224 ], [ -83.835081776, 43.0651866649 ], [ -83.8348709065, 43.0650550307 ], [ -83.8342595331, 43.0645359918 ] ] } },
{ "type": "Feature", "properties": { "PR": "1495003", "Aadt": 1989, "AadtCommercial": 58, "FacilityType": 2, "Year": "2024", "LocationId": "25-7129" }, "geometry": { "type": "LineString", "coordinates": [ [ -83.4880718695, 43.0196046572 ], [ -83.4847063966, 43.0201653045 ], [ -83.4840274126, 43.0202463467 ], [ -83.4833668979, 43.0202974435 ], [ -83.4825410704, 43.0203448643 ], [ -83.4818744995, 43.0203755827 ], [ -83.4813088484, 43.0203832477 ], [ -83.4809601084, 43.0203821264 ], [ -83.4795800664, 43.0203398053 ], [ -83.4686696263, 43.0199238297 ], [ -83.4657584001, 43.0198120312 ], [ -83.4633252627, 43.0197168923 ], [ -83.4582809076, 43.0195275516 ] ] } },
{ "type": "Feature", "properties": { "PR": "1533806", "Aadt": 7242, "AadtCommercial": 209, "FacilityType": 2, "Year": "2024", "LocationId": "25-5348" }, "geometry": { "type": "LineString", "coordinates": [ [ -83.6743291528, 42.9816826969 ], [ -83.6736700556, 42.9817070906 ], [ -83.6730412689, 42.98171417 ], [ -83.6682372366, 42.9817734455 ], [ -83.6678862395, 42.9817683487 ], [ -83.6654231946, 42.9817991156 ], [ -83.6645140352, 42.9818184554 ], [ -83.6632501796, 42.9818273246 ], [ -83.663018384, 42.9818226056 ], [ -83.6618535815, 42.9818323244 ], [ -83.6608908151, 42.9818660602 ], [ -83.6554976679, 42.9819237328 ], [ -83.6544032853, 42.981920627 ], [ -83.653158284, 42.9819494893 ] ] } },
{ "type": "Feature", "properties": { "PR": "1523109", "Aadt": 2696, "AadtCommercial": 78, "FacilityType": 2, "Year": "2024", "LocationId": "25-5451" }, "geometry": { "type": "LineString", "coordinates": [ [ -83.6568601416, 43.105534751 ], [ -83.6520964228, 43.1055828004 ], [ -83.6481766402, 43.1056275103 ], [ -83.6465941381, 43.1056350881 ], [ -83.6390679511, 43.1055450546 ], [ -83.6371382208, 43.1055362221 ], [ -83.6316983328, 43.1056913823 ], [ -83.6273775404, 43.1058580142 ], [ -83.624703277, 43.1059430089 ], [ -83.624274355, 43.1060320136 ], [ -83.6239266469, 43.1061415526 ], [ -83.623689938, 43.1062354452 ], [ -83.6233630551, 43.1064397827 ], [ -83.6224238268, 43.1071115166 ], [ -83.6198692049, 43.108903103 ], [ -83.618304674, 43.1099868975 ], [ -83.6174770039, 43.1105091801 ] ] } },
{ "type": "Feature", "properties": { "PR": "1497208", "Aadt": 9695, "AadtCommercial": 271, "FacilityType": 2, "Year": "2024", "LocationId": "25-5383" }, "geometry": { "type": "LineString", "coordinates": [ [ -83.6534065671, 42.9891629558 ], [ -83.6523382779, 42.9891707981 ], [ -83.6513747648, 42.9891802151 ], [ -83.650404042, 42.9891974104 ], [ -83.6496555158, 42.9892254173 ], [ -83.6486143785, 42.9892447013 ], [ -83.6477372897, 42.9892555178 ], [ -83.6465849715, 42.9892789797 ], [ -83.6450841253, 42.9893037482 ], [ -83.6437054201, 42.9893201063 ], [ -83.6422524457, 42.9893509133 ], [ -83.6398508442, 42.9894097281 ], [ -83.6391034659, 42.9894295345 ], [ -83.6381210125, 42.9894624833 ], [ -83.6365947343, 42.9894842277 ], [ -83.6357192502, 42.9895184124 ], [ -83.6337479778, 42.9895434836 ] ] } },
{ "type": "Feature", "properties": { "PR": "1502108", "Aadt": 3331, "AadtCommercial": 93, "FacilityType": 2, "Year": "2024", "LocationId": "25-7063" }, "geometry": { "type": "LineString", "coordinates": [ [ -83.5200989431, 43.2095671237 ], [ -83.5194226898, 43.2095758613 ], [ -83.5067784322, 43.2095241679 ], [ -83.5053344767, 43.2095161789 ], [ -83.5036632267, 43.2095162731 ], [ -83.50028622, 43.2095009226 ], [ -83.5002315154, 43.2095084885 ], [ -83.4945322174, 43.2095265642 ], [ -83.4805187632, 43.2096650602 ] ] } },
{ "type": "Feature", "properties": { "PR": "1520502", "Aadt": 11637, "AadtCommercial": 326, "FacilityType": 2, "Year": "2024", "LocationId": "25-5358" }, "geometry": { "type": "LineString", "coordinates": [ [ -83.6819091131, 42.9597808234 ], [ -83.6798960001, 42.9597972695 ], [ -83.6781381494, 42.9598157309 ], [ -83.6766319581, 42.9598546029 ], [ -83.6744768029, 42.9598959594 ], [ -83.6738780046, 42.959890061 ], [ -83.6731770511, 42.9599014705 ], [ -83.6726131532, 42.9599131294 ], [ -83.6711714108, 42.9599267337 ], [ -83.668952268, 42.9599706319 ], [ -83.6674283518, 42.9600176514 ] ] } },
{ "type": "Feature", "properties": { "PR": "1502204", "Aadt": 2175, "AadtCommercial": null, "FacilityType": 4, "Year": "2024", "LocationId": "25-0430" }, "geometry": { "type": "LineString", "coordinates": [ [ -83.7267813064, 42.9779093199 ], [ -83.7266942569, 42.977492074 ], [ -83.7265944319, 42.9769921571 ], [ -83.7265746801, 42.9768612672 ], [ -83.7265681621, 42.9767002255 ], [ -83.7265993541, 42.9765353443 ], [ -83.7266324753, 42.9764026843 ], [ -83.7266920783, 42.9762314777 ], [ -83.7271718772, 42.9755377115 ], [ -83.7274261927, 42.9751819221 ], [ -83.7275693054, 42.9749202046 ], [ -83.7275285126, 42.9740533047 ], [ -83.7275478892, 42.9738038591 ], [ -83.727573242, 42.9737321937 ], [ -83.7276171216, 42.9736784804 ], [ -83.7276883228, 42.9736197672 ], [ -83.7277756007, 42.9735771057 ], [ -83.7280972984, 42.9734545068 ] ] } },
{ "type": "Feature", "properties": { "PR": "0274603", "Aadt": 6677, "AadtCommercial": 233, "FacilityType": 2, "Year": "2024", "LocationId": "25-0117" }, "geometry": { "type": "LineString", "coordinates": [ [ -83.5238505175, 43.2228768969 ], [ -83.5275600733, 43.2330755431 ], [ -83.5280280757, 43.2343649668 ], [ -83.5285255916, 43.2357462535 ], [ -83.5287816732, 43.2365477991 ], [ -83.52890687, 43.2370765569 ], [ -83.5289578753, 43.2374044245 ], [ -83.5290483478, 43.2378818206 ], [ -83.5291175496, 43.238432043 ], [ -83.5291558637, 43.2390485713 ], [ -83.5293609707, 43.2483931214 ], [ -83.5294216413, 43.252081464 ], [ -83.5294445893, 43.2557384201 ], [ -83.5294547495, 43.2593974075 ], [ -83.5294562663, 43.2630557538 ], [ -83.5294881785, 43.2666312799 ], [ -83.5295017322, 43.2673277412 ], [ -83.5295046137, 43.2676773697 ], [ -83.5295145407, 43.2683092276 ], [ -83.5295602788, 43.270372457 ], [ -83.5295888519, 43.2717471784 ], [ -83.5296087255, 43.2725051676 ], [ -83.5296090334, 43.2725169103 ], [ -83.5296453624, 43.2739025638 ] ] } },
{ "type": "Feature", "properties": { "PR": "1526603", "Aadt": 532, "AadtCommercial": 17, "FacilityType": 2, "Year": "2024", "LocationId": "25-6705" }, "geometry": { "type": "LineString", "coordinates": [ [ -83.6974880551, 43.0164551989 ], [ -83.6968616696, 43.0167317998 ], [ -83.6960444901, 43.0170809956 ] ] } },
{ "type": "Feature", "properties": { "PR": "0756505", "Aadt": 720, "AadtCommercial": null, "FacilityType": 4, "Year": "2024", "LocationId": "44-0004" }, "geometry": { "type": "LineString", "coordinates": [ [ -83.4398869485, 43.013402997 ], [ -83.4392210707, 43.0133464653 ], [ -83.4389437493, 43.0133245835 ], [ -83.4387034315, 43.0133295706 ], [ -83.4384951094, 43.0133845416 ], [ -83.4381809742, 43.0135165467 ], [ -83.4378450692, 43.0137315584 ], [ -83.4375020673, 43.0139845861 ], [ -83.4372320569, 43.0142022379 ], [ -83.4369916506, 43.0143608717 ], [ -83.4367931058, 43.0144906212 ], [ -83.4366367385, 43.014584036 ], [ -83.436440696, 43.0146541791 ], [ -83.4362855808, 43.0147177904 ], [ -83.4359661325, 43.0148224307 ], [ -83.4355356229, 43.0149096424 ], [ -83.4351682241, 43.0149460761 ], [ -83.4346203955, 43.0149307484 ], [ -83.4338680628, 43.0149788946 ] ] } },
{ "type": "Feature", "properties": { "PR": "1501502", "Aadt": 13015, "AadtCommercial": 364, "FacilityType": 2, "Year": "2024", "LocationId": "25-5407" }, "geometry": { "type": "LineString", "coordinates": [ [ -83.4972491802, 42.9042035588 ], [ -83.4990725522, 42.9057584102 ], [ -83.4997613861, 42.9063393685 ], [ -83.5000251902, 42.906579873 ], [ -83.5003309677, 42.9069093091 ], [ -83.5005098384, 42.9071199949 ], [ -83.5007048831, 42.9073809113 ], [ -83.5008697365, 42.907675529 ], [ -83.5010822698, 42.9081115219 ], [ -83.5012216302, 42.9084645781 ], [ -83.5012930556, 42.9086998517 ], [ -83.50133957, 42.9089345761 ], [ -83.5013683354, 42.9091459964 ], [ -83.5013939215, 42.9094352456 ], [ -83.5014177107, 42.9097601747 ], [ -83.5014195295, 42.9099344643 ] ] } },
{ "type": "Feature", "properties": { "PR": "1499403", "Aadt": 6005, "AadtCommercial": 126, "FacilityType": 1, "Year": "2024", "LocationId": "25-4660" }, "geometry": { "type": "LineString", "coordinates": [ [ -83.6905381435, 43.0094829735 ], [ -83.6892845524, 43.0101927151 ], [ -83.6887373202, 43.0105217623 ], [ -83.6881289739, 43.0108558108 ], [ -83.6869069283, 43.0115774845 ] ] } },
{ "type": "Feature", "properties": { "PR": "1796610", "Aadt": 2775, "AadtCommercial": null, "FacilityType": 4, "Year": "2024", "LocationId": "25-0320" }, "geometry": { "type": "LineString", "coordinates": [ [ -83.7240771135, 42.972074498 ], [ -83.7240267424, 42.9721652298 ], [ -83.7239434702, 42.9722795829 ], [ -83.723875792, 42.9724217302 ], [ -83.7238511457, 42.9725250493 ], [ -83.7238417521, 42.9726653169 ], [ -83.7238403276, 42.9728149051 ], [ -83.7238340645, 42.9729827152 ], [ -83.7238297372, 42.973098658 ], [ -83.7238194916, 42.9731503589 ], [ -83.7238005934, 42.9732110467 ], [ -83.7237660995, 42.9732439393 ], [ -83.7236888029, 42.973309559 ], [ -83.7236273298, 42.9733516442 ] ] } },
{ "type": "Feature", "properties": { "PR": "1506007", "Aadt": 3087, "AadtCommercial": 86, "FacilityType": 2, "Year": "2024", "LocationId": "25-7011" }, "geometry": { "type": "LineString", "coordinates": [ [ -83.6564244022, 43.0909797708 ], [ -83.6563918736, 43.0914418768 ], [ -83.6564689676, 43.0933975046 ], [ -83.6565160357, 43.0950458307 ], [ -83.6566871685, 43.1000745868 ], [ -83.6568601416, 43.105534751 ] ] } },
{ "type": "Feature", "properties": { "PR": "1522108", "Aadt": 4630, "AadtCommercial": 126, "FacilityType": 2, "Year": "2024", "LocationId": "25-6631" }, "geometry": { "type": "LineString", "coordinates": [ [ -83.6923664969, 43.0064888681 ], [ -83.6926389311, 43.0067944257 ], [ -83.6932642594, 43.0075297693 ], [ -83.6941825909, 43.0086182097 ], [ -83.6943957618, 43.0088932658 ], [ -83.6946376019, 43.0091631485 ], [ -83.6948219174, 43.0093782868 ], [ -83.6953955775, 43.0100768647 ], [ -83.6958857486, 43.0106751062 ], [ -83.6959223473, 43.0107741461 ], [ -83.69591702, 43.0108296977 ], [ -83.6959095428, 43.0108994173 ], [ -83.6958524735, 43.0110163592 ], [ -83.6958339933, 43.0110886374 ], [ -83.6954207104, 43.0118142121 ], [ -83.6953119031, 43.0124719041 ] ] } },
{ "type": "Feature", "properties": { "PR": "3250619", "Aadt": 2079, "AadtCommercial": 60, "FacilityType": 1, "Year": "2024", "LocationId": "25-0346" }, "geometry": { "type": "LineString", "coordinates": [ [ -83.6826647427, 43.0757816858 ], [ -83.6827140001, 43.0775693097 ], [ -83.6826782438, 43.0778402356 ], [ -83.6827349571, 43.0781296066 ], [ -83.682767375, 43.0783696329 ], [ -83.6828497355, 43.0785454005 ], [ -83.6829268322, 43.0788070679 ], [ -83.6833743659, 43.079732626 ], [ -83.683836824, 43.0807035975 ], [ -83.6842676393, 43.0816251649 ], [ -83.6850742952, 43.0831729256 ] ] } },
{ "type": "Feature", "properties": { "PR": "1497602", "Aadt": 3608, "AadtCommercial": 105, "FacilityType": 2, "Year": "2024", "LocationId": "25-6971" }, "geometry": { "type": "LineString", "coordinates": [ [ -83.6650423841, 43.0183180439 ], [ -83.6650563212, 43.0185237187 ], [ -83.6651159616, 43.0203206231 ], [ -83.6651915973, 43.0219694115 ], [ -83.6652444375, 43.0232785124 ], [ -83.6652608142, 43.02358455 ], [ -83.6653122709, 43.0243698015 ], [ -83.6652741553, 43.0245480549 ], [ -83.6652199209, 43.0246571135 ], [ -83.6651523465, 43.0247749274 ], [ -83.6649905753, 43.0250022519 ], [ -83.6649336663, 43.0250874327 ], [ -83.6648833278, 43.0251768207 ], [ -83.6648420456, 43.0252664531 ], [ -83.6648156654, 43.0253539518 ], [ -83.6648001068, 43.0254431177 ], [ -83.6647893858, 43.0255387467 ], [ -83.6647846079, 43.0256508224 ], [ -83.6647840471, 43.0257376314 ], [ -83.6647828451, 43.0259235967 ], [ -83.6647880735, 43.0265096084 ], [ -83.6648274158, 43.0272258312 ], [ -83.6648423076, 43.0279533427 ], [ -83.664873173, 43.0286782776 ], [ -83.6649909728, 43.0301847458 ], [ -83.6650557371, 43.0316682208 ], [ -83.6651670557, 43.0331746358 ], [ -83.6652218154, 43.0342672397 ], [ -83.6652302893, 43.0350892494 ], [ -83.6652035384, 43.035788811 ], [ -83.6652084758, 43.0359222915 ], [ -83.665207625, 43.0366696878 ], [ -83.6652093852, 43.0374806382 ], [ -83.6652110191, 43.0382784109 ], [ -83.6652098817, 43.0385883865 ], [ -83.6652132376, 43.0390364192 ], [ -83.6652075163, 43.0397548368 ], [ -83.6652053695, 43.0398102651 ], [ -83.6651926522, 43.0405494574 ], [ -83.6652019371, 43.0413283707 ], [ -83.6651923503, 43.0420700116 ], [ -83.6652055907, 43.0423371318 ], [ -83.6652085853, 43.042936442 ], [ -83.6651846992, 43.0431375485 ], [ -83.665164708, 43.0435917904 ], [ -83.6651663558, 43.0439091193 ], [ -83.6651789347, 43.0442100316 ], [ -83.6651817804, 43.0446561057 ], [ -83.6651613878, 43.0454313218 ], [ -83.6651451115, 43.0462059606 ], [ -83.6651510434, 43.0469769343 ], [ -83.6651446206, 43.0476931939 ], [ -83.6651831566, 43.0484179481 ], [ -83.6651799385, 43.0491517552 ], [ -83.6651762967, 43.0499188089 ], [ -83.6652224894, 43.0506239032 ], [ -83.6652165504, 43.0517992257 ], [ -83.6652073222, 43.0520063973 ] ] } },
{ "type": "Feature", "properties": { "PR": "0553206", "Aadt": 1519, "AadtCommercial": 47, "FacilityType": 2, "Year": "2024", "LocationId": "76-5183" }, "geometry": { "type": "LineString", "coordinates": [ [ -83.9878179981, 42.9130116921 ], [ -83.986990735, 42.9130556893 ], [ -83.985897046, 42.9130658075 ], [ -83.9846902319, 42.9130739909 ], [ -83.9835228909, 42.9131176619 ], [ -83.9823197428, 42.9131442435 ], [ -83.9810658589, 42.9131536873 ] ] } },
{ "type": "Feature", "properties": { "PR": "1495406", "Aadt": 12324, "AadtCommercial": null, "FacilityType": 4, "Year": "2024", "LocationId": "25-4045" }, "geometry": { "type": "LineString", "coordinates": [ [ -83.6796727292, 43.0129982898 ], [ -83.6797703526, 43.0130626841 ], [ -83.6809130949, 43.0136465631 ], [ -83.6812653206, 43.0138327957 ], [ -83.6814462323, 43.0139775778 ], [ -83.6815931078, 43.0141452947 ], [ -83.6822634459, 43.0149213509 ] ] } },
{ "type": "Feature", "properties": { "PR": "1499408", "Aadt": 1603, "AadtCommercial": 45, "FacilityType": 2, "Year": "2024", "LocationId": "25-6914" }, "geometry": { "type": "LineString", "coordinates": [ [ -83.6853794656, 43.0196183111 ], [ -83.6850603797, 43.0197767335 ], [ -83.6848474849, 43.0198722684 ], [ -83.6846283753, 43.0199723203 ], [ -83.68442333, 43.0200587468 ], [ -83.6841141264, 43.0202189893 ], [ -83.6827468864, 43.0208091971 ], [ -83.6817855723, 43.0212700054 ], [ -83.6804863966, 43.0218589146 ], [ -83.6791960074, 43.0224838826 ], [ -83.6777459748, 43.0231519679 ], [ -83.6765511876, 43.0236783286 ], [ -83.6759601264, 43.0239186845 ], [ -83.6757044819, 43.02406193 ], [ -83.6742934981, 43.0247297609 ], [ -83.6726794323, 43.0254515004 ], [ -83.6724205678, 43.0256323843 ] ] } },
{ "type": "Feature", "properties": { "PR": "1495303", "Aadt": 3158, "AadtCommercial": null, "FacilityType": 4, "Year": "2024", "LocationId": "25-9629" }, "geometry": { "type": "LineString", "coordinates": [ [ -83.8315290299, 42.9654433181 ], [ -83.8321628729, 42.9654600428 ], [ -83.8324320312, 42.9654850379 ], [ -83.8326605729, 42.9655482103 ], [ -83.8328549602, 42.9656163948 ], [ -83.833034672, 42.9657233625 ], [ -83.8331554953, 42.9658409189 ], [ -83.8332358961, 42.9659733268 ], [ -83.8332841958, 42.9661109788 ], [ -83.8332876588, 42.9662380048 ], [ -83.8332335723, 42.9664127576 ], [ -83.8331682084, 42.9665306516 ], [ -83.8330558355, 42.9666242052 ], [ -83.8329791262, 42.9666871901 ], [ -83.8328595428, 42.9667591199 ], [ -83.8327007849, 42.966810766 ], [ -83.8325829363, 42.9668338978 ], [ -83.8324227701, 42.9668503583 ], [ -83.8322046173, 42.9668520334 ], [ -83.8319572269, 42.9668531473 ], [ -83.8317017938, 42.9668560592 ], [ -83.8314996572, 42.9668560874 ], [ -83.8312496789, 42.9668551972 ], [ -83.8310742589, 42.9668518307 ], [ -83.830899118, 42.9668406559 ], [ -83.8307792662, 42.9668249322 ] ] } },
{ "type": "Feature", "properties": { "PR": "1497008", "Aadt": 8278, "AadtCommercial": 198, "FacilityType": 2, "Year": "2024", "LocationId": "25-0523" }, "geometry": { "type": "LineString", "coordinates": [ [ -83.6761313659, 43.119776182 ], [ -83.6762009753, 43.1236403432 ], [ -83.6762723215, 43.1241810161 ], [ -83.6763798107, 43.1245786408 ], [ -83.6764783015, 43.1248907066 ], [ -83.6766397572, 43.1253208918 ], [ -83.6768490529, 43.1257835119 ], [ -83.6770032312, 43.126083238 ], [ -83.6772366887, 43.1264686881 ], [ -83.6776575693, 43.1270506142 ], [ -83.6792794325, 43.1293554342 ], [ -83.6813103628, 43.1322454759 ], [ -83.6814266388, 43.1324310405 ], [ -83.6814493812, 43.1324636544 ], [ -83.6829186765, 43.1345707383 ], [ -83.6854752709, 43.1381983636 ], [ -83.6895029074, 43.1439621742 ], [ -83.691852544, 43.1473152672 ], [ -83.6930307388, 43.1490236255 ], [ -83.6947970003, 43.1514989015 ] ] } },
{ "type": "Feature", "properties": { "PR": "0554109", "Aadt": 2419, "AadtCommercial": 57, "FacilityType": 2, "Year": "2024", "LocationId": "76-5182" }, "geometry": { "type": "LineString", "coordinates": [ [ -83.9877655931, 42.910756191 ], [ -83.9859831016, 42.9107841775 ], [ -83.9856362072, 42.9107826259 ], [ -83.9849682453, 42.9107982483 ], [ -83.9845606022, 42.9108173114 ], [ -83.9833365596, 42.9108294014 ], [ -83.9832290511, 42.9108292272 ], [ -83.9822212281, 42.9108501839 ], [ -83.9809914531, 42.9108903692 ], [ -83.9797612463, 42.9109186075 ], [ -83.9785499023, 42.9109249001 ], [ -83.978421515, 42.9109213162 ], [ -83.9782448919, 42.9109210662 ], [ -83.9779158892, 42.9109236068 ] ] } },
{ "type": "Feature", "properties": { "PR": "1523910", "Aadt": 3355, "AadtCommercial": 93, "FacilityType": 2, "Year": "2024", "LocationId": "25-5509" }, "geometry": { "type": "LineString", "coordinates": [ [ -83.793429572, 43.0312833772 ], [ -83.79345232, 43.0327450433 ], [ -83.7934785513, 43.0344304242 ], [ -83.7935238048, 43.0346179875 ], [ -83.7935584205, 43.0347798866 ], [ -83.7936072105, 43.0348699365 ], [ -83.7937046361, 43.0350542747 ], [ -83.7938768885, 43.0352485577 ], [ -83.7940445928, 43.0354088105 ], [ -83.794343847, 43.0356098121 ], [ -83.7962859044, 43.0369030031 ], [ -83.7971764536, 43.0374987054 ], [ -83.8010711714, 43.0401037266 ], [ -83.8025408506, 43.0411089406 ], [ -83.8026755329, 43.0411967392 ], [ -83.8063755443, 43.0436086168 ], [ -83.8077561898, 43.044509666 ], [ -83.8095050932, 43.0456632263 ], [ -83.8104097852, 43.0462743242 ], [ -83.8112755635, 43.0468441038 ], [ -83.8130784261, 43.0479997408 ] ] } },
{ "type": "Feature", "properties": { "PR": "1497903", "Aadt": 20444, "AadtCommercial": 981, "FacilityType": 2, "Year": "2024", "LocationId": "25-0471" }, "geometry": { "type": "LineString", "coordinates": [ [ -83.6817905753, 42.9742652021 ], [ -83.6820637211, 42.9804589114 ], [ -83.6821034079, 42.981541825 ] ] } },
{ "type": "Feature", "properties": { "PR": "1494708", "Aadt": 14094, "AadtCommercial": null, "FacilityType": 4, "Year": "2024", "LocationId": "25-0651" }, "geometry": { "type": "LineString", "coordinates": [ [ -83.7413178585, 42.9830596918 ], [ -83.7440197208, 42.9817157169 ], [ -83.7440366069, 42.9817073162 ] ] } },
{ "type": "Feature", "properties": { "PR": "1494606", "Aadt": 3197, "AadtCommercial": null, "FacilityType": 4, "Year": "2024", "LocationId": "25-9631" }, "geometry": { "type": "LineString", "coordinates": [ [ -83.8307463576, 42.9636934113 ], [ -83.8302202838, 42.9636963399 ], [ -83.8298262807, 42.9636992307 ], [ -83.829551338, 42.9636904646 ], [ -83.8292091312, 42.9637048042 ], [ -83.8289570332, 42.9637208739 ], [ -83.8287088087, 42.9637614159 ], [ -83.8284285289, 42.9639024174 ], [ -83.8281190763, 42.9641962147 ], [ -83.8275332337, 42.9647879285 ], [ -83.8273856168, 42.9649349627 ], [ -83.8272195373, 42.9650550221 ], [ -83.8270550423, 42.965136018 ], [ -83.8268852127, 42.9652018061 ], [ -83.8267249608, 42.9652461981 ], [ -83.8265737472, 42.9652842908 ], [ -83.826399044, 42.9653219315 ], [ -83.8260131433, 42.9653859801 ] ] } },
{ "type": "Feature", "properties": { "PR": "1503007", "Aadt": 4322, "AadtCommercial": null, "FacilityType": 4, "Year": "2024", "LocationId": "25-0684" }, "geometry": { "type": "LineString", "coordinates": [ [ -83.7387247267, 42.8630038162 ], [ -83.7388486571, 42.8633417552 ], [ -83.7393650054, 42.8644882661 ], [ -83.7394318329, 42.8646510885 ], [ -83.7394708238, 42.8647775095 ], [ -83.7395351381, 42.8650461304 ] ] } },
{ "type": "Feature", "properties": { "PR": "1514606", "Aadt": 8275, "AadtCommercial": 231, "FacilityType": 2, "Year": "2024", "LocationId": "25-5597" }, "geometry": { "type": "LineString", "coordinates": [ [ -83.7528602077, 43.046097953 ], [ -83.7506545131, 43.0461118607 ], [ -83.7499596388, 43.0461034999 ], [ -83.7485483461, 43.046105482 ], [ -83.7461423739, 43.0461423059 ], [ -83.7461009372, 43.0461424957 ], [ -83.7398060532, 43.0461712047 ], [ -83.7388160738, 43.0461897814 ], [ -83.737914192, 43.0461896999 ], [ -83.736985822, 43.0462102039 ], [ -83.7360198546, 43.0461950756 ], [ -83.7348927336, 43.0462112323 ], [ -83.7338441232, 43.0462252939 ], [ -83.7332918569, 43.0462251092 ], [ -83.7331076982, 43.0462230544 ], [ -83.7326051109, 43.0462171778 ] ] } },
{ "type": "Feature", "properties": { "PR": "0553509", "Aadt": 308, "AadtCommercial": 9, "FacilityType": 2, "Year": "2024", "LocationId": "76-5197" }, "geometry": { "type": "LineString", "coordinates": [ [ -83.9809914531, 42.9108903692 ], [ -83.9810201695, 42.912033523 ], [ -83.9810658589, 42.9131536873 ], [ -83.9811024097, 42.9143014205 ], [ -83.9811340037, 42.9154324167 ], [ -83.9811850318, 42.9166161767 ], [ -83.9812464299, 42.9181220995 ] ] } },
{ "type": "Feature", "properties": { "PR": "1498001", "Aadt": 7225, "AadtCommercial": null, "FacilityType": 4, "Year": "2024", "LocationId": "25-0575" }, "geometry": { "type": "LineString", "coordinates": [ [ -83.7335763417, 42.9851948928 ], [ -83.7340654365, 42.9862957158 ], [ -83.7341824177, 42.9865418653 ], [ -83.7342944249, 42.9867661438 ], [ -83.7344090663, 42.9869195643 ], [ -83.7345146033, 42.9870623396 ], [ -83.7346684225, 42.9872152673 ], [ -83.7347647093, 42.9873227328 ], [ -83.7352129125, 42.9876159878 ], [ -83.7366852521, 42.9885430411 ] ] } },
{ "type": "Feature", "properties": { "PR": "1521106", "Aadt": 2593, "AadtCommercial": 76, "FacilityType": 2, "Year": "2024", "LocationId": "25-5372" }, "geometry": { "type": "LineString", "coordinates": [ [ -83.6510354725, 42.9264778702 ], [ -83.6418785512, 42.9266795192 ], [ -83.6389541237, 42.926764472 ], [ -83.6372309045, 42.9268209347 ], [ -83.6369324252, 42.9268478198 ], [ -83.6367108955, 42.9268812045 ], [ -83.6365274244, 42.9269133717 ], [ -83.6346494669, 42.9272718988 ], [ -83.6342428672, 42.9273503 ], [ -83.6341647783, 42.9273626922 ], [ -83.6337650902, 42.927426116 ], [ -83.6335736473, 42.9274564948 ], [ -83.6330519811, 42.9275488574 ] ] } },
{ "type": "Feature", "properties": { "PR": "1498104", "Aadt": 7970, "AadtCommercial": 224, "FacilityType": 2, "Year": "2024", "LocationId": "25-6800" }, "geometry": { "type": "LineString", "coordinates": [ [ -83.7063037396, 43.0756031564 ], [ -83.7038499317, 43.0756200906 ], [ -83.7014189349, 43.0756275476 ], [ -83.6990003712, 43.0756508353 ], [ -83.6965430253, 43.075657623 ], [ -83.6940431095, 43.0756681141 ] ] } },
{ "type": "Feature", "properties": { "PR": "0759103", "Aadt": 994, "AadtCommercial": 29, "FacilityType": 2, "Year": "2024", "LocationId": "44-5069" }, "geometry": { "type": "LineString", "coordinates": [ [ -83.4281052695, 43.1584908801 ], [ -83.4283154587, 43.1624776809 ], [ -83.4284408911, 43.1652681182 ], [ -83.4284670171, 43.1657868051 ], [ -83.4285975664, 43.1684701988 ], [ -83.4287775743, 43.171945417 ], [ -83.4288215349, 43.1730287146 ], [ -83.4291763781, 43.1802840635 ], [ -83.4294532395, 43.1875497408 ], [ -83.4297728351, 43.1935313482 ], [ -83.4298111819, 43.1948347337 ], [ -83.4298736496, 43.1964345103 ], [ -83.4299442654, 43.198422814 ], [ -83.4300762828, 43.2020908091 ], [ -83.4304366455, 43.2093557543 ], [ -83.4304682087, 43.2101874563 ], [ -83.4307979421, 43.2166350162 ], [ -83.4310954293, 43.2235425878 ], [ -83.4311038666, 43.223711454 ], [ -83.4311093268, 43.2238944106 ], [ -83.4311157872, 43.2239864453 ], [ -83.4311954168, 43.2260444253 ], [ -83.4312500038, 43.2265011454 ], [ -83.4311937042, 43.2267016246 ], [ -83.4311049919, 43.2268948894 ], [ -83.4309633308, 43.2270698726 ], [ -83.43071873, 43.2272888042 ], [ -83.4298228759, 43.2281135208 ], [ -83.4296726038, 43.2282910603 ], [ -83.4295556415, 43.2284814674 ], [ -83.4294840928, 43.2286973878 ], [ -83.4294283095, 43.2288909842 ], [ -83.4294242761, 43.2292110182 ], [ -83.4294311274, 43.2302187101 ], [ -83.4294229483, 43.2303662234 ], [ -83.4294206914, 43.2305238217 ], [ -83.4310222763, 43.2305130166 ], [ -83.4311535917, 43.2305533982 ], [ -83.4312734183, 43.2306234492 ], [ -83.4313514064, 43.2307149994 ], [ -83.4314086321, 43.2308135627 ], [ -83.4314518766, 43.2313642153 ], [ -83.4315576561, 43.2334629033 ] ] } },
{ "type": "Feature", "properties": { "PR": "0756504", "Aadt": 1715, "AadtCommercial": null, "FacilityType": 4, "Year": "2024", "LocationId": "44-0001" }, "geometry": { "type": "LineString", "coordinates": [ [ -83.4466942821, 43.0154129807 ], [ -83.4456106056, 43.0152914479 ], [ -83.445328015, 43.0152650083 ], [ -83.4448926653, 43.0152253639 ], [ -83.4445391661, 43.0151726482 ], [ -83.4442272189, 43.0150984951 ], [ -83.4440266474, 43.0150343108 ], [ -83.4437762448, 43.0149466283 ], [ -83.4434963203, 43.0148359071 ], [ -83.4431979623, 43.0146800231 ], [ -83.442889452, 43.0145239092 ], [ -83.4425523581, 43.0143224032 ], [ -83.4421263841, 43.014059228 ], [ -83.4416693307, 43.0138102657 ], [ -83.4414309641, 43.0136781042 ], [ -83.4412516433, 43.0135920206 ], [ -83.4410107793, 43.0135194633 ], [ -83.4405300973, 43.0134554363 ], [ -83.4398869485, 43.013402997 ] ] } },
{ "type": "Feature", "properties": { "PR": "3251565", "Aadt": 369, "AadtCommercial": 10, "FacilityType": 2, "Year": "2024", "LocationId": "63-5499" }, "geometry": { "type": "LineString", "coordinates": [ [ -83.6893071866, 42.8638730144 ], [ -83.6879866831, 42.863834085 ] ] } },
{ "type": "Feature", "properties": { "PR": "1497201", "Aadt": 1281, "AadtCommercial": 37, "FacilityType": 2, "Year": "2024", "LocationId": "25-5353" }, "geometry": { "type": "LineString", "coordinates": [ [ -83.6717773693, 42.9671895854 ], [ -83.6690548884, 42.9672401597 ], [ -83.6658105906, 42.9672727783 ], [ -83.6630970777, 42.9673191701 ], [ -83.6593647849, 42.9673548128 ], [ -83.6561701454, 42.9674099215 ], [ -83.6526475907, 42.9674655384 ] ] } },
{ "type": "Feature", "properties": { "PR": "1844704", "Aadt": 2023, "AadtCommercial": null, "FacilityType": 4, "Year": "2024", "LocationId": "25-4121" }, "geometry": { "type": "LineString", "coordinates": [ [ -83.6794200525, 43.0284332454 ], [ -83.6798314116, 43.0279454318 ], [ -83.6812816811, 43.0260515534 ] ] } },
{ "type": "Feature", "properties": { "PR": "1499303", "Aadt": 11539, "AadtCommercial": 325, "FacilityType": 2, "Year": "2024", "LocationId": "25-5134" }, "geometry": { "type": "LineString", "coordinates": [ [ -83.7146675314, 42.9898434931 ], [ -83.713306997, 42.9904594975 ] ] } },
{ "type": "Feature", "properties": { "PR": "1499403", "Aadt": 4874, "AadtCommercial": 103, "FacilityType": 1, "Year": "2024", "LocationId": "25-0477" }, "geometry": { "type": "LineString", "coordinates": [ [ -83.691922552, 43.0093425347 ], [ -83.6914886028, 43.0093328501 ], [ -83.6912060458, 43.0093270852 ], [ -83.690880318, 43.0093773401 ], [ -83.6905381435, 43.0094829735 ] ] } },
{ "type": "Feature", "properties": { "PR": "3251558", "Aadt": 12291, "AadtCommercial": 331, "FacilityType": 2, "Year": "2024", "LocationId": "25-5475" }, "geometry": { "type": "LineString", "coordinates": [ [ -83.7737100219, 43.0398144968 ], [ -83.7737648529, 43.0423966524 ], [ -83.7737819473, 43.043619673 ], [ -83.7737534979, 43.0438873365 ], [ -83.7736923898, 43.0441297258 ], [ -83.7735989205, 43.0443386341 ], [ -83.773449592, 43.0447044406 ], [ -83.7731582402, 43.0452045997 ], [ -83.7729201485, 43.0456525681 ], [ -83.772797656, 43.0459356975 ], [ -83.7726995748, 43.0462766686 ], [ -83.772664856, 43.0465704307 ], [ -83.7727101175, 43.0495904827 ], [ -83.7728489187, 43.0557041062 ], [ -83.7728741418, 43.056815021 ], [ -83.7729470129, 43.0603934692 ] ] } },
{ "type": "Feature", "properties": { "PR": "1507005", "Aadt": 825, "AadtCommercial": 24, "FacilityType": 2, "Year": "2024", "LocationId": "25-5464" }, "geometry": { "type": "LineString", "coordinates": [ [ -83.6898949433, 43.1193607162 ], [ -83.6899155092, 43.1202992299 ], [ -83.6899210796, 43.1207042273 ], [ -83.6899130871, 43.1210255106 ], [ -83.6899307618, 43.1217206587 ], [ -83.6899584873, 43.1229162184 ], [ -83.6899765435, 43.1237869386 ], [ -83.689971075, 43.1251724722 ], [ -83.6899776206, 43.1261354779 ] ] } },
{ "type": "Feature", "properties": { "PR": "3250558", "Aadt": 286, "AadtCommercial": 8, "FacilityType": 2, "Year": "2024", "LocationId": "25-6847" }, "geometry": { "type": "LineString", "coordinates": [ [ -83.6872313844, 43.0218409693 ], [ -83.6868100908, 43.0224865744 ], [ -83.6865454978, 43.0230537181 ], [ -83.686415674, 43.0234405878 ], [ -83.6863071589, 43.0237715763 ], [ -83.6862533766, 43.0242173268 ], [ -83.6861659744, 43.0247117209 ], [ -83.6861121664, 43.0250257874 ], [ -83.6857869007, 43.0255749466 ], [ -83.6846782523, 43.026702421 ], [ -83.6845931437, 43.0267995104 ], [ -83.6843472794, 43.0271575681 ], [ -83.6841982988, 43.0274595804 ], [ -83.6841236636, 43.0276244764 ], [ -83.6839759889, 43.027937422 ], [ -83.6839544663, 43.0285013802 ], [ -83.6839770118, 43.0287243831 ], [ -83.6840737529, 43.0290155097 ], [ -83.684203046, 43.0296697485 ], [ -83.6841937424, 43.0298238197 ], [ -83.6841425926, 43.0299420902 ], [ -83.6840824474, 43.0299834598 ], [ -83.683833705, 43.0303998386 ], [ -83.6831209936, 43.0311063481 ], [ -83.6828765731, 43.0313049038 ], [ -83.6826398562, 43.0314787926 ], [ -83.6823684394, 43.0315927721 ], [ -83.6819670867, 43.0318093449 ], [ -83.6816817544, 43.0319357985 ], [ -83.6814672075, 43.0320604901 ], [ -83.6812081228, 43.0323754935 ], [ -83.6810909749, 43.0325304709 ], [ -83.6810458827, 43.032640484 ], [ -83.6810315041, 43.0328544239 ], [ -83.6810419477, 43.0329712796 ], [ -83.6810541221, 43.0331075035 ], [ -83.6811526205, 43.0334374997 ], [ -83.6811825342, 43.0336184221 ], [ -83.6811689667, 43.0341350787 ] ] } },
{ "type": "Feature", "properties": { "PR": "0471908", "Aadt": 2950, "AadtCommercial": 87, "FacilityType": 2, "Year": "2024", "LocationId": "73-5248" }, "geometry": { "type": "LineString", "coordinates": [ [ -83.7748046108, 43.2357447171 ], [ -83.7694570594, 43.2357512316 ], [ -83.7691527964, 43.2357503654 ], [ -83.7672688187, 43.2357540081 ], [ -83.7587569473, 43.2357688391 ], [ -83.7584757186, 43.2357455315 ] ] } },
{ "type": "Feature", "properties": { "PR": "3780083", "Aadt": 618, "AadtCommercial": 19, "FacilityType": 2, "Year": "2024", "LocationId": "76-5133" }, "geometry": { "type": "LineString", "coordinates": [ [ -84.0757277437, 42.930417614 ], [ -84.074315696, 42.9304656848 ], [ -84.0739716913, 42.9304583037 ], [ -84.0732629764, 42.930453988 ], [ -84.0716933949, 42.9304531033 ], [ -84.0715799344, 42.9304633541 ], [ -84.0711181473, 42.9305802646 ], [ -84.070715345, 42.9307322615 ], [ -84.0698770355, 42.9311613029 ], [ -84.0694296935, 42.9313263322 ], [ -84.0688328694, 42.9314446151 ], [ -84.0681475095, 42.9314775698 ], [ -84.0632815006, 42.9315085336 ], [ -84.055466627, 42.9316037499 ], [ -84.050781011, 42.9341309715 ], [ -84.0459261383, 42.9367934352 ], [ -84.045597113, 42.9369360892 ], [ -84.045045692, 42.9371443104 ], [ -84.0428018188, 42.937751483 ] ] } },
{ "type": "Feature", "properties": { "PR": "1494708", "Aadt": 22141, "AadtCommercial": null, "FacilityType": 4, "Year": "2024", "LocationId": "25-0810" }, "geometry": { "type": "LineString", "coordinates": [ [ -83.7271504673, 42.9791572158 ], [ -83.7277089514, 42.9800054492 ], [ -83.7289411221, 42.9817244725 ] ] } },
{ "type": "Feature", "properties": { "PR": "1494105", "Aadt": 8670, "AadtCommercial": 243, "FacilityType": 2, "Year": "2024", "LocationId": "25-5228" }, "geometry": { "type": "LineString", "coordinates": [ [ -83.7723114725, 42.9873552352 ], [ -83.7698547076, 42.9873233678 ], [ -83.769454676, 42.9873250117 ], [ -83.7680289931, 42.9873197622 ], [ -83.7643728717, 42.9873290526 ] ] } },
{ "type": "Feature", "properties": { "PR": "1500910", "Aadt": 10565, "AadtCommercial": 297, "FacilityType": 2, "Year": "2024", "LocationId": "25-7033" }, "geometry": { "type": "LineString", "coordinates": [ [ -83.6773799764, 43.1197539017 ], [ -83.6761313659, 43.119776182 ], [ -83.6699621037, 43.1198102112 ], [ -83.6654803794, 43.1199015795 ], [ -83.6574068329, 43.1200901155 ] ] } },
{ "type": "Feature", "properties": { "PR": "1515103", "Aadt": 1962, "AadtCommercial": 58, "FacilityType": 2, "Year": "2024", "LocationId": "25-5548" }, "geometry": { "type": "LineString", "coordinates": [ [ -83.6507643166, 43.0571604311 ], [ -83.6507200315, 43.0572502149 ], [ -83.6506970713, 43.0574068636 ], [ -83.6507281645, 43.0585361426 ], [ -83.6508042776, 43.0601072609 ], [ -83.6508032315, 43.0617022431 ], [ -83.6508691924, 43.0649331999 ], [ -83.6509188087, 43.0673634386 ], [ -83.6509361149, 43.0688452146 ], [ -83.6509469783, 43.0696411724 ], [ -83.6508734968, 43.0698561294 ], [ -83.6507974624, 43.0699632026 ], [ -83.6504734253, 43.0704141856 ], [ -83.6501170511, 43.0709121358 ], [ -83.6496086288, 43.0716211424 ], [ -83.648933872, 43.0725630707 ], [ -83.6487998582, 43.0727510837 ], [ -83.6461607929, 43.0764005299 ] ] } },
{ "type": "Feature", "properties": { "PR": "1501402", "Aadt": 4960, "AadtCommercial": null, "FacilityType": 4, "Year": "2024", "LocationId": "25-4025" }, "geometry": { "type": "LineString", "coordinates": [ [ -83.6825173347, 42.986220527 ], [ -83.6826493298, 42.9855699132 ], [ -83.6826891857, 42.9850950859 ], [ -83.6827283441, 42.984709215 ], [ -83.682791836, 42.9841664751 ], [ -83.6829618453, 42.9830797189 ] ] } },
{ "type": "Feature", "properties": { "PR": "1497102", "Aadt": 8403, "AadtCommercial": 227, "FacilityType": 2, "Year": "2024", "LocationId": "25-5366" }, "geometry": { "type": "LineString", "coordinates": [ [ -83.672640779, 42.9744348221 ], [ -83.6728154118, 42.9752377073 ], [ -83.6729705387, 42.9759505594 ], [ -83.6731379632, 42.976641145 ], [ -83.6733110469, 42.9773667246 ], [ -83.6734857135, 42.9780629054 ], [ -83.6736646439, 42.9787814638 ], [ -83.6738158117, 42.9795089749 ], [ -83.6739886606, 42.9802186255 ], [ -83.6741563514, 42.9809302206 ], [ -83.6743291528, 42.9816826969 ], [ -83.6747943369, 42.9836155895 ], [ -83.6751721634, 42.9852282881 ], [ -83.6754738409, 42.9864622662 ], [ -83.6758439217, 42.9879878452 ], [ -83.6760749271, 42.9889555103 ] ] } },
{ "type": "Feature", "properties": { "PR": "1519606", "Aadt": 3688, "AadtCommercial": 107, "FacilityType": 2, "Year": "2024", "LocationId": "25-5210" }, "geometry": { "type": "LineString", "coordinates": [ [ -83.7899155955, 42.9137850252 ], [ -83.786784627, 42.9138570834 ], [ -83.7843136239, 42.9139415664 ], [ -83.7780237698, 42.9139780366 ], [ -83.7769056324, 42.9139901984 ], [ -83.7706599003, 42.914118122 ], [ -83.7703888199, 42.9140902246 ], [ -83.7703748542, 42.9140883294 ], [ -83.7703606814, 42.9140857618 ], [ -83.7703468006, 42.9140822469 ], [ -83.7703332085, 42.9140779747 ], [ -83.770320926, 42.9140733464 ], [ -83.7703091823, 42.9140681576 ], [ -83.7702174095, 42.9140220656 ], [ -83.7701625971, 42.9139953223 ], [ -83.7701478832, 42.9139897884 ], [ -83.7701321459, 42.9139856639 ], [ -83.7701146424, 42.9139836917 ], [ -83.7701044871, 42.913983068 ] ] } },
{ "type": "Feature", "properties": { "PR": "1523910", "Aadt": 4506, "AadtCommercial": 129, "FacilityType": 2, "Year": "2024", "LocationId": "25-5476" }, "geometry": { "type": "LineString", "coordinates": [ [ -83.8130784261, 43.0479997408 ], [ -83.8142431968, 43.0487648267 ], [ -83.8184789607, 43.0515750984 ], [ -83.8189358764, 43.0518687614 ], [ -83.8209325327, 43.0531665799 ], [ -83.8215100971, 43.053528396 ], [ -83.8222558392, 43.053957098 ], [ -83.8223997082, 43.0540232374 ], [ -83.8225928732, 43.0541049496 ], [ -83.8265648123, 43.0553426904 ], [ -83.8306533695, 43.0565450361 ], [ -83.8319378318, 43.0569516982 ], [ -83.8325757885, 43.0571302255 ] ] } },
{ "type": "Feature", "properties": { "PR": "1495009", "Aadt": 1669, "AadtCommercial": null, "FacilityType": 4, "Year": "2024", "LocationId": "25-4488" }, "geometry": { "type": "LineString", "coordinates": [ [ -83.6542899701, 43.0116708888 ], [ -83.6533895064, 43.0117149724 ], [ -83.6529863889, 43.0117450891 ], [ -83.6526358227, 43.01177202 ], [ -83.6515976363, 43.0119556852 ], [ -83.6513817565, 43.0119995366 ], [ -83.6507440729, 43.0121776837 ] ] } },
{ "type": "Feature", "properties": { "PR": "1520305", "Aadt": 3627, "AadtCommercial": 106, "FacilityType": 2, "Year": "2024", "LocationId": "25-5425" }, "geometry": { "type": "LineString", "coordinates": [ [ -83.613139269, 42.9451524172 ], [ -83.6131874326, 42.9467445995 ], [ -83.6131908227, 42.9476455739 ], [ -83.6132654201, 42.9488029719 ], [ -83.6132885696, 42.9496817765 ], [ -83.6133229728, 42.9509877472 ], [ -83.6133611824, 42.9525706504 ], [ -83.613390469, 42.9536245591 ], [ -83.6134250384, 42.9554907073 ], [ -83.6135246931, 42.9591112653 ], [ -83.6135285918, 42.9599195069 ], [ -83.613486778, 42.9602627445 ], [ -83.6133426607, 42.9608682065 ] ] } },
{ "type": "Feature", "properties": { "PR": "1502703", "Aadt": 3233, "AadtCommercial": null, "FacilityType": 4, "Year": "2024", "LocationId": "25-4475" }, "geometry": { "type": "LineString", "coordinates": [ [ -83.6794767423, 43.0107922305 ], [ -83.6795914339, 43.0115883131 ], [ -83.6797535386, 43.0119208113 ], [ -83.6799394164, 43.0122409721 ], [ -83.6801822052, 43.0125964996 ], [ -83.6804259724, 43.0129263956 ], [ -83.6809130949, 43.0136465631 ], [ -83.6813027238, 43.0142518565 ], [ -83.6819964804, 43.015188425 ] ] } },
{ "type": "Feature", "properties": { "PR": "1522902", "Aadt": 22989, "AadtCommercial": 644, "FacilityType": 2, "Year": "2024", "LocationId": "25-7108" }, "geometry": { "type": "LineString", "coordinates": [ [ -83.5556463424, 43.0158097355 ], [ -83.5556426578, 43.0164838285 ], [ -83.5556408813, 43.0168049711 ], [ -83.5556657789, 43.0175740576 ] ] } },
{ "type": "Feature", "properties": { "PR": "1497409", "Aadt": 10981, "AadtCommercial": 297, "FacilityType": 2, "Year": "2024", "LocationId": "25-6991" }, "geometry": { "type": "LineString", "coordinates": [ [ -83.6553050392, 43.0329061108 ], [ -83.6506766377, 43.0329407131 ], [ -83.6504154816, 43.0329743681 ], [ -83.6490817258, 43.0330073941 ], [ -83.6475455324, 43.0329943347 ], [ -83.6453646535, 43.0330489228 ], [ -83.6442233967, 43.0330375879 ], [ -83.6428264072, 43.0330859813 ], [ -83.6403296269, 43.0331345658 ], [ -83.637855285, 43.0331832319 ], [ -83.6353518952, 43.0332304363 ] ] } },
{ "type": "Feature", "properties": { "PR": "1501906", "Aadt": 1826, "AadtCommercial": 53, "FacilityType": 2, "Year": "2024", "LocationId": "44-5043" }, "geometry": { "type": "LineString", "coordinates": [ [ -83.4434314105, 43.0978474163 ], [ -83.4414971383, 43.0979025209 ], [ -83.4394107671, 43.0979673546 ], [ -83.4376879141, 43.0980287777 ], [ -83.4370921178, 43.0980484282 ], [ -83.4336611571, 43.0981697563 ], [ -83.4322808507, 43.0982165811 ], [ -83.4297189477, 43.098279187 ], [ -83.4290092064, 43.0983036877 ], [ -83.4265207438, 43.0983776754 ], [ -83.4244798923, 43.0984505843 ], [ -83.4238588533, 43.0984780167 ] ] } },
{ "type": "Feature", "properties": { "PR": "1505805", "Aadt": 4478, "AadtCommercial": 123, "FacilityType": 2, "Year": "2024", "LocationId": "25-7034" }, "geometry": { "type": "LineString", "coordinates": [ [ -83.6817973573, 43.0903796616 ], [ -83.6810911065, 43.0904846864 ], [ -83.6799859211, 43.0908568151 ], [ -83.6775162959, 43.0918443129 ], [ -83.6771859798, 43.0919679724 ], [ -83.6761158531, 43.0923207825 ], [ -83.6757776337, 43.0923809953 ], [ -83.6754168925, 43.0924189909 ], [ -83.674830429, 43.0924659543 ], [ -83.6746441769, 43.0924650579 ] ] } },
{ "type": "Feature", "properties": { "PR": "1523901", "Aadt": 2359, "AadtCommercial": 68, "FacilityType": 2, "Year": "2024", "LocationId": "25-5533" }, "geometry": { "type": "LineString", "coordinates": [ [ -83.8138654204, 43.1482242504 ], [ -83.8138599926, 43.151629866 ], [ -83.8138856634, 43.1543848483 ], [ -83.8138999452, 43.1559175557 ], [ -83.8139164435, 43.1579716776 ], [ -83.8139440145, 43.1608082932 ], [ -83.8139672927, 43.1626020653 ], [ -83.8139674734, 43.1635530076 ], [ -83.8140433758, 43.1686515234 ], [ -83.8140485574, 43.1696450533 ], [ -83.8140487986, 43.1701621997 ], [ -83.8140393932, 43.1711825428 ], [ -83.8141055284, 43.177158503 ], [ -83.8141185616, 43.1792897468 ], [ -83.8141895415, 43.1830703381 ], [ -83.8142067069, 43.1853402622 ], [ -83.8141930931, 43.1861921618 ], [ -83.8142494995, 43.1916531555 ], [ -83.8142501056, 43.1994256031 ], [ -83.8142826213, 43.2023125676 ], [ -83.8143470075, 43.2060575708 ], [ -83.8143477984, 43.2062132785 ], [ -83.8143857655, 43.2117196897 ], [ -83.8144364772, 43.2145986439 ], [ -83.8144933815, 43.2209666804 ], [ -83.8144867079, 43.2212114643 ] ] } },
{ "type": "Feature", "properties": { "PR": "1494107", "Aadt": 7246, "AadtCommercial": 289, "FacilityType": 2, "Year": "2024", "LocationId": "25-0062" }, "geometry": { "type": "LineString", "coordinates": [ [ -83.8312487638, 43.000785923 ], [ -83.8249612735, 43.0008059511 ], [ -83.8241482422, 43.000812364 ], [ -83.8198796958, 43.0008268711 ], [ -83.8184402745, 43.0008252127 ], [ -83.817544176, 43.0008217663 ], [ -83.8165905215, 43.0008448985 ], [ -83.8153999393, 43.0008980663 ], [ -83.8135739933, 43.0010428022 ], [ -83.8121063358, 43.0011906518 ] ] } },
{ "type": "Feature", "properties": { "PR": "1519505", "Aadt": 760, "AadtCommercial": 23, "FacilityType": 2, "Year": "2024", "LocationId": "25-5111" }, "geometry": { "type": "LineString", "coordinates": [ [ -83.911746454, 42.873262811 ], [ -83.9098515668, 42.8722603493 ], [ -83.9095039279, 42.8720451391 ], [ -83.9090617913, 42.8716669827 ], [ -83.9086027691, 42.8713308313 ], [ -83.9070900574, 42.8705297793 ], [ -83.9051736594, 42.8695686257 ], [ -83.9049340952, 42.8694696429 ], [ -83.9046221265, 42.8693770855 ], [ -83.9043457307, 42.869325333 ], [ -83.9039512472, 42.8692260609 ], [ -83.9037210912, 42.8691313624 ] ] } },
{ "type": "Feature", "properties": { "PR": "1512406", "Aadt": 1132, "AadtCommercial": 32, "FacilityType": 2, "Year": "2024", "LocationId": "25-5112" }, "geometry": { "type": "LineString", "coordinates": [ [ -83.911746454, 42.873262811 ], [ -83.911102276, 42.873926795 ], [ -83.9089152967, 42.8762506254 ] ] } },
{ "type": "Feature", "properties": { "PR": "1515201", "Aadt": 649, "AadtCommercial": 20, "FacilityType": 2, "Year": "2024", "LocationId": "25-5120" }, "geometry": { "type": "LineString", "coordinates": [ [ -83.9032757373, 43.2050078269 ], [ -83.9033389028, 43.2086807456 ], [ -83.9034174595, 43.2123694572 ], [ -83.9034456897, 43.2164126219 ], [ -83.9035458799, 43.2206096234 ] ] } },
{ "type": "Feature", "properties": { "PR": "0759010", "Aadt": 2866, "AadtCommercial": 84, "FacilityType": 2, "Year": "2024", "LocationId": "44-5063" }, "geometry": { "type": "LineString", "coordinates": [ [ -83.4597360429, 43.1578522425 ], [ -83.458285244, 43.1578636134 ], [ -83.4526683179, 43.1579863365 ], [ -83.447755306, 43.1580871174 ], [ -83.4330787082, 43.1583732317 ], [ -83.4281052695, 43.1584908801 ], [ -83.4212127942, 43.1585948733 ], [ -83.4197005202, 43.1585999623 ], [ -83.4188679713, 43.15860904 ], [ -83.4180398536, 43.1586555806 ], [ -83.4180204256, 43.1586559565 ], [ -83.4165438641, 43.1588292522 ], [ -83.4162568889, 43.1588297221 ], [ -83.4160374013, 43.1588177221 ], [ -83.4157235426, 43.1587755641 ], [ -83.4153661481, 43.1586999803 ], [ -83.4148562943, 43.1584757207 ], [ -83.414203447, 43.1580827174 ], [ -83.413938283, 43.1579308998 ], [ -83.4136294273, 43.1577156663 ], [ -83.4129923642, 43.1573088836 ], [ -83.4127910096, 43.1571583187 ], [ -83.4114404604, 43.156280409 ], [ -83.4103186105, 43.1554899111 ] ] } },
{ "type": "Feature", "properties": { "PR": "1495110", "Aadt": 12330, "AadtCommercial": 345, "FacilityType": 2, "Year": "2024", "LocationId": "25-7089" }, "geometry": { "type": "LineString", "coordinates": [ [ -83.595116856, 43.0109687876 ], [ -83.5952359987, 43.0154362915 ], [ -83.5952565352, 43.0172498147 ], [ -83.5952946799, 43.017704624 ], [ -83.5953253474, 43.0185371192 ], [ -83.5953382412, 43.0194320574 ] ] } },
{ "type": "Feature", "properties": { "PR": "1494107", "Aadt": 6741, "AadtCommercial": 269, "FacilityType": 2, "Year": "2024", "LocationId": "25-0552" }, "geometry": { "type": "LineString", "coordinates": [ [ -83.8609311751, 43.0006476515 ], [ -83.8603586589, 43.00064153 ], [ -83.8506825255, 43.0005922957 ], [ -83.8436256156, 43.0006470739 ], [ -83.8397950612, 43.0006768765 ], [ -83.8368062959, 43.0006946087 ], [ -83.8316911517, 43.0007110498 ], [ -83.8312487638, 43.000785923 ] ] } },
{ "type": "Feature", "properties": { "PR": "1497601", "Aadt": 13442, "AadtCommercial": 375, "FacilityType": 2, "Year": "2024", "LocationId": "25-5456" }, "geometry": { "type": "LineString", "coordinates": [ [ -83.6357749307, 43.0510690066 ], [ -83.6328085307, 43.0511098825 ], [ -83.6318417038, 43.0511113404 ], [ -83.6307330147, 43.0511178672 ], [ -83.6293493962, 43.0511373523 ], [ -83.6290332393, 43.0511335656 ], [ -83.6283275082, 43.0511236846 ], [ -83.6280198812, 43.0511286177 ], [ -83.6259410298, 43.0511188274 ], [ -83.6249534308, 43.0511342118 ], [ -83.6231818006, 43.0511801203 ], [ -83.6226499758, 43.0511810623 ], [ -83.6214452469, 43.051213456 ], [ -83.6182453809, 43.0512500436 ], [ -83.6171693725, 43.0512576062 ], [ -83.6169501958, 43.0512689333 ], [ -83.6159579595, 43.0512581522 ] ] } },
{ "type": "Feature", "properties": { "PR": "1498310", "Aadt": 4487, "AadtCommercial": 127, "FacilityType": 2, "Year": "2024", "LocationId": "25-5346" }, "geometry": { "type": "LineString", "coordinates": [ [ -83.6299232403, 42.9237691497 ], [ -83.6298533408, 42.9236784766 ], [ -83.6290451086, 42.9236860039 ], [ -83.6277270505, 42.9237133276 ], [ -83.6275311004, 42.92371744 ], [ -83.6273180629, 42.9237294145 ], [ -83.6270417855, 42.9237852848 ], [ -83.6265954307, 42.9238992512 ], [ -83.6259582503, 42.9241062216 ] ] } },
{ "type": "Feature", "properties": { "PR": "1494803", "Aadt": 18404, "AadtCommercial": null, "FacilityType": 4, "Year": "2024", "LocationId": "25-4641" }, "geometry": { "type": "LineString", "coordinates": [ [ -83.7289792076, 42.9841867756 ], [ -83.7287495293, 42.9844481901 ], [ -83.7283800583, 42.9848645873 ], [ -83.7280210143, 42.9852244118 ], [ -83.7277266789, 42.9855039707 ], [ -83.7275172443, 42.985658359 ], [ -83.7272449516, 42.9858432023 ], [ -83.7266857435, 42.9861083738 ], [ -83.7251060075, 42.9865581291 ] ] } },
{ "type": "Feature", "properties": { "PR": "0474104", "Aadt": 1498, "AadtCommercial": 40, "FacilityType": 2, "Year": "2024", "LocationId": "73-5731" }, "geometry": { "type": "LineString", "coordinates": [ [ -83.988059177, 43.1322734171 ], [ -83.9880754774, 43.1324212453 ], [ -83.9880970197, 43.1330273672 ], [ -83.9881955255, 43.1383717189 ], [ -83.9881987098, 43.1384911605 ], [ -83.9883566201, 43.1466595019 ], [ -83.9883579862, 43.1467498998 ] ] } },
{ "type": "Feature", "properties": { "PR": "1494503", "Aadt": 10596, "AadtCommercial": 520, "FacilityType": 2, "Year": "2024", "LocationId": "25-0046" }, "geometry": { "type": "LineString", "coordinates": [ [ -83.880079329, 43.1762238108 ], [ -83.878437926, 43.1762487201 ], [ -83.8777883385, 43.1762440934 ], [ -83.8750460452, 43.1762349625 ], [ -83.8745854532, 43.1762318837 ], [ -83.8731189012, 43.1762273764 ], [ -83.8723060645, 43.1762273553 ], [ -83.8713892867, 43.1762331481 ], [ -83.8705693498, 43.176246647 ], [ -83.8687509352, 43.1763226265 ], [ -83.8632685105, 43.1765850465 ], [ -83.8576598152, 43.1767693796 ], [ -83.8561523193, 43.1768581958 ], [ -83.855686252, 43.17687525 ], [ -83.8536400665, 43.1769078052 ], [ -83.8485353181, 43.1769432531 ], [ -83.8438401594, 43.1769489235 ], [ -83.8410391074, 43.1769302274 ], [ -83.8385031685, 43.176913242 ], [ -83.8357210109, 43.1769179159 ], [ -83.8336719584, 43.1769265164 ], [ -83.8259058986, 43.177008272 ], [ -83.8246171312, 43.1770241485 ], [ -83.8167125758, 43.1770901992 ], [ -83.8147975719, 43.177122277 ], [ -83.8141055284, 43.177158503 ] ] } },
{ "type": "Feature", "properties": { "PR": "1497008", "Aadt": 12305, "AadtCommercial": 688, "FacilityType": 2, "Year": "2024", "LocationId": "25-0086" }, "geometry": { "type": "LineString", "coordinates": [ [ -83.6524277109, 42.9602506371 ], [ -83.652413119, 42.9608058127 ], [ -83.6526475907, 42.9674655384 ], [ -83.652725604, 42.9701037033 ], [ -83.6528243887, 42.9723184073 ], [ -83.6529033336, 42.9747103542 ], [ -83.6529909221, 42.9763329644 ], [ -83.6530093868, 42.9769724839 ], [ -83.6530764247, 42.9793707566 ], [ -83.653158284, 42.9819494893 ] ] } },
{ "type": "Feature", "properties": { "PR": "1495607", "Aadt": 3420, "AadtCommercial": 98, "FacilityType": 2, "Year": "2024", "LocationId": "25-5472" }, "geometry": { "type": "LineString", "coordinates": [ [ -83.8727756401, 43.1177106288 ], [ -83.8728316303, 43.1224602427 ], [ -83.8728528292, 43.1231843965 ], [ -83.8728850408, 43.1233814789 ], [ -83.8729630678, 43.1237063145 ], [ -83.8730851993, 43.1240483527 ], [ -83.8732585943, 43.1243627009 ], [ -83.8735229, 43.1247491259 ], [ -83.8737739699, 43.125038091 ], [ -83.8740338407, 43.1252889564 ], [ -83.8743020314, 43.1255153802 ], [ -83.8745250961, 43.1256751322 ], [ -83.8748457908, 43.1258790766 ], [ -83.8751784106, 43.1260764272 ], [ -83.8754257898, 43.1262359783 ], [ -83.8758979621, 43.1265042187 ], [ -83.8761267337, 43.1266399483 ], [ -83.8763696784, 43.1267921477 ], [ -83.8765932241, 43.1269367811 ], [ -83.8768014028, 43.1270991297 ], [ -83.8770810386, 43.1273435096 ], [ -83.8772958119, 43.127575228 ], [ -83.8774604683, 43.1277937811 ], [ -83.8775680509, 43.1279620144 ], [ -83.8776984654, 43.1281983935 ], [ -83.8778132123, 43.1284391335 ], [ -83.8778991942, 43.128745867 ], [ -83.8779514862, 43.1290587799 ], [ -83.8779925164, 43.1300607287 ], [ -83.8780504105, 43.1326291621 ], [ -83.8780992311, 43.1331483443 ], [ -83.8781577167, 43.1350412723 ], [ -83.8781695766, 43.1355588874 ], [ -83.8781510089, 43.137520626 ], [ -83.8781115589, 43.1385995384 ], [ -83.8780993925, 43.1388958121 ], [ -83.8780432699, 43.1403868767 ], [ -83.878077895, 43.1417149123 ], [ -83.8781536963, 43.1442324232 ], [ -83.8782045001, 43.1454061595 ], [ -83.8782304735, 43.1465259821 ], [ -83.8782623224, 43.1470021511 ], [ -83.8783033714, 43.1474305339 ], [ -83.8783694009, 43.1478170107 ], [ -83.8784468462, 43.1481265374 ], [ -83.8788938203, 43.1495909939 ], [ -83.8791382883, 43.1508813215 ], [ -83.8792142593, 43.1529244197 ], [ -83.8793031592, 43.1557933863 ], [ -83.8794001023, 43.1579075003 ], [ -83.8795690733, 43.1621968437 ], [ -83.8797827152, 43.1672103768 ], [ -83.8799057114, 43.1704456199 ], [ -83.8799779284, 43.1725087748 ], [ -83.880079329, 43.1762238108 ] ] } },
{ "type": "Feature", "properties": { "PR": "1494207", "Aadt": 1969, "AadtCommercial": 58, "FacilityType": 2, "Year": "2024", "LocationId": "25-5104" }, "geometry": { "type": "LineString", "coordinates": [ [ -83.9284256233, 43.0593764688 ], [ -83.9240571417, 43.0594008289 ], [ -83.9116646377, 43.0595034893 ], [ -83.9089269155, 43.0595076059 ], [ -83.8970367136, 43.0595513834 ], [ -83.8920551704, 43.0595835719 ], [ -83.8824322415, 43.0596448327 ], [ -83.8751843646, 43.0596451875 ], [ -83.8699860058, 43.0596552806 ], [ -83.8689957, 43.0596617975 ], [ -83.8675401483, 43.0596751163 ] ] } },
{ "type": "Feature", "properties": { "PR": "1500207", "Aadt": 681, "AadtCommercial": 20, "FacilityType": 2, "Year": "2024", "LocationId": "25-6803" }, "geometry": { "type": "LineString", "coordinates": [ [ -83.7140661193, 43.0693865576 ], [ -83.7115100558, 43.0694001138 ], [ -83.7090039448, 43.0694224869 ], [ -83.7062257228, 43.069421539 ], [ -83.7037670649, 43.0694270835 ], [ -83.7013292704, 43.0694689545 ], [ -83.6988891466, 43.0694793163 ], [ -83.6964524935, 43.069493918 ], [ -83.6939265883, 43.0695245406 ], [ -83.6906580231, 43.0695420467 ], [ -83.6876334355, 43.0695786662 ] ] } },
{ "type": "Feature", "properties": { "PR": "0484604", "Aadt": 7237, "AadtCommercial": null, "FacilityType": 4, "Year": "2024", "LocationId": "73-0590" }, "geometry": { "type": "LineString", "coordinates": [ [ -83.7763364409, 43.2501813255 ], [ -83.776200512, 43.2499584583 ], [ -83.7760060107, 43.2497706206 ], [ -83.775786265, 43.2496173381 ], [ -83.7754793059, 43.2494886321 ], [ -83.7752240912, 43.2493872306 ], [ -83.7749710806, 43.2492911293 ], [ -83.7747512259, 43.2492061943 ], [ -83.7745778883, 43.2491281874 ], [ -83.7743529572, 43.2490178578 ], [ -83.7740393178, 43.2489187615 ] ] } },
{ "type": "Feature", "properties": { "PR": "1519309", "Aadt": 4079, "AadtCommercial": 118, "FacilityType": 2, "Year": "2024", "LocationId": "25-5157" }, "geometry": { "type": "LineString", "coordinates": [ [ -83.7689984125, 42.884759219 ], [ -83.7591773121, 42.8849095326 ], [ -83.7585871476, 42.884908862 ], [ -83.7492541771, 42.8850434938 ], [ -83.7443105521, 42.8851029504 ] ] } },
{ "type": "Feature", "properties": { "PR": "1844401", "Aadt": 3466, "AadtCommercial": null, "FacilityType": 4, "Year": "2024", "LocationId": "25-4453" }, "geometry": { "type": "LineString", "coordinates": [ [ -83.6731450557, 43.055710624 ], [ -83.6731174234, 43.0562930272 ] ] } },
{ "type": "Feature", "properties": { "PR": "1494005", "Aadt": 31674, "AadtCommercial": 5766, "FacilityType": 2, "Year": "2024", "LocationId": "25-0411" }, "geometry": { "type": "LineString", "coordinates": [ [ -83.5174400681, 43.0113160599 ], [ -83.5122944266, 43.011418473 ], [ -83.5058605625, 43.0115035018 ], [ -83.5042747678, 43.0115687059 ], [ -83.5028032749, 43.0116341511 ], [ -83.502680095, 43.0116410297 ], [ -83.5011596352, 43.0117259332 ], [ -83.497677156, 43.0120445531 ], [ -83.4955440531, 43.0122785546 ], [ -83.4936720633, 43.0125172341 ], [ -83.4915803343, 43.0128186228 ], [ -83.4895055067, 43.0131435633 ], [ -83.4883973239, 43.0133294981 ], [ -83.4881843551, 43.0133652292 ], [ -83.4865882487, 43.0136505583 ], [ -83.4836287254, 43.0141460132 ], [ -83.4773020117, 43.0152047949 ], [ -83.4755070455, 43.0155030167 ], [ -83.4744052608, 43.0156507549 ], [ -83.4730423081, 43.0158054215 ], [ -83.4719073472, 43.01591411 ], [ -83.4705293858, 43.0160109832 ], [ -83.4697199784, 43.0160435008 ], [ -83.468364618, 43.0160932123 ], [ -83.4673682629, 43.0161011944 ], [ -83.4665578295, 43.016098202 ], [ -83.4651099963, 43.0160607874 ], [ -83.4600764277, 43.0158870468 ], [ -83.4582469254, 43.0158238452 ] ] } },
{ "type": "Feature", "properties": { "PR": "1512407", "Aadt": 8337, "AadtCommercial": 193, "FacilityType": 2, "Year": "2024", "LocationId": "25-6794" }, "geometry": { "type": "LineString", "coordinates": [ [ -83.7139399012, 43.0609290977 ], [ -83.7097774592, 43.0609525352 ], [ -83.7070992712, 43.0609742647 ], [ -83.7048862701, 43.0609687979 ], [ -83.7047336205, 43.0609636545 ], [ -83.7012746174, 43.0609703895 ], [ -83.6998075737, 43.0609739823 ], [ -83.6988499729, 43.0609636838 ], [ -83.6963830166, 43.0609843795 ], [ -83.6938213057, 43.060974657 ], [ -83.6905980975, 43.0610810641 ], [ -83.6875458068, 43.0611836794 ], [ -83.6843977311, 43.0612417548 ] ] } },
{ "type": "Feature", "properties": { "PR": "1498104", "Aadt": 4201, "AadtCommercial": 121, "FacilityType": 2, "Year": "2024", "LocationId": "25-7038" }, "geometry": { "type": "LineString", "coordinates": [ [ -83.6565764032, 43.0763410511 ], [ -83.6560531772, 43.076354087 ], [ -83.6546714283, 43.0763618162 ], [ -83.6542684247, 43.0763620697 ], [ -83.6512528767, 43.076397373 ], [ -83.6461607929, 43.0764005299 ] ] } },
{ "type": "Feature", "properties": { "PR": "1496709", "Aadt": 1018, "AadtCommercial": 29, "FacilityType": 2, "Year": "2024", "LocationId": "25-7048" }, "geometry": { "type": "LineString", "coordinates": [ [ -83.7366800143, 43.177385229 ], [ -83.7366553523, 43.1782989212 ], [ -83.7366664805, 43.1791902688 ], [ -83.7366543502, 43.1799928314 ], [ -83.7366755563, 43.1814101267 ], [ -83.7366602633, 43.1822949839 ], [ -83.7366457226, 43.1824784327 ], [ -83.7366613914, 43.1831500992 ], [ -83.7366357349, 43.1846199266 ] ] } },
{ "type": "Feature", "properties": { "PR": "0553803", "Aadt": 9526, "AadtCommercial": 269, "FacilityType": 2, "Year": "2024", "LocationId": "76-5176" }, "geometry": { "type": "LineString", "coordinates": [ [ -83.9996750535, 42.9259236995 ], [ -83.9998085948, 42.9260826621 ], [ -83.9999686494, 42.9262626806 ], [ -84.0001329159, 42.9264406508 ], [ -84.0007494912, 42.9270099786 ] ] } },
{ "type": "Feature", "properties": { "PR": "3250252", "Aadt": 2521, "AadtCommercial": 73, "FacilityType": 2, "Year": "2024", "LocationId": "25-7059" }, "geometry": { "type": "LineString", "coordinates": [ [ -83.6783170516, 43.1493054739 ], [ -83.6718125493, 43.1494454356 ], [ -83.667751356, 43.1495303731 ], [ -83.6584577242, 43.1496491669 ] ] } },
{ "type": "Feature", "properties": { "PR": "1498010", "Aadt": 9032, "AadtCommercial": null, "FacilityType": 4, "Year": "2024", "LocationId": "25-0425" }, "geometry": { "type": "LineString", "coordinates": [ [ -83.760584203, 43.0556525828 ], [ -83.7611530497, 43.0570267614 ], [ -83.761204211, 43.0572650876 ], [ -83.7612527875, 43.0575736778 ], [ -83.7612227035, 43.0579026853 ], [ -83.7611790253, 43.0582753715 ], [ -83.7610573298, 43.0586509081 ], [ -83.7608495267, 43.0590862662 ], [ -83.7606836433, 43.0595224543 ], [ -83.7606297602, 43.0598465957 ], [ -83.760637021, 43.06066361 ] ] } },
{ "type": "Feature", "properties": { "PR": "0651802", "Aadt": 5774, "AadtCommercial": 162, "FacilityType": 2, "Year": "2024", "LocationId": "63-5599" }, "geometry": { "type": "LineString", "coordinates": [ [ -83.5861119116, 42.8663273592 ], [ -83.5864251225, 42.8665236921 ], [ -83.5868106276, 42.8668430636 ], [ -83.5871460129, 42.8670927291 ], [ -83.5874749377, 42.8673090831 ], [ -83.5879127877, 42.8675632208 ], [ -83.5883480749, 42.8678035751 ], [ -83.5888479059, 42.8680636065 ], [ -83.592515648, 42.8695794998 ], [ -83.5925683088, 42.8696024494 ], [ -83.5926209516, 42.869625422 ], [ -83.5926735931, 42.8696483973 ], [ -83.5927262475, 42.8696713557 ], [ -83.5927789304, 42.8696942768 ], [ -83.5928316596, 42.8697171412 ], [ -83.5928844893, 42.8697398817 ], [ -83.5929375277, 42.8697623617 ], [ -83.5929906279, 42.8697847655 ], [ -83.5930436137, 42.8698073075 ], [ -83.5930963113, 42.8698302035 ], [ -83.5931486305, 42.8698535645 ], [ -83.5932006899, 42.8698772424 ], [ -83.5932525911, 42.869901115 ], [ -83.5933044332, 42.8699250585 ], [ -83.5933727513, 42.8699564765 ], [ -83.5934264593, 42.8699781012 ], [ -83.5934804281, 42.8699994171 ], [ -83.5935345228, 42.8700205852 ], [ -83.5935886072, 42.8700417665 ], [ -83.5936425414, 42.870063123 ], [ -83.5936961931, 42.8700848149 ], [ -83.5937494235, 42.870107004 ], [ -83.5938020953, 42.8701298524 ], [ -83.5938540965, 42.8701534981 ], [ -83.5939057796, 42.8701776009 ], [ -83.5939572732, 42.8702020114 ], [ -83.5940085171, 42.870226758 ], [ -83.5940594566, 42.8702518683 ], [ -83.5941100304, 42.8702773708 ], [ -83.5941601823, 42.8703032931 ], [ -83.5942098562, 42.8703296646 ], [ -83.594258992, 42.8703565129 ], [ -83.5943075324, 42.8703838665 ], [ -83.5943553982, 42.8704117768 ], [ -83.5944023263, 42.8704405482 ], [ -83.594448371, 42.8704701404 ], [ -83.5944936914, 42.8705004008 ], [ -83.5945384453, 42.870531178 ], [ -83.5945827906, 42.8705623185 ], [ -83.5946268863, 42.8705936699 ], [ -83.5946708904, 42.8706250797 ], [ -83.5947149583, 42.8706563953 ], [ -83.5947592646, 42.8706874728 ], [ -83.5948038947, 42.8707183517 ], [ -83.5948485838, 42.8707492256 ], [ -83.5948930268, 42.870780287 ], [ -83.5949369159, 42.8708117312 ], [ -83.5949799458, 42.8708437543 ], [ -83.5950218077, 42.8708765489 ], [ -83.5950622276, 42.8709102911 ], [ -83.5951019786, 42.8709444731 ], [ -83.5951415247, 42.8709787922 ], [ -83.5951808822, 42.871013236 ], [ -83.5952200675, 42.871047796 ], [ -83.5952590942, 42.8710824616 ], [ -83.595297979, 42.8711172215 ], [ -83.595336738, 42.8711520651 ], [ -83.5953753863, 42.8711869839 ], [ -83.5954139391, 42.8712219655 ], [ -83.5954524115, 42.8712570003 ], [ -83.595490821, 42.8712920779 ], [ -83.5955291827, 42.8713271878 ], [ -83.5955675106, 42.8713623194 ], [ -83.5956058209, 42.8713974624 ], [ -83.59564413, 42.8714326063 ], [ -83.5956824542, 42.8714677415 ], [ -83.5957208073, 42.8715028565 ], [ -83.5957592046, 42.8715379418 ], [ -83.5957976635, 42.8715729861 ], [ -83.5958361992, 42.8716079798 ], [ -83.59588485, 42.8716519501 ], [ -83.5959121384, 42.8716922574 ], [ -83.5959396537, 42.871732492 ], [ -83.5959673303, 42.8717726741 ], [ -83.5959951013, 42.8718128249 ], [ -83.5960229033, 42.8718529674 ], [ -83.5960506681, 42.8718931199 ], [ -83.5960783337, 42.8719333063 ], [ -83.5961058332, 42.871973545 ], [ -83.5961331006, 42.8720138599 ], [ -83.5961600717, 42.8720542693 ], [ -83.5961866806, 42.8720947962 ], [ -83.5962128627, 42.8721354609 ], [ -83.5962385512, 42.8721762845 ], [ -83.5962635598, 42.8722173323 ], [ -83.5962874675, 42.8722587485 ], [ -83.5963103999, 42.8723004882 ], [ -83.5963325323, 42.8723424865 ], [ -83.5963540384, 42.8723846804 ], [ -83.5963750936, 42.8724270053 ], [ -83.596395873, 42.8724693991 ], [ -83.5964165519, 42.872511798 ], [ -83.5964371874, 42.872554177 ], [ -83.5964571368, 42.8725967496 ], [ -83.5964763078, 42.8726395289 ], [ -83.5964947394, 42.8726824854 ], [ -83.5965124734, 42.8727255855 ], [ -83.5965294588, 42.8727688184 ], [ -83.5965446688, 42.8728124126 ], [ -83.5965586143, 42.8728562682 ], [ -83.596580654, 42.8729175937 ] ] } },
{ "type": "Feature", "properties": { "PR": "1499506", "Aadt": 11190, "AadtCommercial": 302, "FacilityType": 2, "Year": "2024", "LocationId": "25-6671" }, "geometry": { "type": "LineString", "coordinates": [ [ -83.7053022661, 43.0190812013 ], [ -83.7043460477, 43.0194849398 ], [ -83.7033147782, 43.0199385194 ], [ -83.7022584253, 43.02040998 ], [ -83.701221273, 43.020856835 ], [ -83.6997953144, 43.0214895646 ], [ -83.6987495455, 43.0219367719 ], [ -83.6976933746, 43.0223998716 ], [ -83.6966226408, 43.0228670224 ], [ -83.6959609381, 43.0230165648 ], [ -83.6947355327, 43.0232744535 ], [ -83.693505442, 43.0234589452 ], [ -83.6921451324, 43.0234677615 ], [ -83.6908489433, 43.0234956056 ], [ -83.6898317674, 43.0235024361 ], [ -83.6897327041, 43.0235007949 ], [ -83.6895761546, 43.0235041811 ], [ -83.6892032825, 43.0235102693 ], [ -83.688705696, 43.0235236505 ], [ -83.6879471644, 43.023651807 ], [ -83.6873901415, 43.0238563857 ], [ -83.6870455867, 43.0239730855 ], [ -83.6868097076, 43.0240500791 ], [ -83.6862533766, 43.0242173268 ], [ -83.6858911143, 43.0243729546 ], [ -83.6850181366, 43.024613902 ] ] } },
{ "type": "Feature", "properties": { "PR": "0472003", "Aadt": 3311, "AadtCommercial": 96, "FacilityType": 2, "Year": "2024", "LocationId": "73-5241" }, "geometry": { "type": "LineString", "coordinates": [ [ -83.9038798362, 43.2503062813 ], [ -83.9035445885, 43.2501983652 ], [ -83.903167805, 43.2500863032 ], [ -83.9027065462, 43.2499578753 ], [ -83.9023455951, 43.2498564638 ], [ -83.9020744708, 43.2497922382 ], [ -83.9018783964, 43.2497613856 ], [ -83.9017084994, 43.2497378388 ], [ -83.9014897948, 43.2497212722 ], [ -83.9008188567, 43.2497213528 ], [ -83.8998133243, 43.2497276886 ], [ -83.8943821799, 43.2497817332 ], [ -83.8942557646, 43.2497826651 ], [ -83.8856761702, 43.2498189282 ], [ -83.8775983299, 43.2498304069 ], [ -83.874482464, 43.2498284264 ], [ -83.8732095971, 43.2498610998 ], [ -83.8726419984, 43.2498694052 ], [ -83.8679821334, 43.2499866395 ] ] } },
{ "type": "Feature", "properties": { "PR": "1498204", "Aadt": 2010, "AadtCommercial": null, "FacilityType": 4, "Year": "2024", "LocationId": "25-0614" }, "geometry": { "type": "LineString", "coordinates": [ [ -83.7624426698, 43.118973949 ], [ -83.7625407186, 43.1191848222 ], [ -83.7632706804, 43.1204078443 ] ] } },
{ "type": "Feature", "properties": { "PR": "1495809", "Aadt": 3629, "AadtCommercial": 106, "FacilityType": 2, "Year": "2024", "LocationId": "25-5122" }, "geometry": { "type": "LineString", "coordinates": [ [ -83.7623102839, 42.9952710997 ], [ -83.7622628022, 42.9954910437 ], [ -83.7622450187, 42.9956826496 ], [ -83.7622281417, 42.9962397841 ], [ -83.7622485759, 42.9985895263 ], [ -83.7622699697, 43.000393781 ], [ -83.7622680946, 43.0020620053 ] ] } },
{ "type": "Feature", "properties": { "PR": "1502702", "Aadt": 1202, "AadtCommercial": 33, "FacilityType": 1, "Year": "2024", "LocationId": "25-6946" }, "geometry": { "type": "LineString", "coordinates": [ [ -83.6820120067, 43.0248298034 ], [ -83.6815029875, 43.0256930728 ], [ -83.6812816811, 43.0260515534 ], [ -83.6810916884, 43.0264235727 ], [ -83.6808105734, 43.0269531568 ], [ -83.6792274562, 43.0295866128 ], [ -83.6790166689, 43.0299448849 ], [ -83.6784222732, 43.0309802807 ], [ -83.6783086458, 43.0311160038 ], [ -83.6781952893, 43.0312536572 ], [ -83.6780288315, 43.03135947 ], [ -83.677650754, 43.0315243864 ], [ -83.6773727641, 43.0316225637 ], [ -83.6770706008, 43.0317143692 ], [ -83.6766910536, 43.0318334695 ], [ -83.676231063, 43.032074596 ] ] } },
{ "type": "Feature", "properties": { "PR": "3251555", "Aadt": 9424, "AadtCommercial": 263, "FacilityType": 2, "Year": "2024", "LocationId": "25-5173" }, "geometry": { "type": "LineString", "coordinates": [ [ -83.8345004791, 42.7971020529 ], [ -83.8340470909, 42.797292429 ], [ -83.8336174207, 42.7974405324 ], [ -83.8331381447, 42.7975975842 ], [ -83.8324967336, 42.7977689846 ], [ -83.8318433254, 42.797903407 ], [ -83.8308404449, 42.7980433567 ], [ -83.8297968886, 42.7982045618 ], [ -83.8284097234, 42.7983934403 ], [ -83.8258204775, 42.7986050566 ], [ -83.8250641467, 42.7987534209 ], [ -83.8249331006, 42.7987884617 ], [ -83.8246461868, 42.7988797352 ], [ -83.8243884479, 42.7989936492 ], [ -83.824017549, 42.7991767097 ], [ -83.8237667778, 42.7993596489 ], [ -83.8234753351, 42.7995668854 ], [ -83.8232849983, 42.7997338666 ], [ -83.8231040977, 42.7999157091 ], [ -83.8229272639, 42.8001233199 ], [ -83.8226788855, 42.8004506579 ], [ -83.8210417216, 42.8030503934 ] ] } },
{ "type": "Feature", "properties": { "PR": "1497008", "Aadt": 9771, "AadtCommercial": 545, "FacilityType": 2, "Year": "2024", "LocationId": "25-0002" }, "geometry": { "type": "LineString", "coordinates": [ [ -83.652649156, 42.9464582146 ], [ -83.6526360037, 42.9476340973 ], [ -83.652678614, 42.9483019225 ], [ -83.6526887023, 42.948414344 ], [ -83.652733002, 42.9489880263 ], [ -83.6527402151, 42.9492924029 ], [ -83.6527421705, 42.9495014422 ], [ -83.6527517265, 42.9496802404 ], [ -83.6527785268, 42.9503718725 ], [ -83.6528116522, 42.951052709 ], [ -83.652854441, 42.9518450588 ], [ -83.6531481938, 42.9551144691 ], [ -83.6531119738, 42.9557056047 ], [ -83.6528293037, 42.9576900053 ], [ -83.6524277109, 42.9602506371 ] ] } },
{ "type": "Feature", "properties": { "PR": "1498107", "Aadt": 2355, "AadtCommercial": null, "FacilityType": 4, "Year": "2024", "LocationId": "25-0656" }, "geometry": { "type": "LineString", "coordinates": [ [ -83.7628893912, 43.092876288 ], [ -83.7626921111, 43.0935107752 ], [ -83.7626321938, 43.093672215 ], [ -83.7625402089, 43.0938901591 ], [ -83.7624100028, 43.0941688806 ], [ -83.7622075558, 43.0944549635 ], [ -83.761982266, 43.0947098288 ], [ -83.7616724229, 43.094980602 ], [ -83.7612415818, 43.0952797489 ], [ -83.7609173135, 43.0954535405 ], [ -83.7606064834, 43.095588039 ], [ -83.7602417146, 43.0957214704 ], [ -83.7598604215, 43.0958150157 ], [ -83.759425511, 43.095898708 ], [ -83.7589429338, 43.0959358222 ], [ -83.7582194323, 43.0959891676 ] ] } },
{ "type": "Feature", "properties": { "PR": "1497903", "Aadt": 15163, "AadtCommercial": 879, "FacilityType": 2, "Year": "2024", "LocationId": "25-6269" }, "geometry": { "type": "LineString", "coordinates": [ [ -83.7337629521, 43.0965066953 ], [ -83.7347208582, 43.096355391 ], [ -83.7355318724, 43.0962552338 ], [ -83.7362154499, 43.0962010157 ], [ -83.7370251974, 43.0961347673 ], [ -83.7378261682, 43.0961265283 ], [ -83.7396479837, 43.0961346386 ], [ -83.7465440888, 43.0961880519 ], [ -83.7494841546, 43.0962106977 ], [ -83.7536959826, 43.096235019 ], [ -83.7548609393, 43.0962346109 ], [ -83.755195587, 43.0962676181 ], [ -83.7556936918, 43.0963061998 ], [ -83.7568555551, 43.0964811331 ], [ -83.7581228631, 43.0968932379 ], [ -83.7583071905, 43.096935849 ] ] } },
{ "type": "Feature", "properties": { "PR": "1813110", "Aadt": 4203, "AadtCommercial": null, "FacilityType": 4, "Year": "2024", "LocationId": "63-0643" }, "geometry": { "type": "LineString", "coordinates": [ [ -83.59312546, 42.8704888611 ], [ -83.5933970131, 42.870999809 ], [ -83.5937176304, 42.8713990208 ], [ -83.5939779024, 42.8717599832 ], [ -83.5941666893, 42.8720710866 ], [ -83.5942863333, 42.8722726692 ], [ -83.5946059044, 42.8729471629 ], [ -83.595342362, 42.874195116 ] ] } },
{ "type": "Feature", "properties": { "PR": "1503101", "Aadt": 7982, "AadtCommercial": 232, "FacilityType": 2, "Year": "2024", "LocationId": "25-5163" }, "geometry": { "type": "LineString", "coordinates": [ [ -83.7284693901, 42.841083474 ], [ -83.7284784056, 42.8425937997 ], [ -83.7285967828, 42.844778756 ], [ -83.7286564288, 42.8458693219 ], [ -83.7287432339, 42.8481663171 ], [ -83.7288499567, 42.8514243612 ], [ -83.7288888134, 42.8519251736 ], [ -83.7290062719, 42.8554176774 ], [ -83.7290970729, 42.8584818651 ], [ -83.7291375497, 42.8590503423 ], [ -83.7291725485, 42.8608496549 ], [ -83.7292739633, 42.8629492999 ] ] } },
{ "type": "Feature", "properties": { "PR": "1507409", "Aadt": 789, "AadtCommercial": 24, "FacilityType": 2, "Year": "2024", "LocationId": "25-5385" }, "geometry": { "type": "LineString", "coordinates": [ [ -83.6420048506, 42.979738612 ], [ -83.6420087009, 42.9805261392 ], [ -83.6420457287, 42.9812908205 ], [ -83.6420762644, 42.9821120053 ], [ -83.6420962306, 42.9828327561 ], [ -83.6421524425, 42.9836841913 ], [ -83.6421906538, 42.9844547085 ], [ -83.6422312819, 42.9852603955 ], [ -83.6422571541, 42.9860545509 ], [ -83.6422030341, 42.9868548351 ], [ -83.6421601371, 42.9876753814 ], [ -83.6421982464, 42.9884990827 ], [ -83.6422524457, 42.9893509133 ] ] } },
{ "type": "Feature", "properties": { "PR": "1495504", "Aadt": 3390, "AadtCommercial": null, "FacilityType": 4, "Year": "2024", "LocationId": "25-0444" }, "geometry": { "type": "LineString", "coordinates": [ [ -83.5954004965, 43.0217536075 ], [ -83.5957746832, 43.0211524996 ], [ -83.5959284488, 43.0209955084 ], [ -83.5961477747, 43.0208225836 ], [ -83.5964255669, 43.0206638936 ], [ -83.5968149089, 43.0205205637 ], [ -83.5973275959, 43.020392844 ], [ -83.5979838774, 43.0202161923 ], [ -83.5988546976, 43.0199877814 ], [ -83.5994265252, 43.0198569744 ], [ -83.5998243983, 43.0197958132 ], [ -83.6001010109, 43.0197612821 ], [ -83.6010934075, 43.0196684283 ] ] } },
{ "type": "Feature", "properties": { "PR": "3780081", "Aadt": 316, "AadtCommercial": 9, "FacilityType": 2, "Year": "2024", "LocationId": "76-5163" }, "geometry": { "type": "LineString", "coordinates": [ [ -83.9848008398, 42.916520751 ], [ -83.9836757705, 42.9165506382 ], [ -83.9824114807, 42.9165868911 ], [ -83.9811850318, 42.9166161767 ] ] } },
{ "type": "Feature", "properties": { "PR": "1512407", "Aadt": 10683, "AadtCommercial": 299, "FacilityType": 2, "Year": "2024", "LocationId": "25-5479" }, "geometry": { "type": "LineString", "coordinates": [ [ -83.8229026423, 43.0601735909 ], [ -83.8226765044, 43.0601154123 ], [ -83.8224945116, 43.060089554 ], [ -83.8222450157, 43.060075809 ], [ -83.8203383312, 43.06009223 ], [ -83.819842108, 43.0600946528 ], [ -83.81457915, 43.0601202172 ], [ -83.8140480904, 43.0601367821 ], [ -83.8131740928, 43.0601834082 ] ] } },
{ "type": "Feature", "properties": { "PR": "1506606", "Aadt": 5119, "AadtCommercial": 148, "FacilityType": 2, "Year": "2024", "LocationId": "25-5498" }, "geometry": { "type": "LineString", "coordinates": [ [ -83.8526003685, 43.0629811573 ], [ -83.85260341, 43.0642627686 ], [ -83.8526121076, 43.0654552589 ] ] } },
{ "type": "Feature", "properties": { "PR": "1498006", "Aadt": 7593, "AadtCommercial": 159, "FacilityType": 2, "Year": "2024", "LocationId": "25-4658" }, "geometry": { "type": "LineString", "coordinates": [ [ -83.7108212014, 43.0068729487 ], [ -83.7093218163, 43.0068731523 ], [ -83.7081182662, 43.0068398585 ], [ -83.7048579255, 43.0068248242 ] ] } },
{ "type": "Feature", "properties": { "PR": "1502310", "Aadt": 3590, "AadtCommercial": 101, "FacilityType": 2, "Year": "2024", "LocationId": "25-6876" }, "geometry": { "type": "LineString", "coordinates": [ [ -83.6871708033, 43.0060886728 ], [ -83.6875213987, 43.0064089822 ], [ -83.6876721358, 43.0065575719 ], [ -83.6879112829, 43.0067888269 ], [ -83.6881490828, 43.0070640921 ], [ -83.688265981, 43.0071558555 ], [ -83.6886870406, 43.0075275813 ], [ -83.6888220787, 43.0076659337 ], [ -83.6891059195, 43.0079283044 ], [ -83.6894402921, 43.0082308837 ], [ -83.6899987838, 43.008866063 ], [ -83.6905381435, 43.0094829735 ], [ -83.6916577203, 43.010797267 ] ] } },
{ "type": "Feature", "properties": { "PR": "3730165", "Aadt": 12005, "AadtCommercial": 354, "FacilityType": 2, "Year": "2024", "LocationId": "73-0118" }, "geometry": { "type": "LineString", "coordinates": [ [ -83.7693590066, 43.2502075026 ], [ -83.7666132493, 43.2502310928 ], [ -83.7654319615, 43.2502390828 ], [ -83.7584988831, 43.2502062186 ], [ -83.754617337, 43.2501754596 ], [ -83.7522097073, 43.2501517768 ], [ -83.7488192819, 43.2500240174 ], [ -83.7452299879, 43.24994897 ], [ -83.7437607977, 43.2499419216 ], [ -83.7418511616, 43.249958729 ], [ -83.7401840848, 43.2499866951 ], [ -83.737915141, 43.2500299381 ], [ -83.7353803211, 43.2500348243 ] ] } },
{ "type": "Feature", "properties": { "PR": "0755510", "Aadt": 2145, "AadtCommercial": 59, "FacilityType": 2, "Year": "2024", "LocationId": "44-5072" }, "geometry": { "type": "LineString", "coordinates": [ [ -83.4543715889, 43.2159774719 ], [ -83.4542938225, 43.216029114 ], [ -83.4541965216, 43.2160710236 ], [ -83.4541041676, 43.2160975524 ], [ -83.4539944822, 43.2161177346 ], [ -83.4538530419, 43.2161336293 ], [ -83.4531264791, 43.2161794607 ], [ -83.4511525702, 43.2162161099 ], [ -83.4500439716, 43.2162194369 ] ] } },
{ "type": "Feature", "properties": { "PR": "1494005", "Aadt": 59271, "AadtCommercial": 8239, "FacilityType": 2, "Year": "2024", "LocationId": "25-0410" }, "geometry": { "type": "LineString", "coordinates": [ [ -83.6347150954, 43.013806653 ], [ -83.6341225749, 43.0138027999 ], [ -83.6303988232, 43.0138875987 ], [ -83.6297114113, 43.0139035279 ], [ -83.6285035358, 43.0139050264 ], [ -83.6275794557, 43.0139274267 ], [ -83.626501213, 43.0140115501 ], [ -83.6257515135, 43.0141025542 ], [ -83.6248775617, 43.0142515403 ], [ -83.6243559315, 43.0143630473 ], [ -83.6239350832, 43.0144509455 ], [ -83.6232360666, 43.0146297329 ], [ -83.6223686382, 43.0149017097 ], [ -83.6210474942, 43.0153779406 ], [ -83.620530261, 43.0155643806 ], [ -83.6168524414, 43.0169137959 ], [ -83.6150991235, 43.0176200148 ], [ -83.6137069103, 43.0181154199 ], [ -83.6133646443, 43.0182466939 ], [ -83.6125651923, 43.0184843945 ], [ -83.6117244012, 43.0187409679 ], [ -83.6109186092, 43.01889922 ], [ -83.6100087579, 43.0190628882 ], [ -83.609256926, 43.01916893 ], [ -83.6091867013, 43.0191756311 ], [ -83.6085377136, 43.0192375573 ], [ -83.6066246871, 43.0192961914 ], [ -83.6040862251, 43.0193130516 ], [ -83.6022733418, 43.0193496574 ], [ -83.5965482767, 43.0194227167 ], [ -83.5953382412, 43.0194320574 ] ] } },
{ "type": "Feature", "properties": { "PR": "0646202", "Aadt": 591, "AadtCommercial": 18, "FacilityType": 2, "Year": "2024", "LocationId": "63-5537" }, "geometry": { "type": "LineString", "coordinates": [ [ -83.5093527375, 42.789038077 ], [ -83.5094759209, 42.7936607375 ], [ -83.5094377748, 42.7943323028 ], [ -83.5093940386, 42.7947668024 ], [ -83.5093089411, 42.7951491588 ], [ -83.5092674691, 42.7952603127 ], [ -83.5092204468, 42.795454594 ], [ -83.5092013064, 42.7956046631 ], [ -83.5091915052, 42.7957389286 ], [ -83.5091895733, 42.7959470112 ], [ -83.5091887183, 42.796824323 ], [ -83.5092003768, 42.7969654647 ], [ -83.509236838, 42.7970847393 ], [ -83.5092721669, 42.7971783743 ], [ -83.5093437334, 42.7973432498 ], [ -83.509604404, 42.7978837154 ], [ -83.5096714985, 42.7980516947 ], [ -83.5097001474, 42.7982028166 ], [ -83.5097155027, 42.79836005 ], [ -83.5097038075, 42.7994697087 ], [ -83.5097590227, 42.8016782086 ], [ -83.5097414418, 42.8017898889 ], [ -83.5096934499, 42.8019008991 ], [ -83.5096553166, 42.8019833095 ], [ -83.5096042797, 42.802062233 ], [ -83.5095352154, 42.8021567695 ], [ -83.5094449489, 42.8022380312 ], [ -83.5093246611, 42.8023090245 ], [ -83.5091962034, 42.8023670308 ], [ -83.509054973, 42.8024183522 ], [ -83.5088311984, 42.8024678534 ], [ -83.5086038581, 42.8024980644 ], [ -83.5083342342, 42.8025120138 ], [ -83.5081869785, 42.8025913373 ], [ -83.508057349, 42.8026781337 ], [ -83.507944708, 42.8027749104 ], [ -83.5078094756, 42.8029058941 ], [ -83.5077802453, 42.8029698026 ], [ -83.5077511872, 42.8030428064 ], [ -83.5077310786, 42.8031096032 ], [ -83.5077190081, 42.8031925876 ], [ -83.5076923673, 42.8059872833 ], [ -83.5077003284, 42.806112334 ], [ -83.5077421379, 42.8062605437 ], [ -83.507794847, 42.8063545621 ], [ -83.5078865293, 42.8064526405 ], [ -83.5079623936, 42.806511948 ], [ -83.5080598511, 42.806574933 ], [ -83.5081454447, 42.8066088386 ], [ -83.5082353828, 42.8066428407 ], [ -83.508342701, 42.8066772258 ], [ -83.5084594869, 42.8066926075 ], [ -83.5086372307, 42.8067061299 ], [ -83.5089543937, 42.8067131193 ], [ -83.5090584067, 42.8067218155 ], [ -83.5091618998, 42.806743307 ], [ -83.5092947664, 42.8067910618 ], [ -83.5094101245, 42.8068416324 ], [ -83.5095759299, 42.8069349391 ], [ -83.5096853847, 42.8070238024 ], [ -83.5097599507, 42.8071150987 ], [ -83.5098126648, 42.8072091154 ], [ -83.5098481288, 42.8072995512 ], [ -83.5099029064, 42.8075569114 ], [ -83.509919802, 42.808509072 ], [ -83.5099405243, 42.8096768679 ], [ -83.5100603537, 42.8168223415 ], [ -83.5102149726, 42.8239897555 ], [ -83.5103814796, 42.8312734112 ] ] } },
{ "type": "Feature", "properties": { "PR": "1499407", "Aadt": 2739, "AadtCommercial": 80, "FacilityType": 2, "Year": "2024", "LocationId": "25-5560" }, "geometry": { "type": "LineString", "coordinates": [ [ -83.6945134027, 43.0141394331 ], [ -83.693203958, 43.0147470372 ], [ -83.6919739534, 43.0152902809 ], [ -83.6913016142, 43.0155935382 ], [ -83.6906148923, 43.015879011 ], [ -83.6900991171, 43.0161510415 ], [ -83.6893602321, 43.0164979149 ], [ -83.6880810518, 43.0170923648 ], [ -83.6867729099, 43.0176824327 ], [ -83.6860032727, 43.0180406421 ], [ -83.6856342971, 43.0182241518 ], [ -83.6852776164, 43.018382295 ] ] } },
{ "type": "Feature", "properties": { "PR": "1498104", "Aadt": 2933, "AadtCommercial": 83, "FacilityType": 2, "Year": "2024", "LocationId": "25-5470" }, "geometry": { "type": "LineString", "coordinates": [ [ -83.7731628871, 43.0750918575 ], [ -83.7729508173, 43.0750944113 ], [ -83.7717330272, 43.0751058854 ], [ -83.7629026871, 43.0752385978 ], [ -83.7625772195, 43.075243484 ], [ -83.7541177159, 43.0753847708 ], [ -83.753444598, 43.0753957359 ] ] } },
{ "type": "Feature", "properties": { "PR": "1495210", "Aadt": 1078, "AadtCommercial": null, "FacilityType": 4, "Year": "2024", "LocationId": "25-0453" }, "geometry": { "type": "LineString", "coordinates": [ [ -83.5172674137, 43.0091690686 ], [ -83.5171642073, 43.0094509017 ], [ -83.5170307054, 43.0097358685 ], [ -83.5169625063, 43.0098501045 ], [ -83.5168347206, 43.0099937398 ], [ -83.5166986259, 43.0101111256 ], [ -83.5165091416, 43.0102286028 ], [ -83.5157525397, 43.0105297592 ], [ -83.5143383572, 43.0110683249 ], [ -83.5138028527, 43.0112279906 ], [ -83.5135279771, 43.0112830705 ], [ -83.5132271344, 43.0113260294 ], [ -83.5122944266, 43.011418473 ] ] } },
{ "type": "Feature", "properties": { "PR": "1494806", "Aadt": 13417, "AadtCommercial": 375, "FacilityType": 2, "Year": "2024", "LocationId": "25-6636" }, "geometry": { "type": "LineString", "coordinates": [ [ -83.7044541073, 42.9943957101 ], [ -83.7047941126, 42.9950086573 ], [ -83.7052601209, 42.9959251724 ], [ -83.7053438185, 42.9960950834 ], [ -83.7058108789, 42.9969720689 ], [ -83.7059295469, 42.997201076 ], [ -83.7063836995, 42.998019688 ], [ -83.7064619576, 42.998163573 ], [ -83.7069732852, 42.9991588734 ], [ -83.7071646096, 42.9995012556 ], [ -83.7072506699, 42.9996424147 ], [ -83.707332069, 42.999795757 ], [ -83.7085945188, 43.0021866058 ], [ -83.7092443622, 43.0029222805 ], [ -83.7102895677, 43.0043497321 ], [ -83.7103716071, 43.0045118966 ], [ -83.71042374, 43.0047124476 ], [ -83.710487162, 43.0051215785 ], [ -83.7106360093, 43.0059857655 ], [ -83.7108212014, 43.0068729487 ] ] } },
{ "type": "Feature", "properties": { "PR": "1519606", "Aadt": 2670, "AadtCommercial": 78, "FacilityType": 2, "Year": "2024", "LocationId": "25-5108" }, "geometry": { "type": "LineString", "coordinates": [ [ -83.9285394227, 42.9120810395 ], [ -83.9280119096, 42.9121407473 ], [ -83.9276559523, 42.9121868375 ], [ -83.9271678059, 42.9122252358 ], [ -83.9266361939, 42.9122786215 ], [ -83.926090628, 42.9123212238 ], [ -83.9206007351, 42.9123879202 ], [ -83.9096480895, 42.9126160242 ] ] } },
{ "type": "Feature", "properties": { "PR": "0553804", "Aadt": 757, "AadtCommercial": 23, "FacilityType": 2, "Year": "2024", "LocationId": "76-5139" }, "geometry": { "type": "LineString", "coordinates": [ [ -84.0280955788, 42.9423497181 ], [ -84.0281126612, 42.9428011042 ], [ -84.0281627052, 42.9466116446 ], [ -84.0282484868, 42.9501108934 ] ] } },
{ "type": "Feature", "properties": { "PR": "1501502", "Aadt": 13409, "AadtCommercial": 374, "FacilityType": 2, "Year": "2024", "LocationId": "25-5408" }, "geometry": { "type": "LineString", "coordinates": [ [ -83.5017104274, 42.9184770937 ], [ -83.5018084757, 42.9210465712 ], [ -83.5018556081, 42.9220925356 ], [ -83.5019566367, 42.9246509985 ], [ -83.5019737457, 42.9257204986 ], [ -83.5019881748, 42.9259240982 ] ] } },
{ "type": "Feature", "properties": { "PR": "1495308", "Aadt": 4932, "AadtCommercial": null, "FacilityType": 4, "Year": "2024", "LocationId": "25-4499" }, "geometry": { "type": "LineString", "coordinates": [ [ -83.7613805269, 42.9753829383 ], [ -83.7620979448, 42.9751009732 ], [ -83.7626627014, 42.9748936738 ], [ -83.7630831382, 42.9747611526 ], [ -83.763476126, 42.974679728 ], [ -83.7639967163, 42.9746055211 ], [ -83.7646763361, 42.9745532336 ], [ -83.7652397551, 42.9745315078 ], [ -83.7657522339, 42.9745040779 ], [ -83.7659891344, 42.9744946749 ], [ -83.7662233433, 42.974431837 ], [ -83.7664741732, 42.9743476892 ], [ -83.7666240906, 42.9742578347 ], [ -83.7667286718, 42.9741633724 ], [ -83.766813314, 42.9740610911 ], [ -83.766899452, 42.9739179996 ], [ -83.766943947, 42.9738075002 ], [ -83.7669716309, 42.973603853 ], [ -83.7669731366, 42.9728416475 ] ] } },
{ "type": "Feature", "properties": { "PR": "1495310", "Aadt": 1482, "AadtCommercial": null, "FacilityType": 4, "Year": "2024", "LocationId": "25-4501" }, "geometry": { "type": "LineString", "coordinates": [ [ -83.7063836995, 42.998019688 ], [ -83.706351005, 42.997737408 ], [ -83.7063891466, 42.9975974231 ], [ -83.7079462138, 42.994863318 ], [ -83.7081319029, 42.9944491789 ] ] } },
{ "type": "Feature", "properties": { "PR": "1498104", "Aadt": 5951, "AadtCommercial": 168, "FacilityType": 2, "Year": "2024", "LocationId": "25-7012" }, "geometry": { "type": "LineString", "coordinates": [ [ -83.6658487717, 43.0760845391 ], [ -83.664189801, 43.0761030438 ], [ -83.6639648168, 43.0761121608 ], [ -83.6616404657, 43.076183257 ], [ -83.6604611015, 43.0762094371 ], [ -83.6591500978, 43.0762521359 ], [ -83.6582051193, 43.0762890925 ], [ -83.6565764032, 43.0763410511 ] ] } },
{ "type": "Feature", "properties": { "PR": "0554707", "Aadt": 1280, "AadtCommercial": 37, "FacilityType": 2, "Year": "2024", "LocationId": "76-5290" }, "geometry": { "type": "LineString", "coordinates": [ [ -83.9608273724, 43.1167489419 ], [ -83.9535405256, 43.116799165 ], [ -83.9486063588, 43.1168477233 ], [ -83.9421774786, 43.1168265926 ], [ -83.938002914, 43.1167855657 ], [ -83.9360399477, 43.116759014 ], [ -83.9320359422, 43.1166867054 ], [ -83.9289153253, 43.1166200301 ] ] } },
{ "type": "Feature", "properties": { "PR": "1495108", "Aadt": 4546, "AadtCommercial": null, "FacilityType": 4, "Year": "2024", "LocationId": "25-0443" }, "geometry": { "type": "LineString", "coordinates": [ [ -83.6022733418, 43.0193496574 ], [ -83.6003667786, 43.0192234207 ], [ -83.5999576647, 43.0191812597 ], [ -83.5995368395, 43.0191053595 ], [ -83.5988547469, 43.0188756058 ], [ -83.5985149265, 43.0187296557 ], [ -83.5972540248, 43.0179661294 ], [ -83.5969404597, 43.0178159474 ], [ -83.5966947884, 43.0177628905 ], [ -83.5964092765, 43.0177281251 ], [ -83.5952946799, 43.017704624 ] ] } },
{ "type": "Feature", "properties": { "PR": "3251558", "Aadt": 14198, "AadtCommercial": 383, "FacilityType": 2, "Year": "2024", "LocationId": "25-5230" }, "geometry": { "type": "LineString", "coordinates": [ [ -83.7715915611, 42.9582149233 ], [ -83.7716323044, 42.9612005415 ], [ -83.7716513714, 42.9621835363 ], [ -83.771664635, 42.9625444475 ], [ -83.7716916825, 42.963658877 ], [ -83.7717034114, 42.9646071536 ], [ -83.7717110529, 42.9652250402 ], [ -83.7717172069, 42.9655064339 ], [ -83.7717690519, 42.9673316514 ], [ -83.7718123686, 42.9693535697 ], [ -83.7718479807, 42.9698144481 ], [ -83.7718482745, 42.970124307 ], [ -83.7718345873, 42.9705151796 ], [ -83.7718332299, 42.9712671577 ], [ -83.771856782, 42.9716685322 ], [ -83.7718628351, 42.9719346868 ], [ -83.7718687068, 42.9730245265 ] ] } },
{ "type": "Feature", "properties": { "PR": "6800197", "Aadt": 746, "AadtCommercial": 22, "FacilityType": 2, "Year": "2024", "LocationId": "25-5539" }, "geometry": { "type": "LineString", "coordinates": [ [ -83.6871675868, 43.0293220949 ], [ -83.6870938334, 43.0294755239 ], [ -83.6871105763, 43.0307421795 ], [ -83.68712566, 43.0317684077 ], [ -83.6871420314, 43.032723767 ], [ -83.687221834, 43.0353698084 ] ] } },
{ "type": "Feature", "properties": { "PR": "1496509", "Aadt": 4973, "AadtCommercial": null, "FacilityType": 4, "Year": "2024", "LocationId": "25-0596" }, "geometry": { "type": "LineString", "coordinates": [ [ -83.770001627, 43.1775894601 ], [ -83.7698023814, 43.1767372636 ], [ -83.7697027269, 43.1762591325 ], [ -83.769653614, 43.1760272306 ], [ -83.7696039977, 43.1757824498 ], [ -83.7695486243, 43.1755082418 ], [ -83.7694888967, 43.1752196486 ], [ -83.7694332367, 43.1749532992 ], [ -83.7693719248, 43.1746546647 ], [ -83.7693163445, 43.1743861721 ], [ -83.7692575942, 43.174097598 ], [ -83.769206156, 43.1738227519 ], [ -83.7691555849, 43.1735243297 ], [ -83.7691146223, 43.1732568391 ], [ -83.7690741376, 43.1729748504 ], [ -83.7688140455, 43.1712489283 ] ] } },
{ "type": "Feature", "properties": { "PR": "1505601", "Aadt": 2788, "AadtCommercial": 82, "FacilityType": 2, "Year": "2024", "LocationId": "25-5582" }, "geometry": { "type": "LineString", "coordinates": [ [ -83.7233012871, 43.0437183612 ], [ -83.7233055685, 43.043855405 ], [ -83.7233143905, 43.0462483777 ], [ -83.7233632823, 43.0483543122 ], [ -83.7234015178, 43.0503397726 ], [ -83.7234154698, 43.0504347442 ], [ -83.7234912111, 43.0531768844 ], [ -83.7234858401, 43.0539360212 ], [ -83.7234918565, 43.0551751809 ], [ -83.7235225536, 43.0564240181 ], [ -83.7235088179, 43.0570175688 ], [ -83.7235050358, 43.0579196238 ], [ -83.7235087331, 43.0586054215 ], [ -83.723626457, 43.0607122906 ], [ -83.7236468615, 43.0639414546 ], [ -83.7237092843, 43.0644963269 ], [ -83.7236806257, 43.0646249185 ], [ -83.7237834259, 43.0649620614 ], [ -83.7239148787, 43.0651786493 ], [ -83.7242595728, 43.0657995081 ], [ -83.7243749565, 43.0662762256 ], [ -83.7244343356, 43.0667239128 ], [ -83.7244120073, 43.0671513527 ], [ -83.724249925, 43.0676401174 ], [ -83.7239349405, 43.0684358051 ], [ -83.7237687678, 43.068915088 ], [ -83.7236980471, 43.0697880468 ], [ -83.7236588759, 43.0699872504 ], [ -83.7235609133, 43.0702317814 ], [ -83.7234745452, 43.0706392436 ], [ -83.7235213683, 43.0721769279 ], [ -83.7235085386, 43.0734248621 ], [ -83.7235079182, 43.0751632783 ] ] } },
{ "type": "Feature", "properties": { "PR": "1498004", "Aadt": 3505, "AadtCommercial": null, "FacilityType": 4, "Year": "2024", "LocationId": "25-0092" }, "geometry": { "type": "LineString", "coordinates": [ [ -83.7379196794, 42.9900094702 ], [ -83.7382144762, 42.9900709165 ], [ -83.7400002542, 42.990748994 ] ] } },
{ "type": "Feature", "properties": { "PR": "3780083", "Aadt": 571, "AadtCommercial": 18, "FacilityType": 2, "Year": "2024", "LocationId": "76-5138" }, "geometry": { "type": "LineString", "coordinates": [ [ -84.0428018188, 42.937751483 ], [ -84.0394939455, 42.9386379747 ], [ -84.0379114924, 42.9390500361 ], [ -84.0376636195, 42.9390901978 ], [ -84.0368781504, 42.9390880991 ], [ -84.036722661, 42.9390968617 ], [ -84.0364770245, 42.939109387 ], [ -84.0363013136, 42.93911177 ], [ -84.0355389267, 42.9391423451 ], [ -84.0341877785, 42.9391592063 ], [ -84.0328304615, 42.9391866089 ] ] } },
{ "type": "Feature", "properties": { "PR": "1495003", "Aadt": 7929, "AadtCommercial": 231, "FacilityType": 2, "Year": "2024", "LocationId": "25-7113" }, "geometry": { "type": "LineString", "coordinates": [ [ -83.5175412644, 43.0146693846 ], [ -83.5167724822, 43.0147942069 ], [ -83.50698502, 43.0164221319 ], [ -83.5063397563, 43.0165269345 ], [ -83.5039302166, 43.0169174158 ], [ -83.4999438019, 43.0175633183 ], [ -83.4994010324, 43.017659329 ], [ -83.4985671392, 43.0178068313 ], [ -83.4985323012, 43.017802149 ], [ -83.4985010179, 43.0177986532 ], [ -83.4984716588, 43.0177967898 ], [ -83.4984427928, 43.0177967642 ], [ -83.4984149172, 43.0177991099 ], [ -83.498385711, 43.0178035475 ], [ -83.4982611044, 43.0178241036 ], [ -83.4982193471, 43.0178303567 ], [ -83.4981779681, 43.0178352859 ], [ -83.4981377194, 43.0178387608 ], [ -83.4980989444, 43.0178406639 ], [ -83.4980599765, 43.0178408647 ], [ -83.4980288197, 43.0178391597 ], [ -83.4980010962, 43.0178354938 ], [ -83.4979734963, 43.017829501 ], [ -83.4979473345, 43.0178219077 ], [ -83.4979260788, 43.0178145173 ], [ -83.4979053089, 43.0178069854 ], [ -83.4978832272, 43.0178007262 ], [ -83.4978629507, 43.0177963977 ], [ -83.4978435138, 43.0177940497 ], [ -83.4978226918, 43.0177937161 ], [ -83.4978019803, 43.0177949955 ], [ -83.4977831942, 43.0177985704 ], [ -83.4977669013, 43.0178035246 ], [ -83.4977486112, 43.0178100021 ], [ -83.4977311164, 43.0178175314 ] ] } },
{ "type": "Feature", "properties": { "PR": "1506101", "Aadt": 7543, "AadtCommercial": 213, "FacilityType": 2, "Year": "2024", "LocationId": "25-5465" }, "geometry": { "type": "LineString", "coordinates": [ [ -83.759959132, 43.0353033995 ], [ -83.7589304773, 43.034788595 ], [ -83.7586923144, 43.0346546669 ], [ -83.7543235971, 43.0324766682 ], [ -83.7540385586, 43.0323389758 ], [ -83.7530541438, 43.0318736286 ], [ -83.7520681836, 43.0314271881 ], [ -83.7513450298, 43.0311549254 ] ] } },
{ "type": "Feature", "properties": { "PR": "1519809", "Aadt": 13719, "AadtCommercial": 384, "FacilityType": 2, "Year": "2024", "LocationId": "25-5142" }, "geometry": { "type": "LineString", "coordinates": [ [ -83.6327066424, 42.9450138546 ], [ -83.6295370192, 42.9450590064 ], [ -83.6294509987, 42.9450602306 ], [ -83.6270969737, 42.9450937061 ], [ -83.6253354611, 42.9451342767 ], [ -83.6240425056, 42.9451561836 ], [ -83.6227742599, 42.9451776585 ], [ -83.6221691538, 42.9451838605 ], [ -83.6207964996, 42.9451781501 ], [ -83.6188113963, 42.9451775649 ], [ -83.6173420461, 42.9451691942 ], [ -83.6165506025, 42.9451721411 ], [ -83.6140084913, 42.9451491649 ], [ -83.613139269, 42.9451524172 ], [ -83.6068249388, 42.9452050649 ], [ -83.6056089695, 42.9452205028 ], [ -83.5987148201, 42.9453077849 ], [ -83.5986299357, 42.9452948916 ], [ -83.5985448815, 42.945279739 ], [ -83.5984612358, 42.9452617569 ], [ -83.5983772006, 42.945237187 ], [ -83.5983158607, 42.9452130041 ], [ -83.5982568148, 42.9451964971 ], [ -83.5981973182, 42.945191421 ], [ -83.5981347047, 42.9451996253 ], [ -83.5980925386, 42.9452158908 ], [ -83.5980677581, 42.9452283393 ] ] } },
{ "type": "Feature", "properties": { "PR": "0755510", "Aadt": 2400, "AadtCommercial": 67, "FacilityType": 2, "Year": "2024", "LocationId": "44-5070" }, "geometry": { "type": "LineString", "coordinates": [ [ -83.4500439716, 43.2162194369 ], [ -83.4470621043, 43.2162750544 ], [ -83.4307979421, 43.2166350162 ] ] } },
{ "type": "Feature", "properties": { "PR": "1495002", "Aadt": 7634, "AadtCommercial": null, "FacilityType": 4, "Year": "2024", "LocationId": "25-4114" }, "geometry": { "type": "LineString", "coordinates": [ [ -83.6819249978, 43.0121949818 ], [ -83.6818303713, 43.011880487 ], [ -83.6817860763, 43.0117533916 ], [ -83.681660585, 43.0115365006 ], [ -83.6814146172, 43.0112882319 ], [ -83.6811413455, 43.011079594 ], [ -83.6807091999, 43.0108743572 ], [ -83.6803349616, 43.0106969323 ], [ -83.6796968412, 43.0104556938 ], [ -83.6796137922, 43.0104209587 ], [ -83.6795182668, 43.0103817223 ], [ -83.6794104021, 43.0103367388 ], [ -83.6793262895, 43.0103026699 ], [ -83.6792342796, 43.0102666671 ], [ -83.678677634, 43.0100305337 ], [ -83.6783422948, 43.0099038278 ], [ -83.6779513045, 43.0098092652 ], [ -83.6775896321, 43.0097785434 ], [ -83.6772402884, 43.0097813589 ], [ -83.6769300851, 43.0098282476 ], [ -83.6759328525, 43.0100507533 ], [ -83.6753953205, 43.0101260841 ] ] } },
{ "type": "Feature", "properties": { "PR": "1495804", "Aadt": 7836, "AadtCommercial": 221, "FacilityType": 2, "Year": "2024", "LocationId": "25-5227" }, "geometry": { "type": "LineString", "coordinates": [ [ -83.7818606714, 42.9734797073 ], [ -83.7819945298, 42.9778043781 ], [ -83.7820079635, 42.9780332279 ], [ -83.7820158972, 42.9782784722 ], [ -83.7820188616, 42.9784051277 ], [ -83.7820176148, 42.9785019316 ], [ -83.7820261736, 42.9787615222 ], [ -83.782060509, 42.9799356481 ], [ -83.7821410213, 42.9826887529 ], [ -83.7821634401, 42.9836092766 ], [ -83.7822843497, 42.9873374126 ] ] } },
{ "type": "Feature", "properties": { "PR": "1494005", "Aadt": 47681, "AadtCommercial": 6533, "FacilityType": 2, "Year": "2024", "LocationId": "25-0391" }, "geometry": { "type": "LineString", "coordinates": [ [ -83.7651529088, 42.9728680405 ], [ -83.7649959482, 42.9729542688 ], [ -83.7615999021, 42.9749491312 ], [ -83.7603822515, 42.9756538249 ], [ -83.7592507223, 42.9761803053 ], [ -83.7582422885, 42.9765854844 ], [ -83.7572387738, 42.9769349496 ], [ -83.755505409, 42.9775289021 ], [ -83.7536860688, 42.97815367 ], [ -83.7521255769, 42.9786890526 ], [ -83.7493126123, 42.9796540611 ], [ -83.7453811833, 42.9810006604 ], [ -83.7440450556, 42.9814259805 ], [ -83.7404326812, 42.9826213501 ], [ -83.738364016, 42.9833975596 ], [ -83.7365603131, 42.9839291118 ], [ -83.7359257132, 42.984059243 ], [ -83.7333467002, 42.9846985685 ], [ -83.7330923133, 42.9847509039 ] ] } },
{ "type": "Feature", "properties": { "PR": "1510904", "Aadt": 8687, "AadtCommercial": 252, "FacilityType": 2, "Year": "2024", "LocationId": "25-5261" }, "geometry": { "type": "LineString", "coordinates": [ [ -83.7223854119, 42.8019238397 ], [ -83.7222824117, 42.8020042562 ], [ -83.7222037341, 42.802073487 ], [ -83.7221583573, 42.8021242985 ], [ -83.7221307344, 42.8021699274 ], [ -83.7221139524, 42.8022163903 ], [ -83.722108286, 42.8022563033 ], [ -83.7221215324, 42.8027141648 ], [ -83.7221903539, 42.8039489573 ], [ -83.7222438189, 42.8047146943 ] ] } },
{ "type": "Feature", "properties": { "PR": "1494107", "Aadt": 10048, "AadtCommercial": 301, "FacilityType": 2, "Year": "2024", "LocationId": "25-0525" }, "geometry": { "type": "LineString", "coordinates": [ [ -83.8121063358, 43.0011906518 ], [ -83.8115644849, 43.0012436769 ], [ -83.8101933519, 43.0013145047 ], [ -83.8080153188, 43.0013892784 ], [ -83.8021465527, 43.001530607 ], [ -83.8016583415, 43.0015334846 ], [ -83.8009569723, 43.0015566917 ], [ -83.8007178443, 43.0015578067 ], [ -83.7990019656, 43.0016013817 ], [ -83.7967381445, 43.0016591749 ], [ -83.7948677042, 43.0017017816 ], [ -83.7944344172, 43.0017140823 ], [ -83.7930537447, 43.0017544527 ], [ -83.7914994057, 43.001789171 ], [ -83.7897882755, 43.0018319285 ], [ -83.7874977758, 43.0018647171 ], [ -83.7860566875, 43.0018889621 ], [ -83.7826368804, 43.0019290383 ] ] } },
{ "type": "Feature", "properties": { "PR": "1495410", "Aadt": 5775, "AadtCommercial": null, "FacilityType": 4, "Year": "2024", "LocationId": "25-4715" }, "geometry": { "type": "LineString", "coordinates": [ [ -83.6347403315, 43.0151165375 ], [ -83.6349980355, 43.0147946074 ], [ -83.6350589036, 43.0147344785 ], [ -83.635157036, 43.0146532312 ], [ -83.6352868943, 43.0145775912 ], [ -83.635365013, 43.0145470796 ], [ -83.6354629153, 43.0145175388 ], [ -83.635670912, 43.0144727588 ], [ -83.6370179582, 43.0142619023 ], [ -83.6384688109, 43.0140332807 ], [ -83.6390925595, 43.0139079858 ], [ -83.6396268944, 43.0137638367 ] ] } },
{ "type": "Feature", "properties": { "PR": "0553803", "Aadt": 6387, "AadtCommercial": 326, "FacilityType": 2, "Year": "2024", "LocationId": "76-0039" }, "geometry": { "type": "LineString", "coordinates": [ [ -84.0371723285, 42.9464918064 ], [ -84.0424977274, 42.9483688534 ], [ -84.043295868, 42.9487208783 ], [ -84.0447196252, 42.9492809401 ], [ -84.045615895, 42.9496648499 ], [ -84.0458929494, 42.9497973267 ], [ -84.0463480464, 42.9500024056 ], [ -84.0549459161, 42.9543743164 ], [ -84.0570915195, 42.9554665603 ], [ -84.0601743667, 42.9570406377 ], [ -84.0606584445, 42.9572885583 ], [ -84.0629647628, 42.9584656075 ], [ -84.0642787023, 42.9591364621 ], [ -84.064525386, 42.959263846 ], [ -84.0702953503, 42.9621511335 ], [ -84.072195477, 42.9631379855 ], [ -84.0725392274, 42.963312518 ], [ -84.0868848666, 42.9706103159 ], [ -84.0929674123, 42.973719844 ], [ -84.0960703381, 42.9752888487 ], [ -84.0966132554, 42.9755219483 ], [ -84.0975566863, 42.9758956912 ], [ -84.0980868527, 42.9760835456 ], [ -84.0986754693, 42.9762723838 ], [ -84.0991650352, 42.9763940744 ], [ -84.0996329141, 42.9765103731 ], [ -84.1006021395, 42.9767112291 ], [ -84.1014426343, 42.976849938 ], [ -84.1021449565, 42.9769399124 ] ] } },
{ "type": "Feature", "properties": { "PR": "3251543", "Aadt": 1669, "AadtCommercial": 49, "FacilityType": 2, "Year": "2024", "LocationId": "25-7131" }, "geometry": { "type": "LineString", "coordinates": [ [ -83.4793471529, 43.1078492282 ], [ -83.473078483, 43.1079538335 ], [ -83.4676669991, 43.1080368134 ], [ -83.4596909689, 43.1081878925 ], [ -83.4592535744, 43.1081874906 ] ] } },
{ "type": "Feature", "properties": { "PR": "0646509", "Aadt": 2331, "AadtCommercial": 67, "FacilityType": 2, "Year": "2024", "LocationId": "63-5503" }, "geometry": { "type": "LineString", "coordinates": [ [ -83.5611753126, 42.830261516 ], [ -83.5592082217, 42.8302946679 ], [ -83.5536678899, 42.8303817195 ], [ -83.5522755324, 42.8304009429 ], [ -83.5505887062, 42.8304375016 ], [ -83.5499156398, 42.8304543168 ], [ -83.5492713766, 42.8304528237 ], [ -83.5479477789, 42.8304689254 ], [ -83.5449389774, 42.8305433147 ], [ -83.5399711847, 42.8306118797 ] ] } },
{ "type": "Feature", "properties": { "PR": "1506606", "Aadt": 5593, "AadtCommercial": 163, "FacilityType": 2, "Year": "2024", "LocationId": "25-5503" }, "geometry": { "type": "LineString", "coordinates": [ [ -83.8528813268, 43.0746817283 ], [ -83.8529405075, 43.076433863 ], [ -83.8529868213, 43.0788048469 ], [ -83.8530807089, 43.081046125 ], [ -83.8530873147, 43.0813284959 ], [ -83.8531037386, 43.0833667175 ], [ -83.85307923, 43.0835871492 ], [ -83.8530991708, 43.0868061115 ], [ -83.8530634071, 43.089287731 ] ] } },
{ "type": "Feature", "properties": { "PR": "3251677", "Aadt": 4037, "AadtCommercial": 112, "FacilityType": 2, "Year": "2024", "LocationId": "25-6642" }, "geometry": { "type": "LineString", "coordinates": [ [ -83.7128136482, 43.021845279 ], [ -83.712518169, 43.0221066727 ] ] } },
{ "type": "Feature", "properties": { "PR": "1494805", "Aadt": 2884, "AadtCommercial": null, "FacilityType": 4, "Year": "2024", "LocationId": "25-4679" }, "geometry": { "type": "LineString", "coordinates": [ [ -83.7052601209, 42.9959251724 ], [ -83.7053599835, 42.9955708268 ], [ -83.7054768188, 42.9953354251 ], [ -83.7057792448, 42.994893988 ], [ -83.7058467426, 42.9947881259 ], [ -83.7059912185, 42.9946634391 ], [ -83.7061455184, 42.9946123593 ], [ -83.7062994116, 42.9945735199 ], [ -83.7064520776, 42.9945672911 ], [ -83.7066102142, 42.9945844836 ], [ -83.7067859885, 42.9946393306 ], [ -83.7069353265, 42.9947216146 ], [ -83.707027545, 42.9948027416 ], [ -83.7070866287, 42.994920494 ], [ -83.707124046, 42.99510774 ], [ -83.7070720851, 42.9953071611 ], [ -83.7070129127, 42.9954891065 ] ] } },
{ "type": "Feature", "properties": { "PR": "1495509", "Aadt": 2703, "AadtCommercial": null, "FacilityType": 4, "Year": "2024", "LocationId": "25-0442" }, "geometry": { "type": "LineString", "coordinates": [ [ -83.5488674098, 43.0169610746 ], [ -83.5501413093, 43.0170897687 ], [ -83.5506594899, 43.0171356653 ], [ -83.5508762087, 43.0171542278 ], [ -83.551214622, 43.0172031717 ], [ -83.5516181051, 43.017286284 ], [ -83.5520202527, 43.0174043105 ], [ -83.5523644696, 43.0175379037 ], [ -83.5527528086, 43.0177145012 ], [ -83.5539385718, 43.0183513786 ], [ -83.5541517566, 43.0184133384 ], [ -83.554327913, 43.0184507833 ], [ -83.5545680649, 43.0184643795 ], [ -83.5557288128, 43.0184375428 ] ] } },
{ "type": "Feature", "properties": { "PR": "1505701", "Aadt": 3803, "AadtCommercial": 107, "FacilityType": 2, "Year": "2024", "LocationId": "25-6802" }, "geometry": { "type": "LineString", "coordinates": [ [ -83.7139399012, 43.0609290977 ], [ -83.7139615009, 43.0618414626 ], [ -83.7139883358, 43.0626015464 ], [ -83.7140256439, 43.0634031135 ], [ -83.7140483759, 43.0641522281 ], [ -83.7140786158, 43.065692607 ], [ -83.714119658, 43.0671019103 ], [ -83.7140661193, 43.0693865576 ], [ -83.7140285486, 43.0701304963 ], [ -83.7140129833, 43.0704399316 ], [ -83.7139961926, 43.0708422176 ], [ -83.7139969303, 43.0715466433 ], [ -83.7140162712, 43.0722902869 ], [ -83.7139668192, 43.0730036912 ], [ -83.7139740896, 43.0737097428 ], [ -83.713920018, 43.0745790726 ], [ -83.7138992717, 43.0755203906 ] ] } },
{ "type": "Feature", "properties": { "PR": "1494708", "Aadt": 9294, "AadtCommercial": null, "FacilityType": 4, "Year": "2024", "LocationId": "25-0510" }, "geometry": { "type": "LineString", "coordinates": [ [ -83.7289411221, 42.9817244725 ], [ -83.7294396225, 42.9821954616 ], [ -83.7296521336, 42.9823192859 ], [ -83.729841857, 42.9824072279 ], [ -83.7300257188, 42.9824906237 ], [ -83.73020095, 42.9825548295 ], [ -83.7303744809, 42.9825976864 ], [ -83.7306645496, 42.9826693251 ], [ -83.7308318711, 42.982685661 ], [ -83.7310407289, 42.9826927834 ], [ -83.7311239029, 42.9826959015 ], [ -83.7312856571, 42.9826942264 ], [ -83.7334148018, 42.9826644158 ], [ -83.7337757662, 42.9826879981 ], [ -83.7340194602, 42.9827214901 ], [ -83.7342291719, 42.9827706501 ], [ -83.7345153961, 42.9828581261 ], [ -83.7347676362, 42.9829612699 ], [ -83.7350356565, 42.9830892503 ], [ -83.7352435498, 42.9831874171 ], [ -83.7354664623, 42.9833308425 ], [ -83.7357126898, 42.9834461244 ], [ -83.7362265966, 42.9837395655 ], [ -83.736338119, 42.9838061302 ], [ -83.7365603131, 42.9839291118 ], [ -83.7368619775, 42.9840536555 ], [ -83.73745656, 42.984223017 ], [ -83.7377494734, 42.9842597413 ], [ -83.7380615034, 42.9842848442 ], [ -83.7382934397, 42.9842654771 ], [ -83.7384643796, 42.9842534634 ], [ -83.7387132245, 42.9842190021 ], [ -83.7389519523, 42.9841596178 ], [ -83.7393294937, 42.9840210249 ], [ -83.7398933293, 42.9837460478 ], [ -83.7413178585, 42.9830596918 ] ] } },
{ "type": "Feature", "properties": { "PR": "1497008", "Aadt": 10541, "AadtCommercial": 516, "FacilityType": 2, "Year": "2024", "LocationId": "25-4697" }, "geometry": { "type": "LineString", "coordinates": [ [ -83.653158284, 42.9819494893 ], [ -83.6534065671, 42.9891629558 ] ] } },
{ "type": "Feature", "properties": { "PR": "1495005", "Aadt": 14170, "AadtCommercial": null, "FacilityType": 4, "Year": "2024", "LocationId": "25-0151" }, "geometry": { "type": "LineString", "coordinates": [ [ -83.6753953205, 43.0101260841 ], [ -83.6730262614, 43.0103523469 ], [ -83.6702785738, 43.0105131604 ] ] } },
{ "type": "Feature", "properties": { "PR": "3250252", "Aadt": 3371, "AadtCommercial": 97, "FacilityType": 2, "Year": "2024", "LocationId": "25-7060" }, "geometry": { "type": "LineString", "coordinates": [ [ -83.5585379216, 43.1508611925 ], [ -83.5545942226, 43.1509136967 ], [ -83.5502539135, 43.1509696861 ], [ -83.5482652378, 43.1510042496 ], [ -83.5458448781, 43.151084171 ], [ -83.5436306506, 43.1511502622 ], [ -83.5386790211, 43.1513631959 ], [ -83.5291969325, 43.1514656608 ], [ -83.5247866987, 43.1515975497 ], [ -83.5201092488, 43.1517638478 ], [ -83.5195472978, 43.151796981 ], [ -83.5126215089, 43.1518391138 ], [ -83.5096065565, 43.1518404854 ], [ -83.5091391771, 43.1518439066 ], [ -83.5064598911, 43.1517029347 ], [ -83.505065218, 43.1516420934 ], [ -83.5043429966, 43.1516105792 ], [ -83.5040413867, 43.1515996677 ], [ -83.4992491131, 43.151381958 ], [ -83.4918029748, 43.1514223142 ], [ -83.4797904779, 43.1514001703 ], [ -83.4784682895, 43.1514217269 ], [ -83.4727067675, 43.1515082524 ], [ -83.4719253933, 43.1515141931 ], [ -83.4686313097, 43.1515505908 ], [ -83.4596834623, 43.1513818708 ] ] } },
{ "type": "Feature", "properties": { "PR": "1497008", "Aadt": 14724, "AadtCommercial": 766, "FacilityType": 2, "Year": "2024", "LocationId": "25-4657" }, "geometry": { "type": "LineString", "coordinates": [ [ -83.654641401, 43.0184327071 ], [ -83.6547506159, 43.0199323435 ], [ -83.6548679249, 43.0220369829 ], [ -83.6550442843, 43.0250115405 ], [ -83.6550511732, 43.0251341215 ], [ -83.655073757, 43.0255359605 ] ] } },
{ "type": "Feature", "properties": { "PR": "1494608", "Aadt": 2082, "AadtCommercial": 60, "FacilityType": 2, "Year": "2024", "LocationId": "25-5204" }, "geometry": { "type": "LineString", "coordinates": [ [ -83.848365897, 42.95429633 ], [ -83.8482212601, 42.9544165232 ], [ -83.8481059778, 42.9545396885 ], [ -83.848041641, 42.9546700934 ], [ -83.8480000104, 42.9548824157 ], [ -83.847986176, 42.9550325861 ], [ -83.8480116669, 42.9569428057 ] ] } },
{ "type": "Feature", "properties": { "PR": "1523207", "Aadt": 4323, "AadtCommercial": 121, "FacilityType": 2, "Year": "2024", "LocationId": "25-6731" }, "geometry": { "type": "LineString", "coordinates": [ [ -83.8930585439, 43.1803652253 ], [ -83.8905782006, 43.180392391 ], [ -83.8894132736, 43.1804067092 ] ] } },
{ "type": "Feature", "properties": { "PR": "0551310", "Aadt": 7972, "AadtCommercial": 735, "FacilityType": 2, "Year": "2024", "LocationId": "76-0025" }, "geometry": { "type": "LineString", "coordinates": [ [ -84.0992042521, 42.9988134372 ], [ -84.0960634541, 42.9988345692 ], [ -84.0925074802, 42.9988135075 ], [ -84.0871784828, 42.9989316975 ], [ -84.0794935302, 42.9990777721 ], [ -84.0700056147, 42.9992912592 ], [ -84.0692720447, 42.9992657909 ], [ -84.068163244, 42.9992425966 ], [ -84.0595650148, 42.9993423823 ], [ -84.0531093834, 42.9994259066 ], [ -84.0498775974, 42.9994181281 ], [ -84.0412018582, 42.999393826 ], [ -84.0389689774, 42.9993531895 ] ] } },
{ "type": "Feature", "properties": { "PR": "1523201", "Aadt": 2555, "AadtCommercial": 76, "FacilityType": 2, "Year": "2024", "LocationId": "25-5118" }, "geometry": { "type": "LineString", "coordinates": [ [ -83.8930748365, 43.1762316203 ], [ -83.8930787658, 43.1771477033 ], [ -83.8930589936, 43.1793739535 ], [ -83.8930585439, 43.1803652253 ], [ -83.8930551309, 43.1812212339 ], [ -83.8930484668, 43.1815378256 ], [ -83.893048615, 43.1824288339 ], [ -83.8930449681, 43.1827427138 ], [ -83.8930503182, 43.1832975861 ] ] } },
{ "type": "Feature", "properties": { "PR": "1494609", "Aadt": 1482, "AadtCommercial": null, "FacilityType": 4, "Year": "2024", "LocationId": "25-9624" }, "geometry": { "type": "LineString", "coordinates": [ [ -83.8068107204, 42.9656415245 ], [ -83.8057456807, 42.9653257349 ], [ -83.8055180993, 42.9651907777 ], [ -83.8053860411, 42.9650610228 ], [ -83.8052862261, 42.964921852 ], [ -83.8052372326, 42.9647635851 ], [ -83.8052203612, 42.9645992472 ], [ -83.8052957813, 42.9644032312 ], [ -83.8054250107, 42.9642316891 ], [ -83.8055760491, 42.9640873468 ], [ -83.8058259583, 42.963981743 ], [ -83.8062297504, 42.963905902 ], [ -83.8066543889, 42.963884019 ], [ -83.8070494161, 42.9639251549 ], [ -83.8075059175, 42.9640310778 ], [ -83.8078381296, 42.9641714069 ], [ -83.8082176767, 42.964389637 ], [ -83.8084031886, 42.964553897 ], [ -83.8086020059, 42.9647284557 ], [ -83.808792315, 42.9648861135 ], [ -83.8089727956, 42.9650636633 ], [ -83.8092330058, 42.9653400377 ] ] } },
{ "type": "Feature", "properties": { "PR": "6802065", "Aadt": 5808, "AadtCommercial": 169, "FacilityType": 2, "Year": "2024", "LocationId": "25-5341" }, "geometry": { "type": "LineString", "coordinates": [ [ -83.6484844153, 42.8865178498 ], [ -83.6484990578, 42.8867885495 ], [ -83.6485041243, 42.88706132 ], [ -83.6485091176, 42.8873359952 ], [ -83.6485167389, 42.8876097728 ], [ -83.6485242124, 42.8878873596 ], [ -83.6485292142, 42.8881618178 ], [ -83.6485356787, 42.8884319752 ], [ -83.6485425077, 42.8886909997 ], [ -83.6485525958, 42.8890033982 ], [ -83.6486049425, 42.8892351043 ], [ -83.6486090355, 42.8893496067 ], [ -83.6486134376, 42.8895452266 ], [ -83.6486199576, 42.8897465243 ], [ -83.6486271024, 42.8898729711 ], [ -83.6486441871, 42.8899929982 ], [ -83.6486681095, 42.8901126676 ], [ -83.6486978859, 42.8902486664 ], [ -83.6487154506, 42.8903108922 ], [ -83.6487654985, 42.890458372 ], [ -83.6488065303, 42.8905698105 ], [ -83.6488890046, 42.8907771497 ], [ -83.648949631, 42.8909053231 ], [ -83.6490169602, 42.8910318064 ], [ -83.6490915116, 42.8911606513 ], [ -83.649172162, 42.8912784735 ], [ -83.6492578656, 42.8913986401 ], [ -83.6493464567, 42.8915225142 ], [ -83.6494246479, 42.891647125 ], [ -83.6494975831, 42.8917735335 ], [ -83.6495653367, 42.8918998342 ], [ -83.6496225425, 42.8920306827 ], [ -83.6496769739, 42.8921662398 ], [ -83.6497224101, 42.8922997036 ], [ -83.6497603955, 42.8924368257 ], [ -83.6497857332, 42.8925412697 ], [ -83.6498044951, 42.8926712836 ], [ -83.6498097604, 42.892766829 ], [ -83.6498190415, 42.8929691333 ], [ -83.6498343914, 42.8935986564 ], [ -83.6498385566, 42.893756404 ], [ -83.6498418462, 42.8938809715 ], [ -83.649870607, 42.8944424982 ], [ -83.6498877205, 42.8948233037 ], [ -83.649909764, 42.8951837882 ], [ -83.6499286982, 42.8957300576 ], [ -83.6499547399, 42.896554217 ], [ -83.6499789292, 42.8973979514 ], [ -83.6499801252, 42.897602951 ], [ -83.6499802578, 42.898375185 ], [ -83.6499804916, 42.8986726412 ], [ -83.6499822642, 42.8989018074 ], [ -83.6499953426, 42.8990797906 ], [ -83.6500235828, 42.8992776548 ], [ -83.6500664871, 42.8994714476 ], [ -83.650122945, 42.8996556681 ], [ -83.6501932551, 42.8998395377 ], [ -83.6502869961, 42.9000432863 ], [ -83.6504112248, 42.9002613302 ], [ -83.6505557627, 42.9004731228 ], [ -83.6507048564, 42.9006604255 ], [ -83.650879112, 42.900850203 ], [ -83.6510398549, 42.9010027684 ], [ -83.6512065351, 42.9011467587 ], [ -83.6513185486, 42.9012338981 ], [ -83.6514413205, 42.9013218707 ], [ -83.6516080237, 42.9014298199 ], [ -83.6516804333, 42.9014915772 ], [ -83.6517508736, 42.9015483363 ], [ -83.6518173889, 42.901605966 ], [ -83.6518663134, 42.9016489307 ], [ -83.6519008755, 42.9016944572 ], [ -83.6519203996, 42.9017263239 ], [ -83.651933302, 42.9017844416 ], [ -83.6519423627, 42.9018297438 ], [ -83.6519570864, 42.9018726377 ], [ -83.6519841275, 42.901907163 ], [ -83.6520291011, 42.9019390816 ], [ -83.6520745309, 42.9019590928 ], [ -83.6521453667, 42.9019796829 ], [ -83.6522186203, 42.9019975541 ], [ -83.6522815091, 42.9020145911 ], [ -83.6523389786, 42.9020377123 ], [ -83.6523936354, 42.9020664944 ], [ -83.6524443318, 42.9020971021 ], [ -83.6525034042, 42.9021459966 ], [ -83.6525511806, 42.902185124 ], [ -83.6526090298, 42.9022320868 ], [ -83.6526548523, 42.9022883333 ], [ -83.6527352698, 42.902389249 ], [ -83.6528233344, 42.9025274094 ], [ -83.6528937963, 42.9026510469 ], [ -83.652941688, 42.9027548617 ], [ -83.6529690136, 42.9028199727 ], [ -83.6530056719, 42.9029122571 ], [ -83.6530347007, 42.9030005698 ], [ -83.6530575806, 42.9030801746 ], [ -83.6530803359, 42.9031649719 ], [ -83.6530954914, 42.9032411274 ], [ -83.6531099049, 42.9033342129 ], [ -83.6531204201, 42.9034297686 ], [ -83.6531279167, 42.9035300278 ], [ -83.6531316438, 42.9036334859 ], [ -83.6531294266, 42.9037217581 ], [ -83.6531115794, 42.9037812588 ], [ -83.6530979416, 42.9038324584 ], [ -83.6530815288, 42.9038883658 ], [ -83.6530652989, 42.9039395107 ], [ -83.6530532868, 42.9039821638 ], [ -83.6530334621, 42.9040256069 ], [ -83.6529988928, 42.904065082 ], [ -83.6529629698, 42.9040929373 ], [ -83.6529175344, 42.9041152325 ], [ -83.6528835056, 42.9041359763 ], [ -83.6528541076, 42.9041627753 ], [ -83.6528335879, 42.9041943509 ] ] } },
{ "type": "Feature", "properties": { "PR": "3251914", "Aadt": 5974, "AadtCommercial": 168, "FacilityType": 2, "Year": "2024", "LocationId": "25-6960" }, "geometry": { "type": "LineString", "coordinates": [ [ -83.6937633308, 43.0542594405 ], [ -83.6935532542, 43.0542530247 ], [ -83.692684313, 43.0540836277 ], [ -83.6922603599, 43.0539883186 ], [ -83.6920106331, 43.0539348742 ], [ -83.6916143701, 43.0539335982 ], [ -83.6905132304, 43.0539515168 ], [ -83.6895076792, 43.053956575 ], [ -83.6884764804, 43.0539670901 ], [ -83.6873706731, 43.0539563032 ], [ -83.6863496761, 43.0539639413 ], [ -83.6853553953, 43.0539760584 ], [ -83.6843862836, 43.0539856633 ], [ -83.6833799763, 43.0539936503 ], [ -83.6796435815, 43.0540560417 ], [ -83.6794686929, 43.0540699134 ], [ -83.6791670838, 43.0540633598 ], [ -83.6767605835, 43.0540438432 ], [ -83.6766409523, 43.0540428719 ], [ -83.676580629, 43.0540450182 ], [ -83.6752771664, 43.0540913795 ], [ -83.6746548224, 43.0540844702 ], [ -83.6738856118, 43.0540862828 ], [ -83.6736370631, 43.0540883534 ], [ -83.6730846587, 43.0541007795 ], [ -83.6713434408, 43.0541149833 ] ] } },
{ "type": "Feature", "properties": { "PR": "1510803", "Aadt": 11024, "AadtCommercial": 297, "FacilityType": 2, "Year": "2024", "LocationId": "25-5325" }, "geometry": { "type": "LineString", "coordinates": [ [ -83.6927480002, 42.9740606371 ], [ -83.6927445787, 42.9742362226 ], [ -83.6927818745, 42.9760581672 ], [ -83.6927959119, 42.976839985 ], [ -83.6928138048, 42.9771619998 ], [ -83.692860617, 42.9793819184 ], [ -83.692891869, 42.9812138659 ] ] } },
{ "type": "Feature", "properties": { "PR": "1503305", "Aadt": 469, "AadtCommercial": 11, "FacilityType": 2, "Year": "2024", "LocationId": "25-5469" }, "geometry": { "type": "LineString", "coordinates": [ [ -83.7043065495, 43.1193592689 ], [ -83.7043937132, 43.1230577834 ] ] } },
{ "type": "Feature", "properties": { "PR": "1498006", "Aadt": 11245, "AadtCommercial": 242, "FacilityType": 2, "Year": "2024", "LocationId": "25-4663" }, "geometry": { "type": "LineString", "coordinates": [ [ -83.7048579255, 43.0068248242 ], [ -83.7037211739, 43.0068124713 ], [ -83.7025804028, 43.0068123934 ], [ -83.7010846191, 43.0067959385 ], [ -83.7010542191, 43.0067973684 ], [ -83.7007715128, 43.0068106585 ], [ -83.7006210296, 43.0068215519 ], [ -83.700315107, 43.0069230217 ], [ -83.6999428253, 43.0070674842 ], [ -83.6996223979, 43.0072217501 ], [ -83.6983747076, 43.0078345002 ], [ -83.6978367602, 43.0080473504 ], [ -83.6976056227, 43.0081368497 ], [ -83.6965408079, 43.0085439423 ], [ -83.6961311102, 43.0087494074 ], [ -83.6957725624, 43.0089074986 ] ] } },
{ "type": "Feature", "properties": { "PR": "1494305", "Aadt": 2414, "AadtCommercial": 69, "FacilityType": 2, "Year": "2024", "LocationId": "25-5103" }, "geometry": { "type": "LineString", "coordinates": [ [ -83.9288974743, 43.1176759357 ], [ -83.916176665, 43.1177303183 ], [ -83.9123398056, 43.1177464915 ], [ -83.9085737577, 43.1178009905 ], [ -83.8937845083, 43.1179479732 ], [ -83.8925625541, 43.1179498721 ], [ -83.8895586648, 43.1179092364 ], [ -83.8882670229, 43.1178916116 ], [ -83.8877844652, 43.1178844555 ], [ -83.8870798213, 43.1178821904 ], [ -83.8863869212, 43.117866286 ], [ -83.8852908645, 43.1178447318 ], [ -83.8762331687, 43.1177476593 ], [ -83.8727756401, 43.1177106288 ] ] } },
{ "type": "Feature", "properties": { "PR": "1499502", "Aadt": 3803, "AadtCommercial": 107, "FacilityType": 2, "Year": "2024", "LocationId": "25-6752" }, "geometry": { "type": "LineString", "coordinates": [ [ -83.6935068077, 43.0192174978 ], [ -83.6942729061, 43.0201294081 ], [ -83.6946808136, 43.0206345467 ], [ -83.6950329328, 43.0210432266 ], [ -83.6958162468, 43.0219702114 ], [ -83.6959605709, 43.0221598678 ], [ -83.6966226408, 43.0228670224 ], [ -83.6979340714, 43.02447709 ], [ -83.6982461855, 43.0248391311 ], [ -83.6984485832, 43.0250666049 ], [ -83.6988264358, 43.0255678049 ], [ -83.6996875169, 43.0265488042 ], [ -83.7000203747, 43.026918569 ], [ -83.7004462808, 43.027416597 ], [ -83.7012178449, 43.0283437316 ], [ -83.7014873566, 43.0286453628 ], [ -83.701940557, 43.0291751371 ], [ -83.7020660129, 43.0293406589 ], [ -83.7026506683, 43.0300144871 ], [ -83.7032224003, 43.0307032714 ], [ -83.7034745876, 43.0310166066 ], [ -83.7035581655, 43.0311154399 ], [ -83.7036700573, 43.0312477554 ], [ -83.7036778525, 43.0312573124 ], [ -83.7037313289, 43.0313228786 ], [ -83.7037338276, 43.0313259415 ], [ -83.7039130782, 43.0315457081 ], [ -83.704159343, 43.0318274074 ], [ -83.7042325801, 43.0319314668 ], [ -83.7042776456, 43.0319978079 ], [ -83.7042973023, 43.0321072506 ], [ -83.7043054692, 43.0325358598 ], [ -83.7043029157, 43.0332509055 ], [ -83.7043477311, 43.0339677669 ], [ -83.7043451246, 43.0346847443 ], [ -83.7043437224, 43.0349617738 ], [ -83.7043796527, 43.0354065753 ], [ -83.7043967553, 43.0361465504 ], [ -83.7044096537, 43.0368379156 ], [ -83.7044047671, 43.0374554931 ], [ -83.7044314096, 43.0380875975 ], [ -83.704435592, 43.0387249789 ], [ -83.7044760619, 43.0394147716 ], [ -83.7044903131, 43.0401265691 ], [ -83.7045112045, 43.0408597435 ], [ -83.7045022606, 43.0416169743 ], [ -83.7045519226, 43.0423887289 ], [ -83.7045815435, 43.0431750299 ], [ -83.7045938794, 43.0439810001 ], [ -83.704601161, 43.0448232431 ], [ -83.7046270839, 43.0455755982 ], [ -83.7046425218, 43.0463857312 ], [ -83.704653711, 43.0478945496 ], [ -83.7046450493, 43.0496052523 ], [ -83.7046575936, 43.0503712792 ], [ -83.7047081641, 43.0510700311 ], [ -83.7047068968, 43.0517922797 ], [ -83.704719929, 43.0524847555 ], [ -83.7047279295, 43.0532946615 ], [ -83.704720803, 43.054133727 ], [ -83.7047210264, 43.0549974256 ], [ -83.7047411387, 43.0559540529 ], [ -83.7047522791, 43.0569048844 ], [ -83.7047842638, 43.0574789376 ], [ -83.7047824724, 43.0580497071 ], [ -83.7047926458, 43.0583762406 ], [ -83.7046719737, 43.0587113772 ], [ -83.7045623401, 43.0591448209 ], [ -83.7045284237, 43.059460867 ], [ -83.7045719715, 43.0602176734 ], [ -83.7046811241, 43.0605510933 ], [ -83.704713335, 43.0606732348 ], [ -83.7047336205, 43.0609636545 ], [ -83.7047609341, 43.0625360869 ], [ -83.7047773405, 43.063014247 ], [ -83.7048378555, 43.0631353084 ], [ -83.7048927688, 43.0632395873 ], [ -83.7051453963, 43.0634834688 ], [ -83.7054857708, 43.0637089644 ], [ -83.7056879286, 43.0638991009 ], [ -83.705870897, 43.0640934997 ], [ -83.7059917096, 43.0642540817 ], [ -83.7061200638, 43.0645667124 ], [ -83.7061972502, 43.0650249486 ], [ -83.7062285024, 43.0657354669 ], [ -83.7062273234, 43.0664802062 ], [ -83.7062256214, 43.0671717977 ] ] } },
{ "type": "Feature", "properties": { "PR": "1506101", "Aadt": 7920, "AadtCommercial": 222, "FacilityType": 2, "Year": "2024", "LocationId": "25-5598" }, "geometry": { "type": "LineString", "coordinates": [ [ -83.7513450298, 43.0311549254 ], [ -83.7499234821, 43.0305626579 ], [ -83.747331331, 43.0295127095 ], [ -83.7456225536, 43.0287729089 ], [ -83.7439274986, 43.0280626466 ], [ -83.7438009116, 43.0280221561 ], [ -83.7437488382, 43.0280000132 ], [ -83.7431232469, 43.0277339887 ], [ -83.7423162865, 43.0274766986 ], [ -83.7421914677, 43.0274470591 ], [ -83.74047602, 43.0269655618 ], [ -83.7370781758, 43.025990869 ], [ -83.7358556824, 43.0256446044 ], [ -83.7349465573, 43.0253846865 ], [ -83.7340952572, 43.0251406699 ], [ -83.7336501881, 43.0250162127 ], [ -83.7328245545, 43.0247860007 ], [ -83.7317350987, 43.0244738524 ] ] } },
{ "type": "Feature", "properties": { "PR": "1534607", "Aadt": 640, "AadtCommercial": 19, "FacilityType": 2, "Year": "2024", "LocationId": "25-5206" }, "geometry": { "type": "LineString", "coordinates": [ [ -83.840873875, 42.9553388986 ], [ -83.8395456623, 42.9553363591 ], [ -83.8395182787, 42.9553363066 ], [ -83.8376030315, 42.9553724057 ] ] } },
{ "type": "Feature", "properties": { "PR": "3250181", "Aadt": 6147, "AadtCommercial": 171, "FacilityType": 2, "Year": "2024", "LocationId": "25-5207" }, "geometry": { "type": "LineString", "coordinates": [ [ -83.8307463576, 42.9636934113 ], [ -83.830755841, 42.9638422204 ], [ -83.8307502397, 42.965217387 ], [ -83.8307549991, 42.9654848734 ], [ -83.8307792662, 42.9668249322 ], [ -83.8307730283, 42.9669658729 ], [ -83.8307621511, 42.9673301716 ], [ -83.8307676499, 42.9676282733 ], [ -83.8307719031, 42.9716876401 ] ] } },
{ "type": "Feature", "properties": { "PR": "0627809", "Aadt": 16238, "AadtCommercial": 455, "FacilityType": 2, "Year": "2024", "LocationId": "63-8053" }, "geometry": { "type": "LineString", "coordinates": [ [ -83.4478734004, 42.8437003816 ], [ -83.4480740389, 42.8442558332 ], [ -83.4482328202, 42.8446377402 ], [ -83.4484416913, 42.8450898023 ], [ -83.4499381668, 42.8484929383 ], [ -83.4499501481, 42.8485180012 ], [ -83.4500053023, 42.8486371853 ], [ -83.4510737209, 42.8509459147 ], [ -83.4514151945, 42.8516343788 ], [ -83.4521993234, 42.8527306148 ], [ -83.453213373, 42.8538468376 ], [ -83.4565525792, 42.8576403494 ] ] } },
{ "type": "Feature", "properties": { "PR": "1497804", "Aadt": 63012, "AadtCommercial": 3465, "FacilityType": 2, "Year": "2024", "LocationId": "25-0102" }, "geometry": { "type": "LineString", "coordinates": [ [ -83.7622961833, 43.0606541006 ], [ -83.7623508979, 43.0634867171 ], [ -83.7623673057, 43.0647116875 ], [ -83.7624382642, 43.0679781423 ], [ -83.7625043342, 43.0717068933 ], [ -83.7625772195, 43.075243484 ], [ -83.7627245251, 43.0831626189 ], [ -83.7627810894, 43.0862032482 ], [ -83.7628119538, 43.0877090598 ], [ -83.7628529131, 43.0897451699 ], [ -83.7628893912, 43.092876288 ], [ -83.7629268206, 43.0936516663 ], [ -83.7629463538, 43.0947698856 ], [ -83.7629524834, 43.0951208166 ], [ -83.7629921849, 43.0973934773 ] ] } },
{ "type": "Feature", "properties": { "PR": "0758802", "Aadt": 1686, "AadtCommercial": 49, "FacilityType": 2, "Year": "2024", "LocationId": "44-5076" }, "geometry": { "type": "LineString", "coordinates": [ [ -83.4095553689, 43.1516409684 ], [ -83.4092263122, 43.1516159624 ], [ -83.4078191207, 43.1516170147 ] ] } },
{ "type": "Feature", "properties": { "PR": "1520305", "Aadt": 9884, "AadtCommercial": 277, "FacilityType": 2, "Year": "2024", "LocationId": "25-7092" }, "geometry": { "type": "LineString", "coordinates": [ [ -83.6154035832, 43.0330466265 ], [ -83.6154863893, 43.0345792821 ], [ -83.6156675464, 43.0398638055 ], [ -83.6156856957, 43.0407032616 ], [ -83.6157350463, 43.0420563005 ], [ -83.6157750839, 43.0432483552 ], [ -83.6158576219, 43.0451032583 ], [ -83.6159280906, 43.0475013553 ], [ -83.6159613534, 43.0501950016 ], [ -83.6159486677, 43.0503420981 ], [ -83.6159579595, 43.0512581522 ] ] } },
{ "type": "Feature", "properties": { "PR": "1509803", "Aadt": 2992, "AadtCommercial": 87, "FacilityType": 2, "Year": "2024", "LocationId": "25-5198" }, "geometry": { "type": "LineString", "coordinates": [ [ -83.8586872278, 42.9416601748 ], [ -83.8586505803, 42.9418026837 ], [ -83.8582596591, 42.9432018506 ], [ -83.8578912652, 42.9445736433 ], [ -83.8577775458, 42.9448329064 ], [ -83.8576262484, 42.9450415655 ], [ -83.8571939057, 42.9455093048 ], [ -83.8568743897, 42.9457834561 ], [ -83.8565209247, 42.9461438152 ], [ -83.8564087754, 42.9462767504 ], [ -83.8563663708, 42.9463664494 ], [ -83.8562754996, 42.9466068175 ], [ -83.8562324217, 42.9468657647 ], [ -83.8563108742, 42.9496605694 ], [ -83.8564012629, 42.9527848936 ], [ -83.8564236631, 42.9532247378 ], [ -83.8564354045, 42.9536417045 ], [ -83.8564469235, 42.9544706205 ], [ -83.8564691786, 42.9555397863 ], [ -83.8564979514, 42.9569220185 ] ] } },
{ "type": "Feature", "properties": { "PR": "1525102", "Aadt": 4874, "AadtCommercial": 103, "FacilityType": 1, "Year": "2024", "LocationId": "25-0477" }, "geometry": { "type": "LineString", "coordinates": [ [ -83.6957725624, 43.0089074986 ], [ -83.6954052409, 43.0089420336 ], [ -83.6950979783, 43.0089642798 ], [ -83.6947962261, 43.0089549655 ], [ -83.6943957618, 43.0088932658 ], [ -83.6942278335, 43.0089000193 ], [ -83.6941275715, 43.0088979762 ], [ -83.6940046503, 43.0088921238 ], [ -83.6938676765, 43.008896027 ], [ -83.6937072829, 43.0089161876 ], [ -83.6934861258, 43.008975275 ], [ -83.6933291502, 43.0090256291 ], [ -83.6931332156, 43.0091076282 ], [ -83.6929163284, 43.0092080003 ], [ -83.6927402372, 43.0092813936 ], [ -83.6925514844, 43.0093277523 ], [ -83.6922720918, 43.0093588728 ], [ -83.691922552, 43.0093425347 ] ] } },
{ "type": "Feature", "properties": { "PR": "0556307", "Aadt": 991, "AadtCommercial": 29, "FacilityType": 2, "Year": "2024", "LocationId": "76-5291" }, "geometry": { "type": "LineString", "coordinates": [ [ -83.9874604887, 43.058680817 ], [ -83.9875000251, 43.0635543916 ], [ -83.9874894361, 43.0659027617 ], [ -83.987479959, 43.068004233 ], [ -83.9875465548, 43.0731760282 ], [ -83.987600312, 43.0767840367 ], [ -83.9876264793, 43.0786288236 ], [ -83.9876535984, 43.0803995396 ], [ -83.9876552696, 43.0831035567 ], [ -83.9876917424, 43.0877000674 ], [ -83.987676944, 43.0926956131 ], [ -83.9876775558, 43.0949457435 ], [ -83.98759483, 43.1021977058 ], [ -83.9876578742, 43.1036597385 ], [ -83.9877935313, 43.1069380347 ], [ -83.9878012772, 43.1071694341 ], [ -83.9879122606, 43.1110500996 ], [ -83.9878917092, 43.1167824492 ] ] } },
{ "type": "Feature", "properties": { "PR": "0554109", "Aadt": 2371, "AadtCommercial": 56, "FacilityType": 2, "Year": "2024", "LocationId": "76-5161" }, "geometry": { "type": "LineString", "coordinates": [ [ -83.9680885423, 42.9111111344 ], [ -83.965373148, 42.9111619458 ], [ -83.948270829, 42.9115372267 ] ] } },
{ "type": "Feature", "properties": { "PR": "0555909", "Aadt": 3010, "AadtCommercial": 72, "FacilityType": 2, "Year": "2024", "LocationId": "76-5084" }, "geometry": { "type": "LineString", "coordinates": [ [ -83.9443943116, 42.8239785945 ], [ -83.9444340088, 42.8252509158 ], [ -83.9445258883, 42.8265030824 ], [ -83.9445687904, 42.8277873435 ], [ -83.944723321, 42.830930506 ], [ -83.9447408949, 42.8312636251 ], [ -83.9448369496, 42.8331832737 ], [ -83.9450994912, 42.8385613539 ], [ -83.94537639, 42.8429702565 ], [ -83.9455047594, 42.8458582175 ], [ -83.9459297997, 42.853114881 ], [ -83.945926959, 42.853211565 ], [ -83.9464968593, 42.8634227576 ], [ -83.9467247363, 42.867369301 ], [ -83.9468263049, 42.8679864369 ], [ -83.9468676155, 42.8683944151 ], [ -83.9469165468, 42.8690375079 ], [ -83.9469887119, 42.8708316908 ], [ -83.9470925339, 42.8748676778 ], [ -83.9471071047, 42.8752246918 ], [ -83.947114226, 42.8754073304 ], [ -83.9473899999, 42.8824800505 ], [ -83.9476755306, 42.8911649009 ], [ -83.9478804736, 42.8969942537 ], [ -83.948270829, 42.9115372267 ] ] } },
{ "type": "Feature", "properties": { "PR": "1502207", "Aadt": 3490, "AadtCommercial": null, "FacilityType": 4, "Year": "2024", "LocationId": "25-0608" }, "geometry": { "type": "LineString", "coordinates": [ [ -83.7631854264, 43.0606437933 ], [ -83.7635658649, 43.0607877975 ], [ -83.7637556026, 43.0608442909 ], [ -83.7638966044, 43.0609224375 ], [ -83.7639721799, 43.0609970195 ], [ -83.7640301143, 43.0610673372 ], [ -83.7640648293, 43.0611398065 ], [ -83.7640887293, 43.0612159778 ], [ -83.7640922152, 43.0613080505 ], [ -83.7640517573, 43.0614303181 ], [ -83.763970176, 43.0615297979 ], [ -83.7638707855, 43.06162453 ], [ -83.763724123, 43.0617007465 ], [ -83.7635491242, 43.0617324506 ], [ -83.7633805989, 43.0617510961 ], [ -83.7632489823, 43.0617440989 ], [ -83.7631010112, 43.061692826 ], [ -83.7629248663, 43.061592648 ], [ -83.7627689535, 43.0614313362 ], [ -83.7626350758, 43.0610750816 ] ] } },
{ "type": "Feature", "properties": { "PR": "1497102", "Aadt": 12530, "AadtCommercial": 339, "FacilityType": 2, "Year": "2024", "LocationId": "25-5371" }, "geometry": { "type": "LineString", "coordinates": [ [ -83.6674283518, 42.9600176514 ], [ -83.6688028227, 42.9612514745 ], [ -83.6691513071, 42.9615617206 ], [ -83.6693691571, 42.9617924409 ], [ -83.6696658479, 42.9621840075 ], [ -83.6697774709, 42.9623709385 ], [ -83.670116053, 42.9629041038 ], [ -83.6702402312, 42.9630741316 ], [ -83.6707136577, 42.9637839875 ], [ -83.6710021164, 42.9642549918 ], [ -83.6711264097, 42.9645358062 ], [ -83.6713147732, 42.9648597691 ], [ -83.671536967, 42.9653551328 ], [ -83.6716281465, 42.9657630238 ], [ -83.6717130472, 42.9664650335 ], [ -83.6717270244, 42.9666460402 ], [ -83.6717773693, 42.9671895854 ], [ -83.6718835667, 42.9679269796 ], [ -83.6719669337, 42.9686376634 ], [ -83.6720582308, 42.9693468859 ], [ -83.6721468698, 42.9700720077 ], [ -83.6721980932, 42.9707702838 ], [ -83.6722998311, 42.971491985 ], [ -83.6723269492, 42.9719953044 ], [ -83.6723434321, 42.9722068093 ], [ -83.6724541041, 42.9729575213 ], [ -83.6725346908, 42.9737070933 ], [ -83.672640779, 42.9744348221 ] ] } },
{ "type": "Feature", "properties": { "PR": "0555909", "Aadt": 3439, "AadtCommercial": 98, "FacilityType": 2, "Year": "2024", "LocationId": "76-5160" }, "geometry": { "type": "LineString", "coordinates": [ [ -83.948270829, 42.9115372267 ], [ -83.9484194117, 42.916726416 ], [ -83.9484694526, 42.91885087 ], [ -83.9484782504, 42.9190943659 ], [ -83.9486813421, 42.9260525341 ], [ -83.9488072142, 42.9296383822 ], [ -83.9488964606, 42.9319322922 ], [ -83.9489415822, 42.9328697965 ], [ -83.9490066675, 42.9332680703 ] ] } },
{ "type": "Feature", "properties": { "PR": "1495607", "Aadt": 4094, "AadtCommercial": 118, "FacilityType": 2, "Year": "2024", "LocationId": "25-5136" }, "geometry": { "type": "LineString", "coordinates": [ [ -83.8506112262, 42.9661092639 ], [ -83.8505884368, 42.9705439481 ], [ -83.8506435299, 42.9712884556 ], [ -83.8507051555, 42.9715361408 ], [ -83.8510790973, 42.9724169796 ], [ -83.8543615966, 42.9792005314 ], [ -83.8555058115, 42.9814890121 ], [ -83.8578761737, 42.9861180885 ], [ -83.8588232537, 42.9881749073 ], [ -83.8603021508, 42.9912809768 ], [ -83.8606461037, 42.9920754041 ], [ -83.8608238064, 42.9925502761 ], [ -83.8608360778, 42.9929227513 ], [ -83.8608395532, 42.9932834978 ], [ -83.8609381903, 43.000339834 ], [ -83.8609311751, 43.0006476515 ], [ -83.8609307247, 43.0007826565 ], [ -83.8609870859, 43.0021016477 ], [ -83.860998601, 43.0044101328 ], [ -83.8610810276, 43.007220125 ], [ -83.8610755411, 43.0080658102 ], [ -83.8612031065, 43.0153316549 ], [ -83.861298251, 43.0191830681 ], [ -83.8613705987, 43.0226973821 ], [ -83.8614533094, 43.0263668556 ], [ -83.8615556372, 43.0300036758 ] ] } },
{ "type": "Feature", "properties": { "PR": "1498202", "Aadt": 4360, "AadtCommercial": null, "FacilityType": 4, "Year": "2024", "LocationId": "25-0612" }, "geometry": { "type": "LineString", "coordinates": [ [ -83.7632595211, 43.1166651793 ], [ -83.763111795, 43.1170379927 ], [ -83.7624528901, 43.1188637035 ], [ -83.7624426698, 43.118973949 ] ] } },
{ "type": "Feature", "properties": { "PR": "1502804", "Aadt": 1436, "AadtCommercial": null, "FacilityType": 4, "Year": "2024", "LocationId": "25-3672" }, "geometry": { "type": "LineString", "coordinates": [ [ -83.7253564138, 42.808461997 ], [ -83.7255905204, 42.8080743618 ], [ -83.7257512263, 42.807839792 ], [ -83.7259668071, 42.8076622822 ], [ -83.7261320708, 42.8075606962 ], [ -83.7263345235, 42.807480842 ], [ -83.7266920413, 42.8074460774 ], [ -83.7269950145, 42.8074731621 ], [ -83.7272544282, 42.8075437777 ], [ -83.7280713201, 42.8079074991 ], [ -83.7282763306, 42.808028322 ] ] } },
{ "type": "Feature", "properties": { "PR": "0765506", "Aadt": 1969, "AadtCommercial": 56, "FacilityType": 2, "Year": "2024", "LocationId": "44-5073" }, "geometry": { "type": "LineString", "coordinates": [ [ -83.4581950576, 43.2138511344 ], [ -83.4573086251, 43.2138433904 ], [ -83.4563102119, 43.2138313892 ], [ -83.4545015234, 43.2138364098 ] ] } },
{ "type": "Feature", "properties": { "PR": "1502803", "Aadt": 3474, "AadtCommercial": null, "FacilityType": 4, "Year": "2024", "LocationId": "25-3673" }, "geometry": { "type": "LineString", "coordinates": [ [ -83.7283778058, 42.807898724 ], [ -83.7281585675, 42.8078602945 ], [ -83.7275080768, 42.8075637927 ], [ -83.727433416, 42.807532801 ], [ -83.7271658075, 42.8073626398 ], [ -83.7268943442, 42.8071144232 ], [ -83.7267774341, 42.8069372094 ], [ -83.726716439, 42.8067890995 ], [ -83.7266988478, 42.8067187781 ], [ -83.726650884, 42.8065080053 ], [ -83.7266365715, 42.8063818185 ], [ -83.7266409839, 42.8062630038 ], [ -83.7266756891, 42.8060958375 ], [ -83.7267594115, 42.8058876936 ], [ -83.7269654321, 42.8054816977 ] ] } },
{ "type": "Feature", "properties": { "PR": "1519309", "Aadt": 11300, "AadtCommercial": 317, "FacilityType": 2, "Year": "2024", "LocationId": "25-5287" }, "geometry": { "type": "LineString", "coordinates": [ [ -83.697135851, 42.8858036773 ], [ -83.6933499228, 42.8858236696 ], [ -83.6913377097, 42.885839768 ], [ -83.6901522106, 42.8858560776 ], [ -83.6899487221, 42.8858561248 ], [ -83.6898842961, 42.8858568832 ], [ -83.6873108749, 42.8858709217 ], [ -83.6859487011, 42.8858859503 ], [ -83.6829983381, 42.8859143826 ], [ -83.6801512133, 42.885941748 ], [ -83.6715631739, 42.8860567243 ], [ -83.6708987123, 42.886065593 ], [ -83.6703249583, 42.8860762493 ], [ -83.6672089224, 42.886137778 ], [ -83.66535387, 42.8861592023 ], [ -83.6604481043, 42.8862402505 ], [ -83.6582560947, 42.8862998641 ], [ -83.6554516894, 42.8863760711 ] ] } },
{ "type": "Feature", "properties": { "PR": "1510803", "Aadt": 11226, "AadtCommercial": 314, "FacilityType": 2, "Year": "2024", "LocationId": "25-5288" }, "geometry": { "type": "LineString", "coordinates": [ [ -83.6909718411, 42.9149736014 ], [ -83.6911114475, 42.9184380136 ], [ -83.6911727622, 42.9199912134 ], [ -83.6912416373, 42.9220051638 ], [ -83.691335183, 42.9241415448 ], [ -83.6915006581, 42.9273715786 ], [ -83.691515378, 42.9278539901 ] ] } },
{ "type": "Feature", "properties": { "PR": "1497102", "Aadt": 29051, "AadtCommercial": 784, "FacilityType": 2, "Year": "2024", "LocationId": "25-5148" }, "geometry": { "type": "LineString", "coordinates": [ [ -83.604343875, 42.9090580408 ], [ -83.6047392568, 42.9094493654 ], [ -83.6049549085, 42.9096363051 ], [ -83.6054747759, 42.9100568105 ], [ -83.6066352996, 42.9108418783 ], [ -83.6074964309, 42.9114215793 ], [ -83.611218255, 42.9140047614 ], [ -83.611421149, 42.914144629 ], [ -83.6116846012, 42.9143262401 ], [ -83.6120019422, 42.9145325198 ], [ -83.6125721518, 42.9149031649 ], [ -83.6141358879, 42.9159543479 ], [ -83.6142389025, 42.9160235955 ], [ -83.6163469516, 42.9173666627 ], [ -83.6167944322, 42.9176421034 ], [ -83.6168286711, 42.917663179 ], [ -83.6188347719, 42.9189264209 ], [ -83.6200318227, 42.9197490571 ], [ -83.6206418694, 42.9201753002 ], [ -83.621731648, 42.9209634467 ], [ -83.6219621528, 42.9211301478 ], [ -83.6223944423, 42.9214552718 ], [ -83.6224615194, 42.9215039534 ], [ -83.6242627811, 42.9228113081 ], [ -83.6245190063, 42.9230009179 ], [ -83.6249154049, 42.9232942528 ], [ -83.6250461474, 42.9234315306 ], [ -83.6259582503, 42.9241062216 ] ] } },
{ "type": "Feature", "properties": { "PR": "1509709", "Aadt": 5656, "AadtCommercial": 159, "FacilityType": 2, "Year": "2024", "LocationId": "25-5115" }, "geometry": { "type": "LineString", "coordinates": [ [ -83.9298188834, 42.9499818984 ], [ -83.9297727291, 42.9501483862 ], [ -83.9297618092, 42.9503356475 ], [ -83.9298168879, 42.9516805426 ], [ -83.9298044605, 42.9536058522 ], [ -83.9296556699, 42.9550603271 ], [ -83.9293691295, 42.9565037409 ] ] } },
{ "type": "Feature", "properties": { "PR": "1519809", "Aadt": 4480, "AadtCommercial": 123, "FacilityType": 2, "Year": "2024", "LocationId": "25-5189" }, "geometry": { "type": "LineString", "coordinates": [ [ -83.8313607601, 42.941816869 ], [ -83.8210668176, 42.94224964 ], [ -83.8164945346, 42.9424752319 ], [ -83.8141235631, 42.9425820933 ], [ -83.8122502838, 42.942656126 ], [ -83.8122043072, 42.9426560007 ], [ -83.812082046, 42.9426648051 ], [ -83.8119756542, 42.9426734708 ], [ -83.8118502576, 42.9426820062 ], [ -83.8117358035, 42.942689323 ], [ -83.8116206239, 42.942695196 ], [ -83.8115070332, 42.9427001457 ], [ -83.8113901232, 42.9427036015 ], [ -83.8112654328, 42.9427069065 ], [ -83.8111848989, 42.9427091606 ], [ -83.8110997256, 42.9426960709 ], [ -83.8110275875, 42.9426813267 ], [ -83.8109565173, 42.942664498 ], [ -83.8108715922, 42.9426354448 ], [ -83.8108293907, 42.9426175205 ] ] } },
{ "type": "Feature", "properties": { "PR": "1502807", "Aadt": 11965, "AadtCommercial": 336, "FacilityType": 2, "Year": "2024", "LocationId": "25-5299" }, "geometry": { "type": "LineString", "coordinates": [ [ -83.7396756115, 42.8630196604 ], [ -83.7387247267, 42.8630038162 ], [ -83.7360420973, 42.862976182 ], [ -83.7359916519, 42.8629756617 ], [ -83.7342032305, 42.8629721913 ], [ -83.7316422153, 42.8629475545 ], [ -83.7292739633, 42.8629492999 ] ] } },
{ "type": "Feature", "properties": { "PR": "1511203", "Aadt": 2331, "AadtCommercial": 67, "FacilityType": 2, "Year": "2024", "LocationId": "25-5180" }, "geometry": { "type": "LineString", "coordinates": [ [ -83.7826148451, 42.8258305517 ], [ -83.7804097007, 42.8258626882 ], [ -83.7785890805, 42.8258361875 ], [ -83.7739459634, 42.8258827997 ], [ -83.7715307784, 42.8258897226 ], [ -83.7677701043, 42.8259171476 ] ] } },
{ "type": "Feature", "properties": { "PR": "1497804", "Aadt": 39672, "AadtCommercial": 2619, "FacilityType": 2, "Year": "2024", "LocationId": "25-0475" }, "geometry": { "type": "LineString", "coordinates": [ [ -83.67797922, 42.9193713995 ], [ -83.6781857856, 42.9195684092 ], [ -83.6788536858, 42.9203919955 ], [ -83.6797991433, 42.9215665988 ], [ -83.6802123653, 42.9220272906 ], [ -83.6804831022, 42.922263062 ], [ -83.6805695697, 42.9223429452 ], [ -83.680818887, 42.9225536103 ], [ -83.6810007879, 42.9227068184 ], [ -83.6814502714, 42.9230146611 ], [ -83.6817840611, 42.923210613 ], [ -83.6820524932, 42.9233600022 ], [ -83.6824202917, 42.9235443164 ], [ -83.6834207695, 42.9240088102 ], [ -83.6843885031, 42.9244520698 ], [ -83.6861252719, 42.925268721 ], [ -83.6870428923, 42.9257068215 ], [ -83.6875675192, 42.92599524 ], [ -83.6880696786, 42.9262637672 ], [ -83.6884542027, 42.9265081072 ], [ -83.6890290146, 42.9268794284 ], [ -83.6893097553, 42.92706078 ], [ -83.6899026257, 42.9274914514 ], [ -83.6899963496, 42.9275591182 ], [ -83.691556083, 42.9286840795 ], [ -83.6924709924, 42.9293456742 ], [ -83.6995946973, 42.9345085348 ], [ -83.7030064734, 42.9369845369 ], [ -83.7055659093, 42.9388433403 ], [ -83.7103375521, 42.942308321 ], [ -83.7120490441, 42.9435422738 ], [ -83.7129360564, 42.9441918223 ], [ -83.7139197242, 42.9449386359 ], [ -83.7174910238, 42.9474998803 ], [ -83.7177257209, 42.9476681886 ], [ -83.7186074321, 42.9482970539 ], [ -83.7202260663, 42.949502418 ], [ -83.7207415365, 42.9499486476 ], [ -83.7210367388, 42.9502331741 ], [ -83.72137799, 42.9505950108 ], [ -83.7216708524, 42.9509423928 ], [ -83.7224381372, 42.9519595231 ], [ -83.7229867934, 42.9528937829 ], [ -83.7238266415, 42.9545549442 ] ] } },
{ "type": "Feature", "properties": { "PR": "1507803", "Aadt": 944, "AadtCommercial": 28, "FacilityType": 2, "Year": "2024", "LocationId": "25-5129" }, "geometry": { "type": "LineString", "coordinates": [ [ -83.6240524883, 42.989648836 ], [ -83.6241754027, 42.9928719111 ], [ -83.6241986297, 42.9935426324 ], [ -83.6243727482, 42.997140093 ], [ -83.6243898635, 42.997808907 ], [ -83.6244471776, 42.9996037522 ], [ -83.624463348, 43.0000293551 ], [ -83.6245486597, 43.0016221619 ], [ -83.6246681978, 43.0041470162 ] ] } },
{ "type": "Feature", "properties": { "PR": "1498109", "Aadt": 2709, "AadtCommercial": null, "FacilityType": 4, "Year": "2024", "LocationId": "25-0655" }, "geometry": { "type": "LineString", "coordinates": [ [ -83.7583071905, 43.096935849 ], [ -83.7592252581, 43.0972167935 ], [ -83.7610040912, 43.0978198934 ], [ -83.7614212039, 43.0978940713 ], [ -83.7618282712, 43.0979153057 ], [ -83.7622303147, 43.0979100687 ], [ -83.7625918593, 43.0978644727 ], [ -83.7630092871, 43.0977563167 ], [ -83.7633053952, 43.097643585 ], [ -83.7634843634, 43.0975700481 ], [ -83.7635948295, 43.0975019062 ], [ -83.7637969734, 43.0973872285 ], [ -83.7639822677, 43.0972414512 ], [ -83.7641617287, 43.0970911626 ], [ -83.7642929187, 43.096948711 ], [ -83.7644317173, 43.0967624576 ], [ -83.7645285621, 43.0965753746 ], [ -83.7646317221, 43.0963796267 ], [ -83.7646679866, 43.0962089293 ], [ -83.7647183357, 43.09598137 ], [ -83.7647262489, 43.09576616 ], [ -83.7646986869, 43.0955370631 ], [ -83.7645846201, 43.0952139585 ], [ -83.7645018287, 43.0950189331 ], [ -83.7642534751, 43.0945964817 ], [ -83.7637874051, 43.0938972233 ], [ -83.7636354489, 43.0936261115 ], [ -83.7635453776, 43.0934661037 ], [ -83.7634219185, 43.0930724885 ], [ -83.7632084147, 43.0922524544 ] ] } },
{ "type": "Feature", "properties": { "PR": "3250629", "Aadt": 797, "AadtCommercial": 24, "FacilityType": 2, "Year": "2024", "LocationId": "25-7119" }, "geometry": { "type": "LineString", "coordinates": [ [ -83.5204916932, 43.0291322423 ], [ -83.5204414922, 43.029154328 ], [ -83.51916299, 43.0292068257 ] ] } },
{ "type": "Feature", "properties": { "PR": "1495110", "Aadt": 16399, "AadtCommercial": 459, "FacilityType": 2, "Year": "2024", "LocationId": "25-7081" }, "geometry": { "type": "LineString", "coordinates": [ [ -83.5953382412, 43.0194320574 ], [ -83.595343405, 43.0197629813 ], [ -83.5953558613, 43.0204923474 ], [ -83.5953886621, 43.021504269 ], [ -83.5954004965, 43.0217536075 ], [ -83.5954017423, 43.0220065478 ], [ -83.5953870688, 43.0224529771 ], [ -83.5954172591, 43.0231262846 ], [ -83.5954596488, 43.0249428877 ], [ -83.5954901104, 43.0263414744 ], [ -83.5955648596, 43.0299879768 ], [ -83.5956998197, 43.0336418974 ] ] } },
{ "type": "Feature", "properties": { "PR": "1500603", "Aadt": 3040, "AadtCommercial": null, "FacilityType": 4, "Year": "2024", "LocationId": "25-0489" }, "geometry": { "type": "LineString", "coordinates": [ [ -83.6942036207, 43.0978157642 ], [ -83.6940726318, 43.0978219229 ], [ -83.6939161015, 43.0978330354 ], [ -83.6937439723, 43.09784383 ], [ -83.6935504482, 43.0978527592 ], [ -83.6933426225, 43.0978571774 ], [ -83.6931838892, 43.0978577572 ], [ -83.6930341677, 43.0978565432 ], [ -83.6928874388, 43.0978536253 ], [ -83.692750985, 43.0978498924 ], [ -83.6926457277, 43.097846794 ], [ -83.6925391212, 43.0978407378 ], [ -83.6924406679, 43.0978340361 ], [ -83.6923356648, 43.0978242706 ], [ -83.6922299069, 43.0978129871 ], [ -83.6921245402, 43.0977999486 ], [ -83.6920192422, 43.0977850991 ], [ -83.6919076667, 43.0977659753 ], [ -83.6917823708, 43.0977424489 ], [ -83.6916674746, 43.0977191344 ], [ -83.6915379293, 43.0976902056 ], [ -83.6914220232, 43.0976592433 ], [ -83.691117025, 43.0975658684 ], [ -83.6907108232, 43.097425901 ], [ -83.6901562052, 43.0972074554 ] ] } },
{ "type": "Feature", "properties": { "PR": "0552503", "Aadt": 854, "AadtCommercial": 26, "FacilityType": 2, "Year": "2024", "LocationId": "76-5087" }, "geometry": { "type": "LineString", "coordinates": [ [ -84.0334888199, 42.8368239214 ], [ -84.0295035079, 42.8298471697 ], [ -84.0293611654, 42.829725893 ], [ -84.0291861856, 42.8296782859 ], [ -84.0288641918, 42.8296540914 ], [ -84.0233255378, 42.8297061851 ], [ -84.0134816936, 42.8299089588 ] ] } },
{ "type": "Feature", "properties": { "PR": "1498002", "Aadt": 4723, "AadtCommercial": null, "FacilityType": 4, "Year": "2024", "LocationId": "25-0803" }, "geometry": { "type": "LineString", "coordinates": [ [ -83.7352113355, 42.9871755444 ], [ -83.7365445651, 42.9880919996 ] ] } },
{ "type": "Feature", "properties": { "PR": "5494812", "Aadt": 1849, "AadtCommercial": 53, "FacilityType": 2, "Year": "2024", "LocationId": "25-5621" }, "geometry": { "type": "LineString", "coordinates": [ [ -83.7061318866, 43.007744889 ], [ -83.7041402377, 43.0086488383 ], [ -83.702954273, 43.0091944019 ], [ -83.7017803379, 43.0097058633 ], [ -83.7007488122, 43.0101936576 ], [ -83.6998646021, 43.0105486718 ], [ -83.6994743762, 43.010716777 ], [ -83.6992574452, 43.0108037418 ], [ -83.6984903693, 43.0111387426 ], [ -83.69684219, 43.0118203027 ], [ -83.6953119031, 43.0124719041 ], [ -83.6947581264, 43.0127073197 ], [ -83.6944802591, 43.0128325628 ], [ -83.6937011861, 43.0132252032 ], [ -83.6924283872, 43.0138081394 ], [ -83.6911667194, 43.0143712948 ], [ -83.690545911, 43.0146688007 ], [ -83.6898395475, 43.0149921896 ], [ -83.6893295677, 43.0152429249 ], [ -83.6885738131, 43.0155870986 ], [ -83.6872986445, 43.0161688107 ], [ -83.6859800563, 43.0167653543 ], [ -83.6847262708, 43.0173306937 ], [ -83.6843693165, 43.0175049266 ], [ -83.6841563885, 43.017595507 ], [ -83.6838791384, 43.0177327109 ] ] } },
{ "type": "Feature", "properties": { "PR": "5500969", "Aadt": 264, "AadtCommercial": 7, "FacilityType": 2, "Year": "2024", "LocationId": "25-6706" }, "geometry": { "type": "LineString", "coordinates": [ [ -83.6934474051, 43.0202523228 ], [ -83.692290183, 43.0202563504 ] ] } },
{ "type": "Feature", "properties": { "PR": "1867805", "Aadt": 2198, "AadtCommercial": null, "FacilityType": 4, "Year": "2024", "LocationId": "25-0533" }, "geometry": { "type": "LineString", "coordinates": [ [ -83.6487234837, 42.9080493431 ], [ -83.6486623519, 42.9080286465 ], [ -83.6486115231, 42.908009364 ], [ -83.6485508535, 42.9079851917 ], [ -83.6485016012, 42.9079661545 ], [ -83.6484503477, 42.9079432013 ], [ -83.648360606, 42.907890806 ], [ -83.6482834777, 42.9078308079 ], [ -83.6482112553, 42.9077697201 ], [ -83.6481206475, 42.9076808404 ], [ -83.6476736639, 42.9072562303 ], [ -83.6475952091, 42.9071717738 ], [ -83.6475487284, 42.907107407 ], [ -83.6475112506, 42.9070365551 ], [ -83.647482955, 42.9069630333 ], [ -83.6474699142, 42.9068891145 ], [ -83.6474646565, 42.9068151189 ], [ -83.6474714491, 42.9067229018 ], [ -83.6474909019, 42.9066386952 ], [ -83.6475232729, 42.9065558303 ], [ -83.6475649405, 42.9064841218 ], [ -83.6476212366, 42.9064114069 ], [ -83.6476789499, 42.9063524257 ], [ -83.6477486903, 42.9062926227 ], [ -83.6478276069, 42.9062387307 ], [ -83.6479266261, 42.9061847804 ], [ -83.6480267622, 42.906143962 ], [ -83.6481461056, 42.906109501 ], [ -83.6482871319, 42.9060845487 ], [ -83.6484094555, 42.9060737456 ], [ -83.648531267, 42.9060762791 ], [ -83.6486496267, 42.9060842231 ], [ -83.6487622366, 42.9061068236 ], [ -83.6488776544, 42.9061406858 ], [ -83.6489606031, 42.906175778 ], [ -83.649048108, 42.9062188308 ], [ -83.6491274963, 42.9062621913 ], [ -83.6492098956, 42.9063115733 ], [ -83.6496522492, 42.906642678 ] ] } },
{ "type": "Feature", "properties": { "PR": "1501310", "Aadt": 4761, "AadtCommercial": null, "FacilityType": 4, "Year": "2024", "LocationId": "25-4024" }, "geometry": { "type": "LineString", "coordinates": [ [ -83.681699873, 42.9841333593 ], [ -83.6823513309, 42.9860486542 ] ] } },
{ "type": "Feature", "properties": { "PR": "1502806", "Aadt": 3384, "AadtCommercial": null, "FacilityType": 4, "Year": "2024", "LocationId": "25-0685" }, "geometry": { "type": "LineString", "coordinates": [ [ -83.7408484739, 42.8630193117 ], [ -83.7402170691, 42.8618887644 ], [ -83.7401294245, 42.8617212694 ], [ -83.7400595512, 42.8615376578 ], [ -83.7400000279, 42.8613624902 ], [ -83.7399425587, 42.8611451832 ] ] } },
{ "type": "Feature", "properties": { "PR": "0268002", "Aadt": 3026, "AadtCommercial": 87, "FacilityType": 2, "Year": "2024", "LocationId": "79-5026" }, "geometry": { "type": "LineString", "coordinates": [ [ -83.6606602572, 43.2217810104 ], [ -83.6606476952, 43.2226769045 ], [ -83.660640911, 43.2235657962 ], [ -83.6606668811, 43.2243185896 ], [ -83.6607186227, 43.225173685 ], [ -83.660750075, 43.2258788478 ], [ -83.6608243885, 43.2274385671 ], [ -83.6608495031, 43.2280716115 ], [ -83.6609419079, 43.2306471876 ], [ -83.6610113403, 43.2339316898 ], [ -83.6610673429, 43.2366131706 ], [ -83.6610802103, 43.2402351717 ], [ -83.6610765322, 43.2412985245 ], [ -83.6611028487, 43.2419424895 ], [ -83.6611149444, 43.2439487472 ], [ -83.6611343501, 43.2455463109 ], [ -83.6611475442, 43.2469788308 ], [ -83.6611492048, 43.2476717194 ], [ -83.6611746163, 43.2498385634 ], [ -83.6612139759, 43.2512844388 ], [ -83.6612989295, 43.2523318261 ], [ -83.6613780678, 43.2532678249 ], [ -83.6615957371, 43.2550562084 ], [ -83.6616503389, 43.2556051231 ], [ -83.661932569, 43.2586525057 ], [ -83.6620104634, 43.2623452054 ], [ -83.6620121636, 43.2628179425 ], [ -83.6620839244, 43.2659935395 ], [ -83.6621100076, 43.2678818857 ], [ -83.6622562113, 43.2733268593 ], [ -83.6623107061, 43.2766919379 ], [ -83.6623181172, 43.276961593 ], [ -83.6623366221, 43.2805747641 ], [ -83.6623875619, 43.284272458 ], [ -83.6624023756, 43.2848343494 ], [ -83.6624399499, 43.2879166816 ], [ -83.6624897339, 43.2915626432 ], [ -83.6625216444, 43.2938310913 ], [ -83.6625349801, 43.295182835 ], [ -83.6625708543, 43.2979861139 ], [ -83.6625710436, 43.2983136936 ], [ -83.6625981902, 43.3024515132 ], [ -83.6626138928, 43.3054187416 ], [ -83.6625906839, 43.3060710062 ], [ -83.6625801153, 43.3061932216 ], [ -83.6625708358, 43.3063325469 ], [ -83.6625371157, 43.3065580967 ], [ -83.6624696816, 43.3067421975 ], [ -83.6624369823, 43.3068424953 ], [ -83.6613376448, 43.3087992854 ], [ -83.6603159217, 43.3105819239 ], [ -83.6582341043, 43.314252427 ], [ -83.6567849128, 43.3168362431 ], [ -83.6566698346, 43.3170646327 ], [ -83.656604473, 43.3172436295 ], [ -83.6565558607, 43.3174016409 ], [ -83.6565236463, 43.3176162281 ], [ -83.6565249835, 43.3179245896 ], [ -83.6566553569, 43.3192628311 ], [ -83.65685772, 43.3215103948 ], [ -83.6569199847, 43.3221848467 ], [ -83.657080002, 43.3238065588 ], [ -83.6571042156, 43.3240159542 ], [ -83.657127707, 43.3243923371 ], [ -83.6572046232, 43.3253838125 ], [ -83.6572828953, 43.3262798598 ] ] } },
{ "type": "Feature", "properties": { "PR": "1498002", "Aadt": 21214, "AadtCommercial": null, "FacilityType": 4, "Year": "2024", "LocationId": "25-4640" }, "geometry": { "type": "LineString", "coordinates": [ [ -83.7275649553, 42.9862340188 ], [ -83.7278917154, 42.9862096398 ], [ -83.7282639624, 42.9861582104 ], [ -83.7287930971, 42.9860374288 ], [ -83.7299880581, 42.985814056 ] ] } },
{ "type": "Feature", "properties": { "PR": "1495202", "Aadt": 6419, "AadtCommercial": null, "FacilityType": 4, "Year": "2024", "LocationId": "25-0437" }, "geometry": { "type": "LineString", "coordinates": [ [ -83.5623593096, 43.0161538408 ], [ -83.5606542414, 43.0160828691 ], [ -83.5601560585, 43.0160502562 ], [ -83.5596821887, 43.0159689309 ], [ -83.5592766722, 43.0158562527 ], [ -83.5587039953, 43.0156360311 ], [ -83.5576011511, 43.0150652043 ], [ -83.5573380394, 43.0149337083 ], [ -83.5571180885, 43.0148414364 ], [ -83.5568514767, 43.0147973917 ], [ -83.5566575979, 43.0147986799 ], [ -83.5556095087, 43.0147986126 ] ] } },
{ "type": "Feature", "properties": { "PR": "0481406", "Aadt": 4935, "AadtCommercial": 357, "FacilityType": 2, "Year": "2024", "LocationId": "25-0015" }, "geometry": { "type": "LineString", "coordinates": [ [ -83.9290723373, 43.1327826921 ], [ -83.929168719, 43.135710039 ], [ -83.9294189821, 43.1419835041 ], [ -83.9296207381, 43.1472091482 ], [ -83.9297519914, 43.1506623999 ], [ -83.9298887534, 43.1542771116 ], [ -83.9301678426, 43.1616722527 ], [ -83.9304594987, 43.1706486479 ], [ -83.9306285311, 43.1760985484 ] ] } },
{ "type": "Feature", "properties": { "PR": "1499310", "Aadt": 2188, "AadtCommercial": 84, "FacilityType": 1, "Year": "2024", "LocationId": "25-4079" }, "geometry": { "type": "LineString", "coordinates": [ [ -83.6879112829, 43.0067888269 ], [ -83.6865097214, 43.0076420321 ], [ -83.6859669826, 43.0079658588 ], [ -83.6853705826, 43.0082970753 ], [ -83.6850690648, 43.0085857966 ], [ -83.6846543292, 43.0090636173 ], [ -83.6843590864, 43.0092664004 ] ] } },
{ "type": "Feature", "properties": { "PR": "1497102", "Aadt": 3589, "AadtCommercial": 97, "FacilityType": 2, "Year": "2024", "LocationId": "73-0095" }, "geometry": { "type": "LineString", "coordinates": [ [ -83.7347847202, 43.2043205388 ], [ -83.7347885039, 43.2064477508 ], [ -83.7348953791, 43.2190764205 ], [ -83.7349240618, 43.2199295532 ], [ -83.7349682609, 43.2205024997 ], [ -83.7350474028, 43.221334065 ] ] } },
{ "type": "Feature", "properties": { "PR": "1497508", "Aadt": 1820, "AadtCommercial": 53, "FacilityType": 2, "Year": "2024", "LocationId": "25-6761" }, "geometry": { "type": "LineString", "coordinates": [ [ -83.6973046003, 43.0439070288 ], [ -83.6951607489, 43.0432609959 ], [ -83.6948994987, 43.0431976625 ], [ -83.6946964266, 43.0431645196 ], [ -83.6944467024, 43.0431449306 ], [ -83.6938139267, 43.043118783 ], [ -83.6928177076, 43.0431055732 ], [ -83.6906390206, 43.0430914809 ], [ -83.6904763794, 43.0431251084 ], [ -83.6902921468, 43.0432004303 ], [ -83.6882544396, 43.0431628385 ] ] } },
{ "type": "Feature", "properties": { "PR": "1844301", "Aadt": 3698, "AadtCommercial": null, "FacilityType": 4, "Year": "2024", "LocationId": "25-4119" }, "geometry": { "type": "LineString", "coordinates": [ [ -83.6830125648, 43.0225246875 ], [ -83.681380411, 43.023994356 ] ] } },
{ "type": "Feature", "properties": { "PR": "1495506", "Aadt": 2445, "AadtCommercial": null, "FacilityType": 4, "Year": "2024", "LocationId": "25-0307" }, "geometry": { "type": "LineString", "coordinates": [ [ -83.5882274038, 43.0198410456 ], [ -83.5893684817, 43.0199287604 ], [ -83.5897653742, 43.0199592668 ], [ -83.5902469511, 43.0200214909 ], [ -83.5909020485, 43.0201740301 ], [ -83.5914780823, 43.0203855201 ], [ -83.5921560098, 43.0207074557 ], [ -83.5934825677, 43.02134636 ], [ -83.5937502925, 43.0214430059 ], [ -83.5940016896, 43.0215046536 ], [ -83.5953886621, 43.021504269 ] ] } },
{ "type": "Feature", "properties": { "PR": "1498104", "Aadt": 6078, "AadtCommercial": 170, "FacilityType": 2, "Year": "2024", "LocationId": "25-6791" }, "geometry": { "type": "LineString", "coordinates": [ [ -83.7334233423, 43.0750877294 ], [ -83.7288423139, 43.0751124371 ], [ -83.7244750496, 43.0751554628 ], [ -83.7243393731, 43.0751676046 ], [ -83.7235079182, 43.0751632783 ] ] } },
{ "type": "Feature", "properties": { "PR": "1495510", "Aadt": 4953, "AadtCommercial": null, "FacilityType": 4, "Year": "2024", "LocationId": "25-0450" }, "geometry": { "type": "LineString", "coordinates": [ [ -83.5175162247, 43.0140188408 ], [ -83.5177290357, 43.0134489187 ], [ -83.5178633412, 43.0132424388 ], [ -83.5180639837, 43.0130558908 ], [ -83.5183985521, 43.0128784363 ], [ -83.5191211296, 43.0126540431 ], [ -83.5200688732, 43.0124653724 ], [ -83.5213560529, 43.0121855707 ], [ -83.5229143203, 43.0118439284 ], [ -83.5239209915, 43.0116503551 ], [ -83.5251230207, 43.0115555152 ] ] } },
{ "type": "Feature", "properties": { "PR": "3251558", "Aadt": 3361, "AadtCommercial": 94, "FacilityType": 2, "Year": "2024", "LocationId": "25-5519" }, "geometry": { "type": "LineString", "coordinates": [ [ -83.7735038598, 43.0896566178 ], [ -83.773506321, 43.0933196463 ], [ -83.7734945614, 43.0969308899 ], [ -83.7736367455, 43.1039547058 ], [ -83.7736481777, 43.1043108383 ], [ -83.7736795744, 43.111485859 ], [ -83.773765608, 43.1179107557 ], [ -83.7737777961, 43.1188326558 ] ] } },
{ "type": "Feature", "properties": { "PR": "1499408", "Aadt": 3885, "AadtCommercial": 109, "FacilityType": 2, "Year": "2024", "LocationId": "25-6658" }, "geometry": { "type": "LineString", "coordinates": [ [ -83.7018024263, 43.0121373108 ], [ -83.6987433309, 43.0135396614 ], [ -83.698548909, 43.0136315696 ], [ -83.6979687426, 43.0138826142 ], [ -83.6958767149, 43.0148184981 ], [ -83.6947415009, 43.0153085952 ], [ -83.6940012124, 43.0156741294 ], [ -83.6927501086, 43.0162306732 ], [ -83.6921110976, 43.0165150847 ], [ -83.6914247183, 43.016820539 ], [ -83.6907869852, 43.0171207854 ], [ -83.6901453444, 43.0174149159 ] ] } },
{ "type": "Feature", "properties": { "PR": "1506606", "Aadt": 2363, "AadtCommercial": 68, "FacilityType": 2, "Year": "2024", "LocationId": "25-5487" }, "geometry": { "type": "LineString", "coordinates": [ [ -83.8530634071, 43.089287731 ], [ -83.8530937203, 43.0934538519 ], [ -83.8530740399, 43.0996323801 ], [ -83.8530965437, 43.1014810168 ], [ -83.8530868459, 43.1032622457 ], [ -83.8530752673, 43.1053176448 ], [ -83.8530396463, 43.1056694864 ], [ -83.8529236763, 43.1059985663 ], [ -83.8527784427, 43.1063355848 ], [ -83.8524936718, 43.1068483387 ], [ -83.8518138242, 43.1081085747 ], [ -83.8510806718, 43.1095949266 ], [ -83.8507354085, 43.1105057608 ], [ -83.8506678661, 43.1107762981 ], [ -83.8504992202, 43.1112827569 ], [ -83.8503377165, 43.1117511261 ], [ -83.8502628744, 43.1120639964 ], [ -83.850263259, 43.1122169019 ], [ -83.8502700387, 43.1123529408 ], [ -83.8503057836, 43.11248953 ], [ -83.8503412281, 43.1126346075 ], [ -83.8504379963, 43.1128488059 ], [ -83.8505605761, 43.1131526838 ], [ -83.8506787158, 43.1134182539 ], [ -83.8509565385, 43.1140860911 ], [ -83.8510583534, 43.1143216198 ], [ -83.8512419636, 43.1147031067 ], [ -83.8515351941, 43.115184039 ], [ -83.8530521202, 43.1177131873 ] ] } },
{ "type": "Feature", "properties": { "PR": "1497208", "Aadt": 8869, "AadtCommercial": 249, "FacilityType": 2, "Year": "2024", "LocationId": "25-5389" }, "geometry": { "type": "LineString", "coordinates": [ [ -83.6337479778, 42.9895434836 ], [ -83.6291659727, 42.9895960097 ], [ -83.6240524883, 42.989648836 ], [ -83.621558496, 42.9896533746 ], [ -83.6191684268, 42.989672215 ], [ -83.614321802, 42.9896912789 ] ] } },
{ "type": "Feature", "properties": { "PR": "1519805", "Aadt": 19708, "AadtCommercial": 533, "FacilityType": 2, "Year": "2024", "LocationId": "25-5127" }, "geometry": { "type": "LineString", "coordinates": [ [ -83.7379196794, 42.9900094702 ], [ -83.7373151655, 42.9902782322 ], [ -83.7358268402, 42.9909823634 ], [ -83.7328687286, 42.9923073504 ] ] } },
{ "type": "Feature", "properties": { "PR": "1534506", "Aadt": 442, "AadtCommercial": 11, "FacilityType": 2, "Year": "2024", "LocationId": "25-5619" }, "geometry": { "type": "LineString", "coordinates": [ [ -83.8892144917, 43.1786059083 ], [ -83.889118457, 43.1785458864 ], [ -83.8889878108, 43.1785121622 ], [ -83.8888350754, 43.1784988841 ], [ -83.8883201769, 43.1784962149 ], [ -83.8863936547, 43.1785014318 ], [ -83.8849659253, 43.1784880203 ] ] } },
{ "type": "Feature", "properties": { "PR": "1494503", "Aadt": 3615, "AadtCommercial": 94, "FacilityType": 2, "Year": "2024", "LocationId": "25-0108" }, "geometry": { "type": "LineString", "coordinates": [ [ -83.5595881408, 43.1800945627 ], [ -83.555003061, 43.1800922315 ], [ -83.548683838, 43.1800902751 ], [ -83.5453129255, 43.1800995743 ], [ -83.5398876622, 43.1800919213 ], [ -83.538143686, 43.1801434325 ], [ -83.5363545276, 43.180213528 ], [ -83.5349139726, 43.1803052977 ], [ -83.5286745649, 43.1807843924 ], [ -83.5205025981, 43.1813887616 ], [ -83.5200753263, 43.1814316067 ] ] } },
{ "type": "Feature", "properties": { "PR": "0765409", "Aadt": 2895, "AadtCommercial": 81, "FacilityType": 2, "Year": "2024", "LocationId": "44-5071" }, "geometry": { "type": "LineString", "coordinates": [ [ -83.4581808056, 43.2115376609 ], [ -83.4581806942, 43.2115381151 ], [ -83.4581544236, 43.211805003 ], [ -83.4581734343, 43.21223132 ], [ -83.458185348, 43.2130525136 ], [ -83.4581950576, 43.2138511344 ] ] } },
{ "type": "Feature", "properties": { "PR": "1502907", "Aadt": 52169, "AadtCommercial": 4174, "FacilityType": 2, "Year": "2024", "LocationId": "25-0105" }, "geometry": { "type": "LineString", "coordinates": [ [ -83.7277257902, 42.8039781897 ], [ -83.7275875761, 42.804174122 ], [ -83.7274397907, 42.8043576561 ], [ -83.7268366589, 42.8051249888 ], [ -83.7260764638, 42.8062446371 ], [ -83.7254745005, 42.8072908243 ], [ -83.7251212396, 42.8081768142 ], [ -83.7249211, 42.8089035021 ], [ -83.7247815405, 42.8097245011 ], [ -83.7247322515, 42.8105403372 ], [ -83.7247416887, 42.8111793304 ], [ -83.7247774946, 42.8116532753 ], [ -83.7248313645, 42.812028925 ], [ -83.7248919594, 42.8123249836 ], [ -83.7249467906, 42.8125734777 ], [ -83.7251148344, 42.8131515762 ], [ -83.725492317, 42.8142674943 ], [ -83.7258413359, 42.8152992344 ], [ -83.7261423069, 42.8161504288 ], [ -83.7271952741, 42.8192350989 ], [ -83.7279436805, 42.8214072687 ], [ -83.7283684003, 42.8226052678 ], [ -83.7297975446, 42.8265328107 ], [ -83.7300136091, 42.8271265506 ], [ -83.7313797024, 42.8308802713 ], [ -83.7316814888, 42.8315460575 ], [ -83.7325566324, 42.833347811 ], [ -83.735051475, 42.8385236835 ], [ -83.7362423543, 42.8410401493 ], [ -83.7372834576, 42.8431811013 ], [ -83.7383191501, 42.8452934659 ], [ -83.7387143531, 42.8462343752 ], [ -83.7389578672, 42.8469258563 ], [ -83.7392035727, 42.8477930222 ], [ -83.7393621735, 42.848683714 ], [ -83.7394508482, 42.8492851053 ], [ -83.7395034054, 42.8500809158 ], [ -83.7394911654, 42.8515952942 ], [ -83.7396610903, 42.8611376645 ], [ -83.7396756115, 42.8630196604 ] ] } },
{ "type": "Feature", "properties": { "PR": "0646403", "Aadt": 467, "AadtCommercial": 11, "FacilityType": 2, "Year": "2024", "LocationId": "63-5341" }, "geometry": { "type": "LineString", "coordinates": [ [ -83.5399671701, 42.8164132987 ], [ -83.5397705087, 42.8162491919 ], [ -83.5395942725, 42.8161961139 ], [ -83.5393721681, 42.8161748645 ], [ -83.5366780493, 42.8162818356 ], [ -83.5362020086, 42.8162781585 ], [ -83.5357338726, 42.8162761598 ], [ -83.5351874392, 42.8162806606 ], [ -83.5347409218, 42.8162955439 ], [ -83.5326072587, 42.8164049239 ], [ -83.5323048772, 42.8164393593 ], [ -83.5320571954, 42.8164996088 ], [ -83.5318091843, 42.8165680575 ], [ -83.5312577984, 42.8166955364 ], [ -83.5309324782, 42.8167458802 ], [ -83.5306648309, 42.8167482416 ], [ -83.5303542827, 42.816708629 ], [ -83.530111226, 42.8166540765 ], [ -83.5294691795, 42.8165415612 ], [ -83.5289597992, 42.8164565648 ], [ -83.5284484375, 42.8164207641 ], [ -83.5278014349, 42.8164312378 ], [ -83.5251535258, 42.8165066242 ] ] } },
{ "type": "Feature", "properties": { "PR": "1497102", "Aadt": 12900, "AadtCommercial": 349, "FacilityType": 2, "Year": "2024", "LocationId": "25-5354" }, "geometry": { "type": "LineString", "coordinates": [ [ -83.652649156, 42.9464582146 ], [ -83.6531966645, 42.9469529551 ], [ -83.6552906757, 42.948931552 ], [ -83.6567010035, 42.9502863194 ], [ -83.657997211, 42.9514912241 ], [ -83.6590855724, 42.952530532 ], [ -83.6609413283, 42.9542741362 ], [ -83.6621368558, 42.9553665978 ], [ -83.6629380475, 42.9560732082 ], [ -83.6637657701, 42.9568276764 ], [ -83.6645948262, 42.9575381362 ], [ -83.6655516365, 42.9583679851 ], [ -83.6662729623, 42.9590416149 ], [ -83.6674283518, 42.9600176514 ] ] } },
{ "type": "Feature", "properties": { "PR": "3780745", "Aadt": 7995, "AadtCommercial": 224, "FacilityType": 2, "Year": "2024", "LocationId": "76-5162" }, "geometry": { "type": "LineString", "coordinates": [ [ -83.9882507933, 42.9253051545 ], [ -83.9864299096, 42.925318694 ], [ -83.9858463042, 42.9253186428 ], [ -83.9843103757, 42.9253527759 ], [ -83.9840185777, 42.9253372626 ], [ -83.9833794, 42.925349294 ] ] } },
{ "type": "Feature", "properties": { "PR": "3251574", "Aadt": 4367, "AadtCommercial": 122, "FacilityType": 2, "Year": "2024", "LocationId": "25-5392" }, "geometry": { "type": "LineString", "coordinates": [ [ -83.5937657934, 42.9756354404 ], [ -83.5900548928, 42.9757054055 ], [ -83.5898373094, 42.9757109339 ], [ -83.5895047293, 42.9757059578 ], [ -83.5864265486, 42.9757217669 ], [ -83.5857053069, 42.9757322986 ], [ -83.5840105604, 42.975757026 ], [ -83.5829113222, 42.9757730515 ], [ -83.5743362526, 42.9758606185 ], [ -83.5711674145, 42.9758990005 ], [ -83.5649163071, 42.9759858794 ], [ -83.5575281537, 42.976100318 ], [ -83.5545248552, 42.9761569666 ] ] } },
{ "type": "Feature", "properties": { "PR": "1520502", "Aadt": 7259, "AadtCommercial": 210, "FacilityType": 2, "Year": "2024", "LocationId": "25-5318" }, "geometry": { "type": "LineString", "coordinates": [ [ -83.7277466499, 42.9589802639 ], [ -83.7253357799, 42.959026856 ], [ -83.7250971885, 42.9590302612 ], [ -83.7229124602, 42.9590761853 ], [ -83.7223575388, 42.9590878437 ] ] } },
{ "type": "Feature", "properties": { "PR": "1520305", "Aadt": 10236, "AadtCommercial": 286, "FacilityType": 2, "Year": "2024", "LocationId": "25-7097" }, "geometry": { "type": "LineString", "coordinates": [ [ -83.6169277281, 43.0842088886 ], [ -83.6170549094, 43.0891191045 ], [ -83.6170926997, 43.090271617 ], [ -83.6170751493, 43.0914941058 ] ] } },
{ "type": "Feature", "properties": { "PR": "1844409", "Aadt": 3567, "AadtCommercial": null, "FacilityType": 4, "Year": "2024", "LocationId": "25-4136" }, "geometry": { "type": "LineString", "coordinates": [ [ -83.6846213166, 43.0744036756 ], [ -83.6843360598, 43.0732586862 ], [ -83.6841929942, 43.0725382574 ], [ -83.683904837, 43.070946524 ], [ -83.6837126502, 43.0704769852 ] ] } },
{ "type": "Feature", "properties": { "PR": "0553804", "Aadt": 618, "AadtCommercial": 19, "FacilityType": 2, "Year": "2024", "LocationId": "76-5008" }, "geometry": { "type": "LineString", "coordinates": [ [ -84.0282484868, 42.9501108934 ], [ -84.0284044398, 42.9558941439 ], [ -84.0283623352, 42.956107903 ], [ -84.0281868217, 42.9567056193 ], [ -84.0277862378, 42.9578237221 ], [ -84.0273804772, 42.9590103572 ], [ -84.0273247563, 42.9591606723 ], [ -84.0269363912, 42.9604548978 ], [ -84.0268907424, 42.9606491804 ], [ -84.0268647586, 42.960843807 ], [ -84.0268761424, 42.9702503304 ], [ -84.0268930481, 42.9712564137 ], [ -84.0268425298, 42.9848154619 ], [ -84.0270483296, 42.9920271158 ], [ -84.0269593251, 42.9979615289 ], [ -84.026955673, 42.9992368873 ] ] } },
{ "type": "Feature", "properties": { "PR": "0649504", "Aadt": 14216, "AadtCommercial": 332, "FacilityType": 2, "Year": "2024", "LocationId": "63-5223" }, "geometry": { "type": "LineString", "coordinates": [ [ -83.6867987098, 42.7979148628 ], [ -83.6852979522, 42.7979742458 ], [ -83.6840404698, 42.7980092266 ], [ -83.6820443518, 42.7980558421 ], [ -83.6782919809, 42.7981254619 ], [ -83.6771310522, 42.798144117 ], [ -83.6722772167, 42.7982332109 ], [ -83.6719832661, 42.7982474065 ], [ -83.6716977074, 42.7982820315 ], [ -83.6714297028, 42.7983372742 ], [ -83.6711242802, 42.7984120015 ], [ -83.6709064762, 42.7984895301 ], [ -83.6706024858, 42.7986308136 ], [ -83.6702840502, 42.7988065534 ], [ -83.6700111657, 42.7989899851 ], [ -83.6686444069, 42.7999678528 ], [ -83.6684099592, 42.8001048083 ], [ -83.6682142143, 42.8001885447 ], [ -83.667981563, 42.8002782712 ], [ -83.6677496818, 42.8003477568 ], [ -83.6675368954, 42.8003973784 ], [ -83.6673246225, 42.8004335067 ], [ -83.6648163831, 42.8008407395 ], [ -83.664049908, 42.8009464988 ], [ -83.6635976107, 42.8010249197 ], [ -83.6631162802, 42.8011432514 ], [ -83.6624483535, 42.8013454972 ], [ -83.6611905585, 42.8017615016 ], [ -83.6608856069, 42.8018623588 ], [ -83.6587325128, 42.8025627406 ], [ -83.6578890236, 42.802837797 ], [ -83.6575833052, 42.8029192345 ], [ -83.6572228685, 42.8029927843 ], [ -83.6526930291, 42.8037089691 ], [ -83.6505711303, 42.8040429589 ], [ -83.6491041655, 42.8042757817 ], [ -83.647717718, 42.804511064 ] ] } },
{ "type": "Feature", "properties": { "PR": "0553507", "Aadt": 407, "AadtCommercial": 11, "FacilityType": 2, "Year": "2024", "LocationId": "76-5200" }, "geometry": { "type": "LineString", "coordinates": [ [ -83.9833365596, 42.9108294014 ], [ -83.9833887104, 42.9109226169 ], [ -83.9834434252, 42.9119969097 ], [ -83.9835228909, 42.9131176619 ] ] } },
{ "type": "Feature", "properties": { "PR": "3251565", "Aadt": 593, "AadtCommercial": 18, "FacilityType": 2, "Year": "2024", "LocationId": "25-5278" }, "geometry": { "type": "LineString", "coordinates": [ [ -83.6968415184, 42.8638345959 ], [ -83.6909028529, 42.8638917346 ], [ -83.6893071866, 42.8638730144 ] ] } },
{ "type": "Feature", "properties": { "PR": "1502208", "Aadt": 9472, "AadtCommercial": null, "FacilityType": 4, "Year": "2024", "LocationId": "25-0434" }, "geometry": { "type": "LineString", "coordinates": [ [ -83.7248177863, 42.9735034512 ], [ -83.7251191782, 42.9736823671 ], [ -83.7252016387, 42.9737340764 ], [ -83.725245624, 42.9737730943 ], [ -83.7252755692, 42.9738404308 ], [ -83.7253679609, 42.9744356585 ], [ -83.7254903753, 42.9754750197 ], [ -83.7256037586, 42.9759930931 ], [ -83.7256807706, 42.976333709 ], [ -83.7257668416, 42.9766250617 ], [ -83.7259423793, 42.9770321596 ] ] } },
{ "type": "Feature", "properties": { "PR": "1497903", "Aadt": 26949, "AadtCommercial": 1563, "FacilityType": 2, "Year": "2024", "LocationId": "25-4095" }, "geometry": { "type": "LineString", "coordinates": [ [ -83.6815796512, 43.0648876545 ], [ -83.6818507801, 43.0651795329 ], [ -83.6823630215, 43.0658596373 ], [ -83.6829131824, 43.0669005702 ], [ -83.6829694771, 43.0670709886 ], [ -83.683191127, 43.0676332634 ], [ -83.6833091192, 43.0680395602 ], [ -83.6833708551, 43.0683572668 ], [ -83.6834166668, 43.0688564896 ], [ -83.6834232365, 43.0707358891 ], [ -83.6833957889, 43.0725151607 ], [ -83.6834759067, 43.0745071386 ], [ -83.6835081763, 43.0754431474 ], [ -83.6835139207, 43.0757910171 ] ] } },
{ "type": "Feature", "properties": { "PR": "1501709", "Aadt": 1851, "AadtCommercial": 55, "FacilityType": 2, "Year": "2024", "LocationId": "25-2609" }, "geometry": { "type": "LineString", "coordinates": [ [ -83.5204230025, 43.0254981657 ], [ -83.5178321913, 43.0255623526 ], [ -83.5166064156, 43.0255887858 ], [ -83.5153345377, 43.0256348156 ], [ -83.5126020071, 43.0257374902 ], [ -83.5087054661, 43.025869656 ], [ -83.5067030615, 43.0259076028 ] ] } },
{ "type": "Feature", "properties": { "PR": "0268205", "Aadt": 2545, "AadtCommercial": 76, "FacilityType": 2, "Year": "2024", "LocationId": "79-5022" }, "geometry": { "type": "LineString", "coordinates": [ [ -83.4808023079, 43.223049417 ], [ -83.4808064348, 43.2239654714 ], [ -83.4808360027, 43.2254191076 ], [ -83.4808777919, 43.2258914098 ], [ -83.4809552128, 43.2262447881 ], [ -83.4810908662, 43.2266742801 ], [ -83.4812407773, 43.227006821 ], [ -83.481435909, 43.2274825253 ], [ -83.4815855138, 43.2278225407 ], [ -83.4821793046, 43.2290478184 ], [ -83.4823849836, 43.2295162727 ], [ -83.482477291, 43.229757748 ], [ -83.4825200336, 43.2299607137 ], [ -83.4825544141, 43.2301186009 ], [ -83.4825619299, 43.2303084095 ], [ -83.4825401428, 43.2307093729 ], [ -83.4824868474, 43.2310074757 ], [ -83.4824165154, 43.2312228982 ], [ -83.4822696585, 43.231556336 ], [ -83.4821382962, 43.2317629219 ], [ -83.481986796, 43.2319615791 ], [ -83.481717875, 43.2322773457 ], [ -83.4813459723, 43.2326659202 ], [ -83.4806905307, 43.2334201914 ], [ -83.4804891007, 43.2337764332 ], [ -83.480429914, 43.2339696544 ], [ -83.4804196724, 43.2342163377 ], [ -83.4804696901, 43.2376611008 ], [ -83.4805273362, 43.2404962257 ], [ -83.4806132632, 43.2439293148 ], [ -83.4806136079, 43.2439367692 ], [ -83.4806590562, 43.2449205749 ], [ -83.4806590982, 43.245164251 ], [ -83.4807120751, 43.2481245884 ], [ -83.4807410937, 43.2496440974 ], [ -83.480777324, 43.250004042 ], [ -83.4808101432, 43.2504462127 ], [ -83.4809046146, 43.2511291775 ], [ -83.4809919655, 43.2517371632 ], [ -83.4810305721, 43.2522137463 ], [ -83.4810302622, 43.2525291924 ], [ -83.4810128041, 43.2528738439 ], [ -83.4809791084, 43.2532156418 ], [ -83.4808885802, 43.2538842577 ], [ -83.4808438202, 43.2543906412 ], [ -83.480824029, 43.2548672236 ], [ -83.4808487504, 43.2558434956 ], [ -83.4808729423, 43.2566276436 ], [ -83.4809163502, 43.2594829783 ], [ -83.4810988371, 43.2667176544 ], [ -83.481154761, 43.2704990985 ], [ -83.4811733879, 43.2740698696 ], [ -83.4812367984, 43.2777213141 ], [ -83.4812860782, 43.281340096 ], [ -83.4812956488, 43.283738486 ], [ -83.481334691, 43.2960439422 ], [ -83.4813344015, 43.2964330737 ], [ -83.481342624, 43.2994159059 ], [ -83.4813346031, 43.3035438698 ], [ -83.4813175797, 43.3074029394 ], [ -83.4812961914, 43.3076766074 ], [ -83.4812942901, 43.3076856385 ], [ -83.4812588089, 43.3078541781 ], [ -83.4812085793, 43.308031463 ], [ -83.4810451546, 43.3084643533 ], [ -83.4809031246, 43.3088679947 ], [ -83.4808587398, 43.3090487472 ], [ -83.480827328, 43.3092499798 ], [ -83.4808133557, 43.3094751576 ], [ -83.4808224163, 43.3100945675 ], [ -83.4808567005, 43.3121969831 ], [ -83.4809517047, 43.3155571144 ], [ -83.4809893296, 43.3169792272 ], [ -83.481167419, 43.323032705 ], [ -83.4811905931, 43.3239817379 ], [ -83.4814630909, 43.3301200256 ], [ -83.4815116492, 43.3312137507 ], [ -83.4815358373, 43.3317585443 ], [ -83.4816005846, 43.3335844457 ], [ -83.4817741776, 43.3377482806 ], [ -83.4818858179, 43.3414190482 ], [ -83.4819992404, 43.3446933208 ], [ -83.482012873, 43.3454121373 ], [ -83.4821639261, 43.3494848681 ], [ -83.4822556157, 43.3524549879 ], [ -83.4822641541, 43.3532133813 ], [ -83.4822900394, 43.355693353 ], [ -83.4823583674, 43.359383598 ], [ -83.4823634759, 43.3596594889 ], [ -83.4823921606, 43.3633211921 ], [ -83.4824370799, 43.3671270777 ], [ -83.4824206759, 43.3745515868 ], [ -83.4824211694, 43.3748667331 ], [ -83.482448798, 43.3750445897 ], [ -83.4824482125, 43.3752227525 ], [ -83.4824318736, 43.3819065391 ], [ -83.482434542, 43.3854252567 ], [ -83.4824715623, 43.3891441689 ], [ -83.4824839565, 43.3929882397 ], [ -83.4824447722, 43.3943869941 ], [ -83.4824214728, 43.3947588688 ], [ -83.4824172995, 43.3952230523 ], [ -83.4824117224, 43.3959635607 ], [ -83.4824516533, 43.3980878895 ], [ -83.4824683506, 43.3991983204 ], [ -83.4824718023, 43.4004558657 ], [ -83.482499158, 43.4007515167 ], [ -83.4825327641, 43.4009923459 ], [ -83.4825853452, 43.401253844 ], [ -83.4826710787, 43.4014813657 ], [ -83.4827730272, 43.4017005679 ], [ -83.4829297593, 43.4019993959 ], [ -83.4830225437, 43.4021592625 ], [ -83.4831416709, 43.4023352447 ], [ -83.484406136, 43.4037675622 ], [ -83.4846119825, 43.4040021031 ], [ -83.4847749191, 43.4042124046 ], [ -83.4848834619, 43.404386568 ], [ -83.4849762911, 43.4045545602 ], [ -83.4850566679, 43.4047339223 ], [ -83.4851528768, 43.4050126156 ], [ -83.4852290197, 43.4052937759 ], [ -83.4852677807, 43.405538692 ], [ -83.4852952972, 43.405729699 ], [ -83.4853040725, 43.4059061875 ], [ -83.4853552161, 43.4087283552 ], [ -83.4853649108, 43.4088542328 ] ] } },
{ "type": "Feature", "properties": { "PR": "1498006", "Aadt": 8703, "AadtCommercial": 236, "FacilityType": 2, "Year": "2024", "LocationId": "25-4647" }, "geometry": { "type": "LineString", "coordinates": [ [ -83.6793440418, 43.0163944874 ], [ -83.6791400611, 43.0164917872 ], [ -83.6780815017, 43.0169433296 ], [ -83.6767529405, 43.0173366002 ], [ -83.6759413783, 43.0175280611 ], [ -83.6751150547, 43.0177480377 ], [ -83.6750873843, 43.0177554035 ], [ -83.675015034, 43.0177736645 ], [ -83.6742079999, 43.0179773562 ], [ -83.6737060066, 43.0181055159 ], [ -83.6735699569, 43.0181275291 ], [ -83.6731586183, 43.0181800831 ], [ -83.6723498482, 43.0181961894 ], [ -83.6708051973, 43.0182115926 ], [ -83.6704813282, 43.0182236735 ], [ -83.6704466179, 43.0182249678 ], [ -83.6703608837, 43.0182279621 ], [ -83.6698136513, 43.0182470708 ], [ -83.6687468882, 43.0182486329 ], [ -83.6674678664, 43.0182723627 ], [ -83.6663639147, 43.0182936483 ], [ -83.6650423841, 43.0183180439 ], [ -83.6647685843, 43.0183197133 ], [ -83.663933832, 43.0183439297 ], [ -83.6610035871, 43.0183884164 ], [ -83.6579752634, 43.0184185519 ], [ -83.6578249335, 43.0183794517 ], [ -83.6557776304, 43.0184330813 ], [ -83.654641401, 43.0184327071 ] ] } },
{ "type": "Feature", "properties": { "PR": "0481508", "Aadt": 1618, "AadtCommercial": 48, "FacilityType": 2, "Year": "2024", "LocationId": "73-5246" }, "geometry": { "type": "LineString", "coordinates": [ [ -83.8144867079, 43.2212114643 ], [ -83.8144981059, 43.2231657117 ], [ -83.8145539488, 43.2302710698 ], [ -83.8145864259, 43.2357312648 ], [ -83.8145875818, 43.2359569512 ], [ -83.814586703, 43.2361812932 ], [ -83.8146119441, 43.2429758425 ], [ -83.8146437852, 43.2501953668 ] ] } },
{ "type": "Feature", "properties": { "PR": "1498104", "Aadt": 5780, "AadtCommercial": 162, "FacilityType": 2, "Year": "2024", "LocationId": "25-6785" }, "geometry": { "type": "LineString", "coordinates": [ [ -83.753444598, 43.0753957359 ], [ -83.7509882702, 43.0754180843 ], [ -83.7458168563, 43.0754487071 ], [ -83.743432081, 43.0754572607 ], [ -83.7412058167, 43.0753622261 ], [ -83.7407032994, 43.0753573458 ], [ -83.7334233423, 43.0750877294 ] ] } },
{ "type": "Feature", "properties": { "PR": "3251460", "Aadt": 1425, "AadtCommercial": 39, "FacilityType": 2, "Year": "2024", "LocationId": "25-6845" }, "geometry": { "type": "LineString", "coordinates": [ [ -83.6879471644, 43.023651807 ], [ -83.6878779785, 43.0238716877 ], [ -83.6877570074, 43.0242742377 ], [ -83.6877178814, 43.0244244715 ], [ -83.6873221188, 43.0254184652 ], [ -83.6872010453, 43.025640936 ], [ -83.6869066136, 43.0261444897 ], [ -83.6866724735, 43.0263784213 ], [ -83.6862932873, 43.0268067896 ], [ -83.6859566441, 43.0272681605 ], [ -83.6856555926, 43.0277807566 ], [ -83.6854173241, 43.0282605274 ], [ -83.6852485087, 43.0289256923 ], [ -83.6851842146, 43.029741128 ], [ -83.6850730227, 43.0301384234 ], [ -83.6849257107, 43.0304531618 ], [ -83.6847282319, 43.030841346 ], [ -83.6843447719, 43.0313150924 ], [ -83.6839175233, 43.0318723439 ], [ -83.6836745831, 43.032209947 ], [ -83.6834699503, 43.0326079129 ], [ -83.6833475995, 43.0329777725 ], [ -83.6832665665, 43.0336174502 ], [ -83.6832650989, 43.0342975778 ], [ -83.6831998408, 43.0347302901 ], [ -83.683079923, 43.0349668486 ] ] } },
{ "type": "Feature", "properties": { "PR": "3251568", "Aadt": 4288, "AadtCommercial": 124, "FacilityType": 2, "Year": "2024", "LocationId": "25-5437" }, "geometry": { "type": "LineString", "coordinates": [ [ -83.5335333934, 42.8897926148 ], [ -83.5333926592, 42.8899683627 ], [ -83.5332886444, 42.8900954798 ], [ -83.5331336907, 42.8903816513 ], [ -83.5330012369, 42.8906628289 ], [ -83.5329463294, 42.8909231105 ], [ -83.5329859825, 42.8922047245 ], [ -83.533074644, 42.8957508135 ], [ -83.5332026211, 42.8992233735 ], [ -83.5333425958, 42.9035025526 ], [ -83.5334705159, 42.9062970238 ], [ -83.5335132659, 42.9070926455 ], [ -83.5336558647, 42.9107425161 ], [ -83.5337670193, 42.9143376777 ], [ -83.5337820364, 42.9150728836 ], [ -83.5338700928, 42.9174956339 ], [ -83.5338205744, 42.917664884 ], [ -83.5337630103, 42.9178664384 ], [ -83.5336186876, 42.9181079712 ], [ -83.5334771442, 42.9182805861 ], [ -83.5332335872, 42.9185070959 ] ] } },
{ "type": "Feature", "properties": { "PR": "1511203", "Aadt": 2644, "AadtCommercial": 78, "FacilityType": 2, "Year": "2024", "LocationId": "25-5158" }, "geometry": { "type": "LineString", "coordinates": [ [ -83.7677701043, 42.8259171476 ], [ -83.7627476454, 42.8259796142 ], [ -83.7585944006, 42.8260145427 ], [ -83.756369688, 42.8260674492 ], [ -83.7544498229, 42.8260869565 ], [ -83.7542193979, 42.8261567029 ], [ -83.7539333064, 42.8263142271 ], [ -83.7537935372, 42.8264746608 ], [ -83.7537043864, 42.8266237833 ], [ -83.7534955737, 42.8278668275 ], [ -83.7533620139, 42.8280858949 ], [ -83.753218284, 42.8282400893 ], [ -83.7529686771, 42.8284291322 ], [ -83.752721783, 42.8285443211 ], [ -83.7524281807, 42.8286251246 ], [ -83.751373525, 42.8288318231 ], [ -83.7506345528, 42.8289704299 ], [ -83.7495053648, 42.8291992091 ], [ -83.7493083586, 42.8292512453 ], [ -83.749023235, 42.8293173622 ], [ -83.7487874499, 42.8293870458 ], [ -83.748403043, 42.8295146733 ], [ -83.748102244, 42.8296835295 ], [ -83.7477564132, 42.8299415347 ], [ -83.7469678525, 42.8305609344 ], [ -83.7464179537, 42.8308584404 ], [ -83.7459441297, 42.8310827564 ], [ -83.7456869758, 42.8311894379 ], [ -83.7452362523, 42.8312214124 ], [ -83.7413719151, 42.831441488 ], [ -83.7380169984, 42.8316145835 ], [ -83.7361006864, 42.8317047215 ], [ -83.7345097033, 42.831740425 ], [ -83.7327986205, 42.8317652415 ], [ -83.7324675449, 42.8318239639 ] ] } },
{ "type": "Feature", "properties": { "PR": "1500910", "Aadt": 5673, "AadtCommercial": 159, "FacilityType": 2, "Year": "2024", "LocationId": "25-5454" }, "geometry": { "type": "LineString", "coordinates": [ [ -83.6574068329, 43.1200901155 ], [ -83.649870884, 43.1201854918 ], [ -83.6484900965, 43.1202017777 ], [ -83.6469996798, 43.1201977964 ], [ -83.6437614221, 43.1201471297 ], [ -83.6419375268, 43.1201079846 ], [ -83.6374588514, 43.1200117381 ], [ -83.6340315395, 43.1200680826 ], [ -83.6282733942, 43.1201782537 ], [ -83.6249562916, 43.1202948773 ], [ -83.6240240577, 43.120317216 ], [ -83.6210089519, 43.1204140599 ], [ -83.6194606428, 43.1204596103 ], [ -83.6177579386, 43.1205379519 ] ] } },
{ "type": "Feature", "properties": { "PR": "1506909", "Aadt": 238, "AadtCommercial": 6, "FacilityType": 2, "Year": "2024", "LocationId": "25-6825" }, "geometry": { "type": "LineString", "coordinates": [ [ -83.6923772192, 43.1179565486 ], [ -83.6923853223, 43.1186361687 ], [ -83.6924034584, 43.1193462554 ] ] } },
{ "type": "Feature", "properties": { "PR": "1497102", "Aadt": 26941, "AadtCommercial": 728, "FacilityType": 2, "Year": "2024", "LocationId": "25-5380" }, "geometry": { "type": "LineString", "coordinates": [ [ -83.6307962666, 42.9281963149 ], [ -83.6331239825, 42.9301311294 ], [ -83.6343408376, 42.9311241913 ], [ -83.6357365294, 42.9322657221 ], [ -83.6393743492, 42.9352982184 ], [ -83.6400277329, 42.9358501475 ], [ -83.6414917727, 42.9370814894 ], [ -83.6422800031, 42.9377252406 ], [ -83.6432545629, 42.9385451539 ], [ -83.6463587091, 42.9411171544 ], [ -83.6465215334, 42.9412551555 ], [ -83.6466843584, 42.9413931573 ], [ -83.648445298, 42.9428540981 ], [ -83.6505561889, 42.9445885102 ], [ -83.6510718221, 42.9450391984 ], [ -83.652649156, 42.9464582146 ] ] } },
{ "type": "Feature", "properties": { "PR": "6805160", "Aadt": 170, "AadtCommercial": 5, "FacilityType": 2, "Year": "2024", "LocationId": "76-5192" }, "geometry": { "type": "LineString", "coordinates": [ [ -83.9821209119, 42.9097847054 ], [ -83.9819418495, 42.9094216869 ], [ -83.9817678305, 42.9092526604 ], [ -83.9815816559, 42.9091888948 ], [ -83.9814525554, 42.9091446779 ], [ -83.9810266271, 42.9091316177 ], [ -83.9801121964, 42.9091328509 ], [ -83.9791800036, 42.9091533692 ], [ -83.9781326133, 42.9091636403 ], [ -83.9778894941, 42.9091676 ] ] } },
{ "type": "Feature", "properties": { "PR": "1522902", "Aadt": 7393, "AadtCommercial": 207, "FacilityType": 2, "Year": "2024", "LocationId": "25-5444" }, "geometry": { "type": "LineString", "coordinates": [ [ -83.5541377919, 42.9390703903 ], [ -83.5542851569, 42.9443872039 ], [ -83.5543358618, 42.9463147138 ], [ -83.5544642113, 42.9506516284 ], [ -83.5545661574, 42.953600345 ], [ -83.5546770357, 42.9572847546 ], [ -83.5548476686, 42.9617677324 ], [ -83.5546024159, 42.9654416963 ], [ -83.5544098372, 42.9689797385 ], [ -83.5544606599, 42.9733464917 ], [ -83.5545248552, 42.9761569666 ] ] } },
{ "type": "Feature", "properties": { "PR": "0553907", "Aadt": 181, "AadtCommercial": 5, "FacilityType": 2, "Year": "2024", "LocationId": "76-5143" }, "geometry": { "type": "LineString", "coordinates": [ [ -84.0328304615, 42.9391866089 ], [ -84.0328440777, 42.9401813255 ], [ -84.0329383173, 42.942238347 ] ] } },
{ "type": "Feature", "properties": { "PR": "0556307", "Aadt": 5998, "AadtCommercial": 144, "FacilityType": 2, "Year": "2024", "LocationId": "76-5173" }, "geometry": { "type": "LineString", "coordinates": [ [ -83.9877655931, 42.910756191 ], [ -83.9877775284, 42.9116637957 ], [ -83.9877785841, 42.9118487619 ], [ -83.9877842715, 42.9121467987 ], [ -83.9878179981, 42.9130116921 ], [ -83.9878407817, 42.9134707992 ], [ -83.9878761651, 42.9142373009 ], [ -83.9879306886, 42.9152902979 ], [ -83.9879852257, 42.9164315002 ], [ -83.9880168355, 42.9172276817 ], [ -83.98804803, 42.9180276271 ] ] } },
{ "type": "Feature", "properties": { "PR": "1503009", "Aadt": 4569, "AadtCommercial": null, "FacilityType": 4, "Year": "2024", "LocationId": "25-0458" }, "geometry": { "type": "LineString", "coordinates": [ [ -83.7235685741, 42.9418467656 ], [ -83.7234904258, 42.9423387036 ], [ -83.7229598306, 42.9440373513 ] ] } },
{ "type": "Feature", "properties": { "PR": "1503110", "Aadt": 7222, "AadtCommercial": null, "FacilityType": 4, "Year": "2024", "LocationId": "25-1201" }, "geometry": { "type": "LineString", "coordinates": [ [ -83.682086079, 42.9491347596 ], [ -83.6821527376, 42.9482493166 ], [ -83.6821581765, 42.9479639425 ], [ -83.6821917366, 42.947729134 ], [ -83.6822647341, 42.9474747242 ], [ -83.6824040195, 42.9471425741 ], [ -83.6825352096, 42.9468567864 ], [ -83.6827022523, 42.9466275677 ], [ -83.682960366, 42.9463350749 ], [ -83.6837437103, 42.9455835948 ], [ -83.6840060667, 42.9453084298 ], [ -83.68411414, 42.9450947312 ], [ -83.6841428531, 42.9449175959 ], [ -83.6841562059, 42.944092835 ] ] } },
{ "type": "Feature", "properties": { "PR": "1500808", "Aadt": 847, "AadtCommercial": 26, "FacilityType": 2, "Year": "2024", "LocationId": "25-6824" }, "geometry": { "type": "LineString", "coordinates": [ [ -83.6975528568, 43.1128150044 ], [ -83.6968964254, 43.1128043679 ], [ -83.6943602981, 43.1128253426 ] ] } },
{ "type": "Feature", "properties": { "PR": "1502907", "Aadt": 51817, "AadtCommercial": 4145, "FacilityType": 2, "Year": "2024", "LocationId": "25-0095" }, "geometry": { "type": "LineString", "coordinates": [ [ -83.7258578094, 42.9147285356 ], [ -83.7259427563, 42.9164654527 ], [ -83.7260134505, 42.918732995 ], [ -83.7260037854, 42.9195063901 ], [ -83.7259796152, 42.9199841222 ], [ -83.7259344939, 42.9206817895 ], [ -83.7258911977, 42.9211591375 ], [ -83.7258116645, 42.9217529659 ], [ -83.7257418216, 42.9222579098 ], [ -83.7256029087, 42.9230755875 ], [ -83.7254473134, 42.9238272914 ], [ -83.7250499425, 42.925733516 ], [ -83.7249806551, 42.9260778585 ], [ -83.7243504747, 42.9292907694 ], [ -83.724288122, 42.9296086504 ], [ -83.7241375759, 42.930337265 ], [ -83.7235529289, 42.9332937181 ], [ -83.7234488502, 42.9339475785 ], [ -83.7233283891, 42.9349273367 ], [ -83.7232688919, 42.9357189332 ], [ -83.7232358991, 42.9362820335 ], [ -83.7232156796, 42.9366857552 ], [ -83.7232174953, 42.938061046 ], [ -83.7232450581, 42.9386077478 ], [ -83.7233182411, 42.9395385525 ], [ -83.7235685741, 42.9418467656 ], [ -83.7236964588, 42.9428042588 ], [ -83.7238059693, 42.9440160773 ] ] } },
{ "type": "Feature", "properties": { "PR": "1494305", "Aadt": 6067, "AadtCommercial": 169, "FacilityType": 2, "Year": "2024", "LocationId": "25-5490" }, "geometry": { "type": "LineString", "coordinates": [ [ -83.8727756401, 43.1177106288 ], [ -83.8630075459, 43.1176706901 ], [ -83.8603737335, 43.1177054246 ], [ -83.8593561449, 43.1177151445 ], [ -83.8586596462, 43.1177161945 ], [ -83.8560975532, 43.1177106234 ], [ -83.8546948576, 43.1177167834 ], [ -83.8530521202, 43.1177131873 ] ] } },
{ "type": "Feature", "properties": { "PR": "1500905", "Aadt": 1329, "AadtCommercial": 38, "FacilityType": 2, "Year": "2024", "LocationId": "25-6831" }, "geometry": { "type": "LineString", "coordinates": [ [ -83.6943923145, 43.1172598206 ], [ -83.6942232631, 43.1172619237 ], [ -83.6934798627, 43.1172548718 ], [ -83.693292532, 43.1172556501 ] ] } },
{ "type": "Feature", "properties": { "PR": "1502110", "Aadt": 6959, "AadtCommercial": 926, "FacilityType": 2, "Year": "2024", "LocationId": "25-5231" }, "geometry": { "type": "LineString", "coordinates": [ [ -83.7782423735, 42.9743165531 ], [ -83.7780343409, 42.9741312594 ], [ -83.7779144647, 42.9740349457 ], [ -83.7777710216, 42.973958302 ], [ -83.7775958581, 42.9738743239 ], [ -83.7774197159, 42.9738171704 ], [ -83.7771477997, 42.9737547792 ], [ -83.7766294086, 42.9736841845 ], [ -83.7718687068, 42.9730245265 ] ] } },
{ "type": "Feature", "properties": { "PR": "1524505", "Aadt": 539, "AadtCommercial": 15, "FacilityType": 2, "Year": "2024", "LocationId": "25-6663" }, "geometry": { "type": "LineString", "coordinates": [ [ -83.7015386861, 43.0110852782 ], [ -83.701573365, 43.0115393896 ], [ -83.7016041197, 43.0117410983 ], [ -83.7016525143, 43.0119109926 ], [ -83.7018024263, 43.0121373108 ], [ -83.7026766217, 43.0130998549 ], [ -83.7029006261, 43.013341802 ], [ -83.7031309827, 43.0136089114 ], [ -83.7034586057, 43.0140096318 ], [ -83.7037704572, 43.014261796 ], [ -83.704041027, 43.0144955372 ], [ -83.7043283898, 43.0147175667 ], [ -83.7046377216, 43.0149671334 ], [ -83.7047337901, 43.0150811551 ], [ -83.7049568238, 43.0153484562 ], [ -83.7058063209, 43.0163637608 ], [ -83.7071557562, 43.017996586 ], [ -83.70731429, 43.0181825768 ], [ -83.7080678069, 43.0191135907 ], [ -83.7082595636, 43.0193069242 ], [ -83.7095973096, 43.0209148348 ], [ -83.7098934878, 43.0212946166 ], [ -83.7106613792, 43.0215344985 ], [ -83.712518169, 43.0221066727 ], [ -83.7128246449, 43.0222126429 ] ] } },
{ "type": "Feature", "properties": { "PR": "1501502", "Aadt": 12128, "AadtCommercial": 338, "FacilityType": 2, "Year": "2024", "LocationId": "25-5404" }, "geometry": { "type": "LineString", "coordinates": [ [ -83.5014195295, 42.9099344643 ], [ -83.5015163015, 42.9130652321 ], [ -83.501579355, 42.9146855356 ], [ -83.5015862257, 42.9149746739 ], [ -83.5016775048, 42.9170812618 ], [ -83.5017104274, 42.9184770937 ] ] } },
{ "type": "Feature", "properties": { "PR": "1522902", "Aadt": 15872, "AadtCommercial": 445, "FacilityType": 2, "Year": "2024", "LocationId": "25-7103" }, "geometry": { "type": "LineString", "coordinates": [ [ -83.555801328, 43.0195204389 ], [ -83.5558881664, 43.0223033907 ], [ -83.5559229261, 43.0231706939 ], [ -83.5559746203, 43.024081088 ], [ -83.5559958834, 43.0242932546 ], [ -83.5560597838, 43.0260864447 ], [ -83.5561711301, 43.0279934215 ], [ -83.5563608522, 43.032304487 ], [ -83.5564197929, 43.0339809819 ] ] } },
{ "type": "Feature", "properties": { "PR": "1522902", "Aadt": 20309, "AadtCommercial": 569, "FacilityType": 2, "Year": "2024", "LocationId": "25-7109" }, "geometry": { "type": "LineString", "coordinates": [ [ -83.555488803, 43.0118240911 ], [ -83.5555501402, 43.0133356311 ], [ -83.5556095087, 43.0147986126 ], [ -83.5556463424, 43.0158097355 ] ] } },
{ "type": "Feature", "properties": { "PR": "1503101", "Aadt": 3932, "AadtCommercial": 115, "FacilityType": 2, "Year": "2024", "LocationId": "25-5301" }, "geometry": { "type": "LineString", "coordinates": [ [ -83.7301472978, 42.9040409044 ], [ -83.7301509325, 42.9043123969 ], [ -83.7301958334, 42.9056834748 ], [ -83.7303420562, 42.9097259427 ], [ -83.730342741, 42.9099184535 ], [ -83.7305213799, 42.9146630269 ] ] } },
{ "type": "Feature", "properties": { "PR": "1502802", "Aadt": 7444, "AadtCommercial": 214, "FacilityType": 2, "Year": "2024", "LocationId": "25-5255" }, "geometry": { "type": "LineString", "coordinates": [ [ -83.7244609671, 42.8047865539 ], [ -83.7245069064, 42.8048190901 ], [ -83.7245235681, 42.8048280063 ], [ -83.7245427227, 42.8048351847 ], [ -83.7245648956, 42.8048395647 ], [ -83.7245871469, 42.8048418006 ], [ -83.7246094646, 42.8048422505 ], [ -83.7246308793, 42.804840895 ], [ -83.7246514657, 42.8048374968 ], [ -83.7246731369, 42.8048313792 ], [ -83.7246928426, 42.8048237321 ], [ -83.724749248, 42.8047892217 ], [ -83.7247955204, 42.8047519666 ], [ -83.7248262803, 42.8047299444 ], [ -83.7248601422, 42.8047115592 ], [ -83.7249046468, 42.8046911526 ], [ -83.724951771, 42.8046716943 ], [ -83.7249954475, 42.8046505278 ], [ -83.7250358659, 42.8046298911 ], [ -83.725128237, 42.8045753152 ], [ -83.725212172, 42.8045464987 ], [ -83.7252945658, 42.8045243252 ], [ -83.7253769242, 42.804503104 ], [ -83.7254561399, 42.8044858911 ], [ -83.7255589111, 42.8044641272 ], [ -83.7256649169, 42.8044424293 ], [ -83.7257790523, 42.8044197033 ], [ -83.7259126829, 42.8043949855 ], [ -83.7260479762, 42.8043691101 ], [ -83.7261538932, 42.8043497935 ], [ -83.726232007, 42.8043382584 ], [ -83.726318162, 42.804328077 ], [ -83.7264010393, 42.8043190203 ], [ -83.7264822108, 42.8043123138 ], [ -83.7265957278, 42.8043062578 ], [ -83.726712434, 42.8043014587 ], [ -83.7268321537, 42.8043026781 ], [ -83.726959959, 42.8043040603 ], [ -83.727068226, 42.8043086243 ], [ -83.7271829358, 42.8043172284 ], [ -83.7272745108, 42.8043260124 ], [ -83.7274397907, 42.8043576561 ], [ -83.7277392262, 42.8044514758 ], [ -83.7279495562, 42.8045337693 ], [ -83.7282299021, 42.804658317 ], [ -83.7284894498, 42.8048314053 ], [ -83.7288020591, 42.8051104763 ], [ -83.7290295047, 42.8053808388 ], [ -83.7291981847, 42.8056989783 ], [ -83.7292988674, 42.8060577154 ], [ -83.7293048891, 42.806407554 ], [ -83.72924412, 42.8067092329 ], [ -83.7291938933, 42.8068389709 ], [ -83.7290614201, 42.8070811083 ], [ -83.7283778058, 42.807898724 ], [ -83.7282763306, 42.808028322 ] ] } },
{ "type": "Feature", "properties": { "PR": "1497008", "Aadt": 9401, "AadtCommercial": 226, "FacilityType": 2, "Year": "2024", "LocationId": "25-4485" }, "geometry": { "type": "LineString", "coordinates": [ [ -83.6713434408, 43.0541149833 ], [ -83.6715326595, 43.0543722262 ], [ -83.6721804144, 43.0552745433 ], [ -83.6728576785, 43.0564379599 ], [ -83.6731736252, 43.0570233348 ], [ -83.6732656952, 43.057297182 ], [ -83.6733706669, 43.0575686467 ], [ -83.6735060194, 43.0579191924 ], [ -83.673531043, 43.058010596 ], [ -83.6736346469, 43.0583672648 ], [ -83.6738318374, 43.0591767724 ], [ -83.6738712235, 43.0595411735 ], [ -83.6738606465, 43.0613475463 ] ] } },
{ "type": "Feature", "properties": { "PR": "1505701", "Aadt": 3655, "AadtCommercial": 103, "FacilityType": 2, "Year": "2024", "LocationId": "25-6733" }, "geometry": { "type": "LineString", "coordinates": [ [ -83.7128721605, 43.02457313 ], [ -83.7128662057, 43.0250803272 ], [ -83.7128785983, 43.0253504303 ], [ -83.7128826698, 43.0257618402 ], [ -83.7128940397, 43.0261029326 ], [ -83.7128883041, 43.02648216 ], [ -83.7129045605, 43.0269005919 ], [ -83.71290366, 43.0269897102 ], [ -83.7129403552, 43.0277051969 ], [ -83.7129385065, 43.0279673022 ], [ -83.7129551418, 43.028325759 ], [ -83.7129614134, 43.0284835695 ], [ -83.7129456455, 43.0288104977 ], [ -83.7129598622, 43.0292308203 ], [ -83.7130192245, 43.0300548204 ], [ -83.7130373228, 43.0306587953 ], [ -83.7130373741, 43.03162596 ], [ -83.7130527164, 43.0324498005 ], [ -83.7130841726, 43.0331586731 ], [ -83.7130925988, 43.0338731271 ], [ -83.7131175765, 43.0345849635 ], [ -83.7131279031, 43.0352781512 ], [ -83.7131526534, 43.0360570481 ], [ -83.7131697712, 43.0367352251 ], [ -83.7131894194, 43.0373664943 ], [ -83.7132021884, 43.0379915909 ], [ -83.7132270996, 43.0386229798 ], [ -83.7132464046, 43.0392772766 ], [ -83.7132478029, 43.040020999 ], [ -83.713248028, 43.0403016592 ], [ -83.7132670528, 43.0407186987 ], [ -83.7133371737, 43.0415713342 ], [ -83.7133224575, 43.0422704895 ], [ -83.7133439564, 43.0430351148 ], [ -83.713372468, 43.0438547186 ], [ -83.7134000899, 43.0446748727 ], [ -83.7134352423, 43.0454420172 ], [ -83.7134638034, 43.0463182979 ], [ -83.7134873836, 43.0466009978 ], [ -83.7134808432, 43.0484252609 ], [ -83.7134386825, 43.0504867569 ], [ -83.7134275148, 43.0532558945 ], [ -83.7134760154, 43.0540404272 ] ] } },
{ "type": "Feature", "properties": { "PR": "1512407", "Aadt": 17448, "AadtCommercial": 471, "FacilityType": 2, "Year": "2024", "LocationId": "25-5463" }, "geometry": { "type": "LineString", "coordinates": [ [ -83.762651061, 43.0606509729 ], [ -83.7622961833, 43.0606541006 ], [ -83.7618868038, 43.0606460848 ], [ -83.760637021, 43.06066361 ], [ -83.7587933084, 43.0606730942 ], [ -83.7554326317, 43.0607140122 ], [ -83.753097168, 43.0607272514 ] ] } },
{ "type": "Feature", "properties": { "PR": "1497903", "Aadt": 41227, "AadtCommercial": 2020, "FacilityType": 2, "Year": "2024", "LocationId": "25-4046" }, "geometry": { "type": "LineString", "coordinates": [ [ -83.6807964578, 43.0255335228 ], [ -83.6792873103, 43.0281400108 ], [ -83.6789363525, 43.0287184451 ], [ -83.6787529851, 43.0290401836 ], [ -83.6777372754, 43.0308538513 ], [ -83.6776378333, 43.0310524519 ], [ -83.6773727641, 43.0316225637 ], [ -83.6771672032, 43.0320816582 ], [ -83.6770166, 43.0324911782 ], [ -83.6768882653, 43.032906658 ], [ -83.6767891347, 43.0333619747 ], [ -83.6767285441, 43.0337519263 ], [ -83.6766873111, 43.0341714356 ] ] } },
{ "type": "Feature", "properties": { "PR": "0654204", "Aadt": 3184, "AadtCommercial": 92, "FacilityType": 2, "Year": "2024", "LocationId": "63-5236" }, "geometry": { "type": "LineString", "coordinates": [ [ -83.404601112, 42.8526270504 ], [ -83.4052359941, 42.8663725251 ], [ -83.405255221, 42.8666776252 ], [ -83.405360625, 42.8699930422 ], [ -83.4054495335, 42.8727455814 ], [ -83.4054935839, 42.8736170878 ], [ -83.4056156215, 42.8772486855 ], [ -83.4056601681, 42.8784515031 ], [ -83.4057986208, 42.8813218952 ] ] } },
{ "type": "Feature", "properties": { "PR": "1502401", "Aadt": 4069, "AadtCommercial": null, "FacilityType": 4, "Year": "2024", "LocationId": "25-1212" }, "geometry": { "type": "LineString", "coordinates": [ [ -83.6825501455, 42.9742560955 ], [ -83.6824886161, 42.9730619173 ], [ -83.6824310935, 42.9725869366 ], [ -83.6823693575, 42.9722228507 ], [ -83.6823003562, 42.9718970313 ], [ -83.6822163975, 42.9713836166 ], [ -83.6821845604, 42.9711109724 ], [ -83.6821663845, 42.9708489367 ], [ -83.6821400973, 42.9702171125 ] ] } },
{ "type": "Feature", "properties": { "PR": "1523901", "Aadt": 12771, "AadtCommercial": 358, "FacilityType": 2, "Year": "2024", "LocationId": "25-5512" }, "geometry": { "type": "LineString", "coordinates": [ [ -83.8130784261, 43.0479997408 ], [ -83.8130643693, 43.0502160979 ], [ -83.8130092946, 43.0508722769 ], [ -83.8130078365, 43.0531802651 ] ] } },
{ "type": "Feature", "properties": { "PR": "1494809", "Aadt": 2833, "AadtCommercial": null, "FacilityType": 4, "Year": "2024", "LocationId": "25-4460" }, "geometry": { "type": "LineString", "coordinates": [ [ -83.6904272484, 43.0046701902 ], [ -83.68936316, 43.0051067287 ], [ -83.6887442943, 43.0053445244 ], [ -83.6882573027, 43.0055163 ], [ -83.6880222458, 43.0056228351 ], [ -83.6871708033, 43.0060886728 ] ] } },
{ "type": "Feature", "properties": { "PR": "1501908", "Aadt": 1685, "AadtCommercial": 49, "FacilityType": 2, "Year": "2024", "LocationId": "25-7065" }, "geometry": { "type": "LineString", "coordinates": [ [ -83.5187699448, 43.1074612437 ], [ -83.4991366764, 43.1075084712 ], [ -83.494388334, 43.1075267615 ], [ -83.4904984591, 43.1075526227 ], [ -83.4891240499, 43.1075605531 ], [ -83.4878762419, 43.1075906462 ], [ -83.4839238729, 43.1077129455 ], [ -83.4793471529, 43.1078492282 ] ] } },
{ "type": "Feature", "properties": { "PR": "0765602", "Aadt": 2261, "AadtCommercial": 63, "FacilityType": 2, "Year": "2024", "LocationId": "44-5068" }, "geometry": { "type": "LineString", "coordinates": [ [ -83.4604171091, 43.2099767586 ], [ -83.4596137191, 43.2104729931 ], [ -83.4592111987, 43.2107118896 ], [ -83.4590825702, 43.2107945672 ], [ -83.4585710887, 43.2110881971 ], [ -83.4584872323, 43.2111359269 ], [ -83.458417993, 43.211178707 ], [ -83.4583545241, 43.2112237611 ] ] } },
{ "type": "Feature", "properties": { "PR": "1520502", "Aadt": 6059, "AadtCommercial": 175, "FacilityType": 2, "Year": "2024", "LocationId": "25-5316" }, "geometry": { "type": "LineString", "coordinates": [ [ -83.7321755334, 42.9589099305 ], [ -83.7277466499, 42.9589802639 ] ] } },
{ "type": "Feature", "properties": { "PR": "3251714", "Aadt": 3629, "AadtCommercial": 106, "FacilityType": 2, "Year": "2024", "LocationId": "25-5122" }, "geometry": { "type": "LineString", "coordinates": [ [ -83.7643728717, 42.9873290526 ], [ -83.7644783409, 42.9908656478 ], [ -83.7645028847, 42.9918263916 ], [ -83.7644848566, 42.9920430852 ], [ -83.7644651877, 42.9922128824 ], [ -83.7644223776, 42.9923723577 ], [ -83.7643543479, 42.9925781965 ], [ -83.7642048377, 42.9928995735 ], [ -83.7640290883, 42.9931625448 ], [ -83.7638341811, 42.9933988568 ], [ -83.7634427186, 42.9937790759 ], [ -83.7629789371, 42.9942095913 ], [ -83.7627897291, 42.9944275402 ], [ -83.7626199284, 42.9946652701 ], [ -83.7624172603, 42.9949918526 ], [ -83.7623510017, 42.9951377974 ], [ -83.7623102839, 42.9952710997 ] ] } },
{ "type": "Feature", "properties": { "PR": "1495408", "Aadt": 3095, "AadtCommercial": null, "FacilityType": 4, "Year": "2024", "LocationId": "25-4489" }, "geometry": { "type": "LineString", "coordinates": [ [ -83.6543443191, 43.0127427018 ], [ -83.6540925547, 43.0129735767 ], [ -83.6539597253, 43.013094799 ], [ -83.6537818079, 43.0131766115 ], [ -83.6527040064, 43.0133295411 ], [ -83.6524646878, 43.0133416777 ], [ -83.6522848951, 43.0133208487 ], [ -83.6521358541, 43.0132579062 ], [ -83.6519879639, 43.0131650637 ], [ -83.6518927917, 43.0130647633 ], [ -83.6518500093, 43.0129655506 ], [ -83.6518188682, 43.0128665794 ], [ -83.6518296261, 43.0127385519 ], [ -83.6518553778, 43.0126749608 ], [ -83.6518992512, 43.0125946458 ], [ -83.6519667357, 43.0125062701 ], [ -83.6521040726, 43.0124193433 ], [ -83.6525092487, 43.0122522632 ] ] } },
{ "type": "Feature", "properties": { "PR": "1495003", "Aadt": 4829, "AadtCommercial": 135, "FacilityType": 2, "Year": "2024", "LocationId": "25-7087" }, "geometry": { "type": "LineString", "coordinates": [ [ -83.6149911029, 43.0105330667 ], [ -83.6125942323, 43.0105999082 ], [ -83.610071854, 43.0106499078 ], [ -83.6091574007, 43.0106642898 ], [ -83.6078183669, 43.0107106514 ], [ -83.6050639977, 43.0107674263 ], [ -83.6038412902, 43.0107952873 ], [ -83.6034977616, 43.0108001404 ], [ -83.6027992602, 43.0108176536 ], [ -83.6017265978, 43.0108407498 ], [ -83.6012942904, 43.0108402847 ], [ -83.6006489922, 43.0108609208 ], [ -83.5995573758, 43.010883596 ], [ -83.5984315674, 43.0109178723 ], [ -83.5973680134, 43.0109370818 ], [ -83.5962380365, 43.0109390586 ], [ -83.595116856, 43.0109687876 ] ] } },
{ "type": "Feature", "properties": { "PR": "1495607", "Aadt": 6943, "AadtCommercial": 202, "FacilityType": 2, "Year": "2024", "LocationId": "25-5493" }, "geometry": { "type": "LineString", "coordinates": [ [ -83.8624451368, 43.059714309 ], [ -83.8624814139, 43.0618811819 ], [ -83.8624876037, 43.0629928149 ] ] } },
{ "type": "Feature", "properties": { "PR": "1501603", "Aadt": 1682, "AadtCommercial": 49, "FacilityType": 2, "Year": "2024", "LocationId": "25-5391" }, "geometry": { "type": "LineString", "coordinates": [ [ -83.4943770938, 42.918654572 ], [ -83.4890722608, 42.9187539954 ], [ -83.4856856811, 42.9188141122 ], [ -83.474737973, 42.9190514777 ], [ -83.467920435, 42.9192199959 ], [ -83.4637757627, 42.9193384011 ], [ -83.4605574734, 42.9194521375 ], [ -83.4552084566, 42.9196712687 ] ] } },
{ "type": "Feature", "properties": { "PR": "1509904", "Aadt": 3892, "AadtCommercial": 113, "FacilityType": 2, "Year": "2024", "LocationId": "25-5161" }, "geometry": { "type": "LineString", "coordinates": [ [ -83.803230494, 42.8402503127 ], [ -83.7906377313, 42.8404856505 ], [ -83.7891943261, 42.8404976271 ], [ -83.7881314013, 42.8405064344 ], [ -83.7831075435, 42.8405383328 ], [ -83.7730938242, 42.8406023501 ], [ -83.7681052444, 42.8405880507 ], [ -83.7653245517, 42.8406493906 ], [ -83.7635780088, 42.8406878846 ], [ -83.7582656971, 42.8408048032 ], [ -83.758137464, 42.8408069287 ], [ -83.7556579517, 42.8408480033 ], [ -83.7499450249, 42.8409293392 ], [ -83.7483824449, 42.8409724944 ], [ -83.7456157686, 42.8409810812 ], [ -83.7406434068, 42.8410286204 ], [ -83.7383220604, 42.8410279947 ], [ -83.7376428362, 42.8410243163 ] ] } },
{ "type": "Feature", "properties": { "PR": "1520110", "Aadt": 12131, "AadtCommercial": 339, "FacilityType": 2, "Year": "2024", "LocationId": "25-5328" }, "geometry": { "type": "LineString", "coordinates": [ [ -83.7125719195, 42.9592509548 ], [ -83.7124977115, 42.9608268232 ], [ -83.7124169974, 42.9620512981 ], [ -83.712391504, 42.9633500287 ], [ -83.7123914836, 42.963551955 ], [ -83.7124946307, 42.9661087273 ], [ -83.712555988, 42.9671382358 ], [ -83.7125971982, 42.9683343471 ], [ -83.7126289277, 42.9695638822 ], [ -83.712828261, 42.9737985096 ] ] } },
{ "type": "Feature", "properties": { "PR": "0551907", "Aadt": 1298, "AadtCommercial": 37, "FacilityType": 2, "Year": "2024", "LocationId": "76-5149" }, "geometry": { "type": "LineString", "coordinates": [ [ -84.0098934595, 42.8227058048 ], [ -84.0123918288, 42.8266406443 ], [ -84.0124884929, 42.8268716619 ], [ -84.0126018959, 42.8272006486 ], [ -84.0126222617, 42.8274847422 ], [ -84.0126980746, 42.8292336348 ], [ -84.012728341, 42.829573016 ], [ -84.0127833703, 42.8296956246 ], [ -84.0128923374, 42.8297931188 ], [ -84.0130316472, 42.8298650833 ], [ -84.0131781271, 42.8298980758 ], [ -84.0133723642, 42.8299145344 ], [ -84.0134816936, 42.8299089588 ] ] } },
{ "type": "Feature", "properties": { "PR": "1522902", "Aadt": 10983, "AadtCommercial": 308, "FacilityType": 2, "Year": "2024", "LocationId": "25-5125" }, "geometry": { "type": "LineString", "coordinates": [ [ -83.5547808934, 42.9906839285 ], [ -83.5548427094, 42.9936702241 ], [ -83.5548505675, 42.994389952 ], [ -83.5549165978, 42.9958973742 ], [ -83.5549835947, 42.9979492065 ], [ -83.5550166053, 42.9990174627 ], [ -83.5550234835, 42.999232042 ], [ -83.5550731247, 43.0009409821 ], [ -83.5552098368, 43.0052472621 ], [ -83.5553370708, 43.0081255226 ], [ -83.5554144933, 43.0098768805 ], [ -83.555488803, 43.0118240911 ] ] } },
{ "type": "Feature", "properties": { "PR": "1523901", "Aadt": 4388, "AadtCommercial": 122, "FacilityType": 2, "Year": "2024", "LocationId": "25-5521" }, "geometry": { "type": "LineString", "coordinates": [ [ -83.8134654437, 43.0892029223 ], [ -83.8134975618, 43.0914931643 ], [ -83.8135227304, 43.0940535364 ], [ -83.8135418013, 43.0970793538 ], [ -83.8135510215, 43.0978701568 ], [ -83.8135862, 43.1000976875 ], [ -83.8135918739, 43.1037115955 ], [ -83.8136180809, 43.1066027305 ], [ -83.8136619259, 43.1114394955 ], [ -83.8136900273, 43.114223428 ], [ -83.8136917197, 43.1148842938 ], [ -83.8136897927, 43.1181259138 ] ] } },
{ "type": "Feature", "properties": { "PR": "1867803", "Aadt": 2979, "AadtCommercial": null, "FacilityType": 4, "Year": "2024", "LocationId": "25-0534" }, "geometry": { "type": "LineString", "coordinates": [ [ -83.6632573375, 42.9104976752 ], [ -83.6597687538, 42.9092769728 ], [ -83.6592682495, 42.909056948 ], [ -83.6589017078, 42.9088438055 ], [ -83.6585426449, 42.9085814842 ], [ -83.6582709501, 42.9083744161 ], [ -83.6581533623, 42.9082322042 ], [ -83.6580349889, 42.9081105316 ], [ -83.6578538101, 42.9078765581 ], [ -83.6577108035, 42.9076680422 ], [ -83.6571947509, 42.9066871412 ], [ -83.6567560745, 42.9058763934 ], [ -83.6566185069, 42.9056721009 ], [ -83.6564207331, 42.9054336704 ], [ -83.6563135449, 42.9053122286 ], [ -83.6561614948, 42.9051939662 ], [ -83.6559827683, 42.9050422624 ], [ -83.6557866477, 42.9049066422 ], [ -83.6555015954, 42.9047568442 ], [ -83.6552821794, 42.9046454062 ], [ -83.6550286083, 42.9045497038 ], [ -83.6547964424, 42.904479111 ], [ -83.6545639617, 42.904416733 ], [ -83.6543089723, 42.9043579989 ], [ -83.6539609434, 42.9043162336 ], [ -83.6537180593, 42.9042921255 ], [ -83.6535951058, 42.9042800404 ], [ -83.6535111969, 42.9042699572 ], [ -83.6534258979, 42.9042538863 ], [ -83.6533588726, 42.9042262767 ], [ -83.6532825104, 42.9041804317 ] ] } },
{ "type": "Feature", "properties": { "PR": "3251545", "Aadt": 7783, "AadtCommercial": 218, "FacilityType": 2, "Year": "2024", "LocationId": "25-7130" }, "geometry": { "type": "LineString", "coordinates": [ [ -83.4686704177, 43.0354726667 ], [ -83.4631617431, 43.0355976964 ], [ -83.4628486938, 43.03560336 ], [ -83.4605285971, 43.03566642 ], [ -83.4602022321, 43.0356775849 ], [ -83.4601974901, 43.0356776876 ], [ -83.459215381, 43.0356990622 ], [ -83.4587169393, 43.0357476876 ] ] } },
{ "type": "Feature", "properties": { "PR": "0553505", "Aadt": 442, "AadtCommercial": 11, "FacilityType": 2, "Year": "2024", "LocationId": "76-5191" }, "geometry": { "type": "LineString", "coordinates": [ [ -83.9778894941, 42.9091676 ], [ -83.9779039594, 42.9107518135 ], [ -83.9779118946, 42.9108285937 ], [ -83.9779158892, 42.9109236068 ] ] } },
{ "type": "Feature", "properties": { "PR": "1495102", "Aadt": 8438, "AadtCommercial": null, "FacilityType": 4, "Year": "2024", "LocationId": "25-4696" }, "geometry": { "type": "LineString", "coordinates": [ [ -83.6419753871, 43.0131947359 ], [ -83.6402114311, 43.0133225587 ], [ -83.6397494746, 43.0133330478 ], [ -83.6393727064, 43.0133268676 ], [ -83.638992928, 43.0132803828 ], [ -83.6384957959, 43.013196237 ], [ -83.6378787551, 43.0130223964 ], [ -83.6375321657, 43.0128860559 ], [ -83.6365693816, 43.0124954018 ], [ -83.6363693104, 43.0124107412 ], [ -83.635992205, 43.0122955564 ], [ -83.635765008, 43.0122623064 ], [ -83.634672509, 43.0122650574 ] ] } },
{ "type": "Feature", "properties": { "PR": "1497008", "Aadt": 16245, "AadtCommercial": 844, "FacilityType": 2, "Year": "2024", "LocationId": "25-4656" }, "geometry": { "type": "LineString", "coordinates": [ [ -83.6543102905, 43.0121601332 ], [ -83.6543228002, 43.0123040855 ], [ -83.6543239659, 43.0125130595 ], [ -83.6543443191, 43.0127427018 ], [ -83.654384308, 43.0134760554 ], [ -83.6544121099, 43.0141195023 ], [ -83.654421411, 43.0144089862 ], [ -83.6545155532, 43.0170066278 ], [ -83.6546245756, 43.0182129273 ], [ -83.654641401, 43.0184327071 ] ] } },
{ "type": "Feature", "properties": { "PR": "0474305", "Aadt": 496, "AadtCommercial": 11, "FacilityType": 2, "Year": "2024", "LocationId": "73-5207" }, "geometry": { "type": "LineString", "coordinates": [ [ -84.1095891827, 43.1446373217 ], [ -84.1091200803, 43.1446554455 ], [ -84.0897293588, 43.1452274353 ], [ -84.0866963903, 43.1452716096 ], [ -84.0700789423, 43.1456209533 ], [ -84.0697431819, 43.1456071522 ], [ -84.0638443506, 43.1457648637 ], [ -84.0611959249, 43.145838626 ], [ -84.0602640087, 43.1458635706 ], [ -84.05870254, 43.1459864849 ], [ -84.0558762412, 43.146218304 ], [ -84.0552625842, 43.1462691317 ], [ -84.0531691576, 43.1464335039 ], [ -84.0523473111, 43.1464973029 ], [ -84.0516431393, 43.1465436351 ], [ -84.05139279, 43.1465577541 ], [ -84.0509017307, 43.1465873492 ], [ -84.0506805393, 43.1465957689 ], [ -84.0505639962, 43.1465828838 ], [ -84.0504829688, 43.1465624561 ], [ -84.0503597436, 43.1465382218 ], [ -84.0502260688, 43.1465267594 ], [ -84.0498407059, 43.1465024392 ], [ -84.0483614035, 43.1464461415 ], [ -84.04362487, 43.1462488121 ], [ -84.0410917929, 43.1461455192 ], [ -84.0393688819, 43.1460713115 ], [ -84.0383495605, 43.1460342678 ], [ -84.0378634932, 43.1460219594 ], [ -84.0372234188, 43.1460302061 ], [ -84.0360021216, 43.1460886808 ], [ -84.0348012753, 43.1461288094 ], [ -84.02800656, 43.1463933753 ], [ -84.0183413971, 43.1465116113 ], [ -84.0148941133, 43.1465071193 ], [ -84.0082227185, 43.146530339 ], [ -84.0033244352, 43.1465804863 ], [ -83.9991964613, 43.1466172126 ], [ -83.9919568093, 43.1466969351 ], [ -83.9892497633, 43.1467246927 ], [ -83.9883579862, 43.1467498998 ], [ -83.9819792698, 43.1468724455 ], [ -83.9813203667, 43.1468894028 ], [ -83.9783826665, 43.1469289843 ], [ -83.974508105, 43.1469332221 ], [ -83.9718106275, 43.1469396804 ], [ -83.9700813831, 43.1469546061 ], [ -83.9688635211, 43.1469460095 ], [ -83.9687181336, 43.1469413996 ], [ -83.9649178324, 43.1469527914 ], [ -83.9589309402, 43.1470008537 ], [ -83.9539706495, 43.1470474453 ], [ -83.948990476, 43.1470923479 ], [ -83.9441618774, 43.147108149 ], [ -83.942303926, 43.1471177942 ], [ -83.9403891372, 43.1471198821 ], [ -83.9395544439, 43.1471145711 ], [ -83.9388744181, 43.1471186936 ], [ -83.9385598989, 43.1471221704 ], [ -83.9370650542, 43.1471325297 ], [ -83.9300514755, 43.1471998087 ], [ -83.9296207381, 43.1472091482 ] ] } },
{ "type": "Feature", "properties": { "PR": "1502205", "Aadt": 5022, "AadtCommercial": null, "FacilityType": 4, "Year": "2024", "LocationId": "25-0432" }, "geometry": { "type": "LineString", "coordinates": [ [ -83.7258225813, 42.972214115 ], [ -83.7259811812, 42.9719216578 ], [ -83.7260809962, 42.9717869358 ], [ -83.726182712, 42.9716920282 ], [ -83.7262798391, 42.9716293458 ], [ -83.7263624173, 42.9715937161 ], [ -83.7264894353, 42.9715465507 ], [ -83.7266496326, 42.9715174537 ], [ -83.7268089038, 42.9715131969 ], [ -83.7269440326, 42.9715208856 ], [ -83.7270651673, 42.9715407219 ], [ -83.7272259702, 42.9715862162 ], [ -83.7273949788, 42.9716840796 ], [ -83.7275091208, 42.9718007288 ], [ -83.7275902672, 42.97189434 ], [ -83.7276245175, 42.9719745798 ], [ -83.7276585815, 42.9720597872 ], [ -83.7276730895, 42.9721247149 ], [ -83.7276799983, 42.9722118628 ], [ -83.7277184087, 42.9729982026 ], [ -83.727713318, 42.9731348294 ], [ -83.7276697611, 42.9732135056 ], [ -83.7275783799, 42.9733036499 ], [ -83.7273750836, 42.9734531303 ] ] } },
{ "type": "Feature", "properties": { "PR": "1527603", "Aadt": 16145, "AadtCommercial": 451, "FacilityType": 2, "Year": "2024", "LocationId": "25-5429" }, "geometry": { "type": "LineString", "coordinates": [ [ -83.5967494286, 42.9309727714 ], [ -83.5971931443, 42.9352232256 ], [ -83.5972340774, 42.9354425862 ], [ -83.5973217964, 42.9358368553 ], [ -83.5973785795, 42.9360952626 ], [ -83.5975670483, 42.9368651344 ], [ -83.5978361732, 42.9380909242 ], [ -83.5978618471, 42.9382799477 ], [ -83.5978846616, 42.938433346 ], [ -83.5979258054, 42.9393090332 ], [ -83.5980567168, 42.9428501529 ], [ -83.5981060257, 42.9440675825 ], [ -83.5981423459, 42.9444113495 ], [ -83.5981583804, 42.944597597 ], [ -83.5981782148, 42.9447367338 ], [ -83.5981812113, 42.9448090154 ], [ -83.5981858234, 42.9449392478 ], [ -83.598167776, 42.9450227853 ], [ -83.598155378, 42.9450699287 ], [ -83.598135128, 42.9451228879 ], [ -83.5981018357, 42.9451774763 ], [ -83.5980741792, 42.9452207448 ], [ -83.5980677581, 42.9452283393 ] ] } },
{ "type": "Feature", "properties": { "PR": "0762408", "Aadt": 1634, "AadtCommercial": 48, "FacilityType": 2, "Year": "2024", "LocationId": "44-5011" }, "geometry": { "type": "LineString", "coordinates": [ [ -83.4036473952, 42.9542061078 ], [ -83.4036858241, 42.955387488 ], [ -83.4036951146, 42.9558284449 ], [ -83.4037305466, 42.9569381072 ], [ -83.403854985, 42.9608351159 ], [ -83.4038760255, 42.9614705774 ], [ -83.404124543, 42.9690417687 ], [ -83.4041412388, 42.969340893 ] ] } },
{ "type": "Feature", "properties": { "PR": "0474104", "Aadt": 788, "AadtCommercial": 24, "FacilityType": 2, "Year": "2024", "LocationId": "73-5233" }, "geometry": { "type": "LineString", "coordinates": [ [ -83.9884375571, 43.2200262345 ], [ -83.9869561506, 43.2221923804 ], [ -83.9867505674, 43.222576816 ], [ -83.9865918126, 43.2229873807 ], [ -83.9864661398, 43.2234029553 ], [ -83.9863956373, 43.2237917292 ], [ -83.9863634684, 43.2241721305 ], [ -83.9863729762, 43.2252307273 ], [ -83.9864094742, 43.2346367366 ], [ -83.9864346143, 43.236195755 ], [ -83.9864950122, 43.2397583226 ], [ -83.9865443451, 43.2433925624 ], [ -83.9865850289, 43.2453370798 ], [ -83.9866124661, 43.2470427487 ], [ -83.9866138615, 43.247302985 ], [ -83.9866173758, 43.2479584903 ] ] } },
{ "type": "Feature", "properties": { "PR": "1503204", "Aadt": 7300, "AadtCommercial": null, "FacilityType": 4, "Year": "2024", "LocationId": "25-0576" }, "geometry": { "type": "LineString", "coordinates": [ [ -83.7403428426, 42.9889103004 ], [ -83.7404626211, 42.9890527528 ], [ -83.740785708, 42.9894802796 ], [ -83.7408364098, 42.989541154 ], [ -83.7408874253, 42.9896012798 ], [ -83.7409360922, 42.9896546856 ], [ -83.7409924041, 42.9897120562 ], [ -83.7410488925, 42.9897646652 ], [ -83.7411045115, 42.9898127592 ], [ -83.7411661158, 42.9898604322 ], [ -83.7412331627, 42.9899084851 ], [ -83.7412939329, 42.9899506916 ], [ -83.7413574047, 42.989990093 ], [ -83.7414235065, 42.990028593 ], [ -83.741558272, 42.9901065969 ], [ -83.7417337155, 42.9902082938 ], [ -83.7419245199, 42.9903160161 ], [ -83.7420988438, 42.9904129231 ], [ -83.7422541264, 42.9904980097 ], [ -83.7423464803, 42.9905465671 ], [ -83.7423913236, 42.9905717717 ], [ -83.742434168, 42.9905983668 ], [ -83.7424739859, 42.9906277615 ], [ -83.742507912, 42.990658469 ], [ -83.7425407334, 42.9906927287 ], [ -83.7425695813, 42.9907290548 ], [ -83.7425944302, 42.9907681602 ], [ -83.7426143873, 42.990807884 ], [ -83.7426303973, 42.9908489577 ], [ -83.7426415154, 42.9908906499 ], [ -83.7426486611, 42.9909344075 ], [ -83.7426481, 42.9909758656 ], [ -83.7426406192, 42.9910200465 ], [ -83.7426254846, 42.9910604995 ], [ -83.7426065375, 42.9910987316 ], [ -83.7425787513, 42.9911389311 ], [ -83.7425462571, 42.9911747479 ], [ -83.7425098963, 42.9912097715 ], [ -83.7424697999, 42.991240431 ], [ -83.742425891, 42.9912688696 ], [ -83.7423761959, 42.9912957622 ], [ -83.742325686, 42.991318349 ], [ -83.7422694417, 42.9913379614 ], [ -83.7422065964, 42.9913517219 ], [ -83.7421427967, 42.9913594453 ], [ -83.7420773634, 42.9913620114 ], [ -83.742008624, 42.9913584943 ], [ -83.7419422134, 42.99135127 ], [ -83.741875841, 42.991340828 ], [ -83.7416193012, 42.9913018676 ] ] } },
{ "type": "Feature", "properties": { "PR": "1506606", "Aadt": 5621, "AadtCommercial": 164, "FacilityType": 2, "Year": "2024", "LocationId": "25-5496" }, "geometry": { "type": "LineString", "coordinates": [ [ -83.8527123145, 43.0672353614 ], [ -83.8527360615, 43.0681733037 ], [ -83.8527609093, 43.0690261462 ], [ -83.8527810793, 43.0707109436 ], [ -83.8527987602, 43.0711098941 ], [ -83.8528722352, 43.0744633264 ], [ -83.8528813268, 43.0746817283 ] ] } },
{ "type": "Feature", "properties": { "PR": "1498309", "Aadt": 16313, "AadtCommercial": 457, "FacilityType": 2, "Year": "2024", "LocationId": "25-5397" }, "geometry": { "type": "LineString", "coordinates": [ [ -83.6164227228, 42.9252002062 ], [ -83.615777733, 42.925272177 ], [ -83.6151333751, 42.925345851 ], [ -83.6127195237, 42.9256311957 ], [ -83.6125298875, 42.9256641035 ], [ -83.6122164481, 42.9257184937 ], [ -83.6110024359, 42.9259315916 ], [ -83.6100814078, 42.926091104 ], [ -83.6095709042, 42.9261819198 ], [ -83.6091873632, 42.926266951 ], [ -83.6087447712, 42.9263888329 ], [ -83.6085227294, 42.9264688081 ], [ -83.6081487113, 42.9266048383 ], [ -83.6079028159, 42.9267054755 ], [ -83.6075159567, 42.9268750994 ], [ -83.6069627885, 42.9271724414 ], [ -83.6062053304, 42.927570211 ], [ -83.6056105396, 42.9279074569 ], [ -83.6055281392, 42.9279541779 ], [ -83.6054889944, 42.9279772509 ], [ -83.6030833025, 42.9293951454 ], [ -83.6026400798, 42.9296340863 ], [ -83.6017397421, 42.930151095 ], [ -83.6008988467, 42.9305279397 ], [ -83.6000927301, 42.9307672179 ], [ -83.5995620418, 42.9308458618 ], [ -83.5989780891, 42.9309328162 ], [ -83.5967494286, 42.9309727714 ] ] } },
{ "type": "Feature", "properties": { "PR": "3251558", "Aadt": 18556, "AadtCommercial": 501, "FacilityType": 2, "Year": "2024", "LocationId": "25-5232" }, "geometry": { "type": "LineString", "coordinates": [ [ -83.7719480181, 42.9758964036 ], [ -83.7720447078, 42.9787848261 ], [ -83.7720427494, 42.9790458158 ], [ -83.7720706922, 42.9796056899 ], [ -83.7721032754, 42.980688572 ], [ -83.7722433587, 42.9853438576 ], [ -83.7723114725, 42.9873552352 ] ] } },
{ "type": "Feature", "properties": { "PR": "1497804", "Aadt": 71375, "AadtCommercial": 6425, "FacilityType": 2, "Year": "2024", "LocationId": "25-0096" }, "geometry": { "type": "LineString", "coordinates": [ [ -83.7385120422, 42.9897371507 ], [ -83.7400002542, 42.990748994 ], [ -83.744389559, 42.9931729196 ], [ -83.7457503693, 42.9939347057 ], [ -83.7461200488, 42.9941267455 ], [ -83.7464831622, 42.9943604198 ], [ -83.7470234571, 42.9947224538 ], [ -83.7474063572, 42.9950546187 ], [ -83.7476203986, 42.995278003 ], [ -83.7476248147, 42.9952821642 ], [ -83.7478781789, 42.9955209057 ], [ -83.7480174401, 42.9957055032 ], [ -83.7481803669, 42.9959371924 ], [ -83.7483798264, 42.996211568 ], [ -83.7486096456, 42.9965238453 ], [ -83.7487715163, 42.9968142057 ], [ -83.7488690526, 42.9970187993 ], [ -83.7490084521, 42.9973758093 ], [ -83.7490454643, 42.9974897704 ], [ -83.7492080984, 42.9978821576 ], [ -83.7492810752, 42.9982147745 ], [ -83.7493421638, 42.9984865088 ], [ -83.7493660616, 42.9987147889 ], [ -83.7493664915, 42.9987828307 ], [ -83.7493679501, 42.9990138205 ], [ -83.7493590145, 42.9993440542 ], [ -83.7493673689, 43.0021433688 ] ] } },
{ "type": "Feature", "properties": { "PR": "1495302", "Aadt": 730, "AadtCommercial": null, "FacilityType": 4, "Year": "2024", "LocationId": "25-9628" }, "geometry": { "type": "LineString", "coordinates": [ [ -83.8307730283, 42.9669658729 ], [ -83.8315967731, 42.9669887982 ], [ -83.8323116619, 42.9669758994 ], [ -83.8326437117, 42.9669556545 ], [ -83.8327950956, 42.9669205387 ], [ -83.8329474237, 42.9668588265 ], [ -83.8331006959, 42.9667705197 ], [ -83.8332233336, 42.9666702198 ], [ -83.8333790373, 42.9665135238 ], [ -83.8336051007, 42.9662707328 ], [ -83.833949435, 42.9659047457 ], [ -83.8340995561, 42.9657593474 ], [ -83.8342381139, 42.9656479459 ], [ -83.8343487813, 42.9655930378 ], [ -83.8345596319, 42.9654868225 ], [ -83.8350535664, 42.9653209107 ] ] } },
{ "type": "Feature", "properties": { "PR": "1495003", "Aadt": 12989, "AadtCommercial": 364, "FacilityType": 2, "Year": "2024", "LocationId": "25-7106" }, "geometry": { "type": "LineString", "coordinates": [ [ -83.5363383277, 43.0122446654 ], [ -83.5345014017, 43.012295436 ], [ -83.5326764271, 43.0123296671 ], [ -83.5319593619, 43.0123431086 ], [ -83.5311719022, 43.0123909613 ], [ -83.5304114932, 43.012500077 ], [ -83.5303571107, 43.0125083166 ], [ -83.528610863, 43.0127728681 ], [ -83.5220016916, 43.0139053375 ], [ -83.5175412644, 43.0146693846 ] ] } },
{ "type": "Feature", "properties": { "PR": "1505805", "Aadt": 2955, "AadtCommercial": 87, "FacilityType": 2, "Year": "2024", "LocationId": "25-5481" }, "geometry": { "type": "LineString", "coordinates": [ [ -83.8530634071, 43.089287731 ], [ -83.8528058417, 43.089326074 ], [ -83.8480698835, 43.0893677473 ], [ -83.8433259856, 43.0894162665 ], [ -83.836883354, 43.0894304795 ], [ -83.8333426969, 43.0894401507 ], [ -83.8283807018, 43.0893952751 ], [ -83.8226716148, 43.0893362613 ], [ -83.8208363535, 43.0893201685 ], [ -83.8173023036, 43.0892625427 ], [ -83.8154773839, 43.0892485615 ], [ -83.8134654437, 43.0892029223 ] ] } },
{ "type": "Feature", "properties": { "PR": "1515306", "Aadt": 2726, "AadtCommercial": 80, "FacilityType": 2, "Year": "2024", "LocationId": "25-5461" }, "geometry": { "type": "LineString", "coordinates": [ [ -83.773982393, 43.1482243183 ], [ -83.7711644371, 43.1482559376 ], [ -83.763658029, 43.1483121249 ], [ -83.7633448728, 43.1483153013 ], [ -83.7606929492, 43.1483483115 ], [ -83.7585640721, 43.1483952533 ], [ -83.7582528482, 43.1483967129 ], [ -83.7540195923, 43.1484486667 ], [ -83.7442472772, 43.1482413169 ], [ -83.7401435672, 43.1481866574 ], [ -83.7342309507, 43.1481070165 ] ] } },
{ "type": "Feature", "properties": { "PR": "1523901", "Aadt": 4103, "AadtCommercial": 115, "FacilityType": 2, "Year": "2024", "LocationId": "25-5214" }, "geometry": { "type": "LineString", "coordinates": [ [ -83.8105749973, 42.9426084367 ], [ -83.8105558827, 42.9426281367 ], [ -83.8105282137, 42.9426669252 ], [ -83.8105180754, 42.9427053391 ], [ -83.810524445, 42.9427447871 ], [ -83.8105444565, 42.942783785 ], [ -83.8105819862, 42.9428317735 ], [ -83.8106271549, 42.9428838897 ], [ -83.8106627685, 42.9429310546 ], [ -83.8106996184, 42.9429889682 ], [ -83.8107379237, 42.943067211 ], [ -83.8108527324, 42.9462765395 ], [ -83.8109284136, 42.9500355047 ], [ -83.8109502961, 42.9534477553 ], [ -83.8110392048, 42.9546835655 ], [ -83.8111512502, 42.957505867 ], [ -83.811168191, 42.9585758771 ], [ -83.8112344181, 42.9608611025 ], [ -83.8112281695, 42.9612099847 ], [ -83.811259446, 42.9613522568 ] ] } },
{ "type": "Feature", "properties": { "PR": "0562201", "Aadt": 2175, "AadtCommercial": null, "FacilityType": 4, "Year": "2024", "LocationId": "76-0158" }, "geometry": { "type": "LineString", "coordinates": [ [ -83.9996750535, 42.9259236995 ], [ -83.9998797166, 42.9258475298 ], [ -84.0000866276, 42.9257507285 ], [ -84.0004004461, 42.9256637013 ], [ -84.0007185762, 42.925670633 ], [ -84.0008966845, 42.9257074007 ], [ -84.0010760367, 42.925774996 ], [ -84.0012766807, 42.9259195715 ], [ -84.0014320997, 42.9261666056 ], [ -84.0014313525, 42.926434512 ], [ -84.0012314418, 42.9267264697 ], [ -84.0007494912, 42.9270099786 ] ] } },
{ "type": "Feature", "properties": { "PR": "1499401", "Aadt": 1078, "AadtCommercial": 31, "FacilityType": 2, "Year": "2024", "LocationId": "25-6896" }, "geometry": { "type": "LineString", "coordinates": [ [ -83.6863332529, 43.009173943 ], [ -83.6858279917, 43.0094541053 ], [ -83.685393128, 43.0097244392 ], [ -83.6850952992, 43.0099147538 ], [ -83.6845193259, 43.0102882727 ], [ -83.6842698441, 43.0104387252 ], [ -83.6838843262, 43.010554266 ], [ -83.6834225784, 43.0107013863 ], [ -83.6831307318, 43.010850969 ], [ -83.6829027208, 43.0109940798 ], [ -83.6827382502, 43.0111384912 ], [ -83.6826364354, 43.0113075189 ], [ -83.6825125535, 43.0114994287 ], [ -83.6823700986, 43.0119009598 ], [ -83.6822873937, 43.0121248244 ], [ -83.6823172127, 43.0122925886 ] ] } },
{ "type": "Feature", "properties": { "PR": "0649504", "Aadt": 13542, "AadtCommercial": 381, "FacilityType": 2, "Year": "2024", "LocationId": "63-5224" }, "geometry": { "type": "LineString", "coordinates": [ [ -83.647717718, 42.804511064 ], [ -83.6459655104, 42.8048181164 ], [ -83.6443875184, 42.8050755635 ], [ -83.6428561063, 42.805313704 ], [ -83.641024559, 42.8056090751 ], [ -83.640269718, 42.8057307985 ], [ -83.6378438624, 42.8061650965 ], [ -83.6375670585, 42.8061605861 ], [ -83.6372198857, 42.8061750044 ], [ -83.6363406798, 42.8061960155 ], [ -83.6361247309, 42.8061990956 ], [ -83.6353894623, 42.8062124243 ], [ -83.6349126319, 42.806226502 ], [ -83.6336896659, 42.8062529626 ], [ -83.6322587774, 42.8062773074 ], [ -83.6281097319, 42.8063627848 ], [ -83.6260571928, 42.8063893741 ], [ -83.6255414195, 42.8064009478 ], [ -83.6252352328, 42.8064187355 ], [ -83.6249852649, 42.8064411647 ], [ -83.6246877996, 42.8064764379 ], [ -83.6244842571, 42.8065136847 ], [ -83.6239276999, 42.8066853937 ], [ -83.6232567351, 42.8068973849 ], [ -83.6199958011, 42.8079017429 ], [ -83.6199428512, 42.8079180505 ], [ -83.6191972154, 42.8081473448 ], [ -83.6180924996, 42.8084980693 ], [ -83.6178327474, 42.8085953426 ], [ -83.6176513299, 42.808667651 ], [ -83.61751701, 42.8087374922 ], [ -83.6172860738, 42.8088745076 ], [ -83.6171025028, 42.8090021394 ], [ -83.6168733023, 42.8092153258 ], [ -83.6165955625, 42.8095882511 ], [ -83.6163167834, 42.8098680278 ], [ -83.6160686559, 42.8100842734 ], [ -83.6144372627, 42.8112348361 ], [ -83.613197356, 42.8121404466 ], [ -83.6112884433, 42.8134766395 ], [ -83.6110963832, 42.8135644677 ], [ -83.6108858198, 42.813660374 ], [ -83.6106807622, 42.8137356318 ], [ -83.6102720569, 42.8138651532 ], [ -83.6099963485, 42.8139287943 ], [ -83.6096650169, 42.8139875365 ], [ -83.6093204052, 42.8140252331 ], [ -83.6089437259, 42.8140414864 ], [ -83.607880251, 42.8140708835 ], [ -83.6044040008, 42.8141356523 ], [ -83.6040610082, 42.8141318393 ], [ -83.6038218834, 42.8141163866 ], [ -83.6035363338, 42.8140861054 ], [ -83.6032795052, 42.8140425903 ], [ -83.5996216704, 42.8134137253 ], [ -83.5990539728, 42.8133161136 ], [ -83.5970981729, 42.8129665372 ], [ -83.5967805697, 42.8129147937 ], [ -83.5964483355, 42.8128765804 ], [ -83.596045381, 42.8128437828 ], [ -83.5958110939, 42.8128387977 ], [ -83.5956132993, 42.8128345888 ], [ -83.5938044501, 42.812813385 ], [ -83.5935600941, 42.812811642 ], [ -83.5933482055, 42.8128209714 ], [ -83.5931407435, 42.812837316 ], [ -83.5929519303, 42.8128575186 ], [ -83.5926067733, 42.812908996 ], [ -83.591853906, 42.8130486829 ], [ -83.5911300303, 42.8131682183 ], [ -83.5906953624, 42.8132247039 ], [ -83.5891885855, 42.8134105865 ], [ -83.588119052, 42.8135338882 ], [ -83.5859571657, 42.8138226677 ], [ -83.584727554, 42.8139900273 ], [ -83.5836040972, 42.8141322417 ], [ -83.5790991464, 42.814732917 ], [ -83.578051133, 42.8148854492 ], [ -83.5767947081, 42.8150384685 ], [ -83.5758880207, 42.8151436069 ], [ -83.5750758129, 42.8152369222 ], [ -83.5742079276, 42.815311734 ], [ -83.5736277697, 42.8153615702 ], [ -83.5728782567, 42.8154146895 ], [ -83.5720444382, 42.8154382777 ] ] } },
{ "type": "Feature", "properties": { "PR": "1501502", "Aadt": 9700, "AadtCommercial": 272, "FacilityType": 2, "Year": "2024", "LocationId": "25-0027" }, "geometry": { "type": "LineString", "coordinates": [ [ -83.5047164511, 42.9472769479 ], [ -83.5047783413, 42.9485134686 ], [ -83.5048853225, 42.9497409491 ], [ -83.5052151012, 42.9530595972 ], [ -83.5057842937, 42.9586374213 ], [ -83.5058357247, 42.9590906429 ], [ -83.50609357, 42.9615342637 ], [ -83.5061759066, 42.9624621782 ], [ -83.5062314783, 42.9638462268 ], [ -83.5062813514, 42.9659994032 ], [ -83.5063603461, 42.9696761681 ], [ -83.5065003662, 42.9754732582 ], [ -83.5065333118, 42.9768158544 ], [ -83.5065636583, 42.978254236 ], [ -83.5066453235, 42.9810661248 ], [ -83.506702877, 42.9840281482 ], [ -83.5068205806, 42.9879498046 ], [ -83.5069076164, 42.9911993055 ] ] } },
{ "type": "Feature", "properties": { "PR": "1514408", "Aadt": 1142, "AadtCommercial": 32, "FacilityType": 2, "Year": "2024", "LocationId": "25-7133" }, "geometry": { "type": "LineString", "coordinates": [ [ -83.4805187632, 43.2096650602 ], [ -83.4805380595, 43.2104806028 ], [ -83.4806261159, 43.2170548558 ], [ -83.4808023079, 43.223049417 ] ] } },
{ "type": "Feature", "properties": { "PR": "0550708", "Aadt": 34488, "AadtCommercial": 6484, "FacilityType": 2, "Year": "2024", "LocationId": "76-0049" }, "geometry": { "type": "LineString", "coordinates": [ [ -84.0007494912, 42.9270099786 ], [ -83.9988028297, 42.9274696664 ], [ -83.998192599, 42.9276177842 ], [ -83.9975908794, 42.9277986482 ], [ -83.9966025163, 42.9281796053 ], [ -83.9958785004, 42.9284565724 ], [ -83.9954765912, 42.9286365653 ], [ -83.9951986663, 42.9287616184 ], [ -83.9948765026, 42.9288933097 ], [ -83.9947429671, 42.9289634989 ], [ -83.9940926349, 42.9293325797 ], [ -83.9932897632, 42.9298565877 ], [ -83.9924327566, 42.9304615437 ], [ -83.9915437009, 42.9312895083 ], [ -83.9912759858, 42.931568532 ], [ -83.9911493576, 42.9317005087 ], [ -83.9908503042, 42.9320135284 ], [ -83.9902073018, 42.9327375241 ], [ -83.9894553679, 42.9335744581 ], [ -83.9885671844, 42.9345525881 ], [ -83.9882675365, 42.9348974522 ], [ -83.9869515226, 42.9363454048 ], [ -83.9853174508, 42.9381443613 ], [ -83.9827063258, 42.9410532825 ], [ -83.9768334861, 42.9475173221 ], [ -83.97514933, 42.9493981198 ], [ -83.9738693277, 42.9508101066 ], [ -83.9737320966, 42.9509523218 ], [ -83.9702448748, 42.9548044002 ], [ -83.9692056406, 42.9559882999 ], [ -83.9689033489, 42.9562451949 ], [ -83.9682583629, 42.9568607443 ], [ -83.9675766039, 42.9574241155 ], [ -83.9662334299, 42.9584060565 ], [ -83.9653920997, 42.9589246034 ], [ -83.963367466, 42.9600160402 ], [ -83.9633169508, 42.9600368551 ], [ -83.9617133379, 42.9606975883 ], [ -83.9609841372, 42.9609699171 ], [ -83.9595874247, 42.9613846282 ], [ -83.9582852585, 42.9617188508 ], [ -83.9566376609, 42.9620349805 ], [ -83.9555323134, 42.9622098799 ], [ -83.9514589581, 42.962598814 ], [ -83.9502742249, 42.96270755 ], [ -83.9499403955, 42.9627309259 ], [ -83.9434228004, 42.9632967972 ], [ -83.9412363255, 42.9634993664 ], [ -83.9376347653, 42.9638003045 ], [ -83.9358905045, 42.9639458501 ], [ -83.9339548519, 42.9640289075 ], [ -83.9330529331, 42.9640482714 ], [ -83.9288629595, 42.964138133 ] ] } },
{ "type": "Feature", "properties": { "PR": "0762707", "Aadt": 848, "AadtCommercial": 26, "FacilityType": 2, "Year": "2024", "LocationId": "44-5007" }, "geometry": { "type": "LineString", "coordinates": [ [ -83.4552084566, 42.9196712687 ], [ -83.4516852008, 42.9197029532 ], [ -83.4500684098, 42.9197019246 ], [ -83.4452007256, 42.9197078458 ], [ -83.4450514604, 42.9197070728 ], [ -83.4440456056, 42.9196581019 ], [ -83.4437787493, 42.9195954922 ], [ -83.4433607125, 42.9194658109 ], [ -83.4430586482, 42.9193245994 ], [ -83.442137663, 42.9187945284 ], [ -83.4417487762, 42.918658425 ], [ -83.4414717203, 42.9186097275 ], [ -83.441173959, 42.9185959264 ], [ -83.4399977046, 42.9186471485 ], [ -83.4377879325, 42.9187881527 ], [ -83.4370635667, 42.9188495684 ], [ -83.4360953653, 42.9189439138 ], [ -83.4359721539, 42.918935403 ], [ -83.4358765051, 42.9189287962 ], [ -83.4357235579, 42.9189041135 ], [ -83.4356003427, 42.9188588841 ], [ -83.4354581948, 42.9188061523 ], [ -83.4353448914, 42.9187540744 ], [ -83.4351937213, 42.9186869918 ], [ -83.4349292489, 42.9185678298 ], [ -83.434081462, 42.9181774032 ], [ -83.4327575037, 42.9175741045 ], [ -83.4320853463, 42.9173080016 ], [ -83.4318668826, 42.9172393886 ], [ -83.4316661646, 42.9172065445 ], [ -83.4314645568, 42.9171948987 ], [ -83.4312911992, 42.9171980405 ], [ -83.4310027631, 42.9171914981 ], [ -83.4297120509, 42.9172299963 ], [ -83.4268800366, 42.9172818103 ], [ -83.4249601468, 42.9173209259 ], [ -83.4219575122, 42.9173962132 ], [ -83.4172211101, 42.9175026784 ], [ -83.4158342946, 42.9175343938 ], [ -83.4130329748, 42.9176074182 ], [ -83.4111185112, 42.9176603922 ], [ -83.4086449345, 42.9176936474 ], [ -83.4078739814, 42.9177184468 ], [ -83.4073922159, 42.9177505767 ], [ -83.4070636723, 42.9177635599 ], [ -83.4068302299, 42.9178218754 ], [ -83.4064232816, 42.9180021326 ], [ -83.406163864, 42.9181036961 ], [ -83.4059688769, 42.9181628905 ], [ -83.4058318772, 42.9182163399 ], [ -83.4056435718, 42.9182532786 ], [ -83.4053974259, 42.9182488289 ], [ -83.4051666762, 42.9182435431 ], [ -83.4049218251, 42.9182291432 ], [ -83.4044765291, 42.9181782178 ], [ -83.4038653978, 42.918065186 ], [ -83.4032245258, 42.9179726899 ], [ -83.4029090467, 42.9179230173 ], [ -83.4026506561, 42.9178887993 ], [ -83.4024313963, 42.9178621182 ], [ -83.4020554606, 42.91785393 ], [ -83.4011129443, 42.917839383 ], [ -83.3980507469, 42.9178822583 ], [ -83.3974311477, 42.9179080986 ] ] } },
{ "type": "Feature", "properties": { "PR": "1499404", "Aadt": 733, "AadtCommercial": 21, "FacilityType": 2, "Year": "2024", "LocationId": "25-6904" }, "geometry": { "type": "LineString", "coordinates": [ [ -83.6882986467, 43.0130977215 ], [ -83.6876684479, 43.0133965488 ] ] } },
{ "type": "Feature", "properties": { "PR": "3250181", "Aadt": 7170, "AadtCommercial": 201, "FacilityType": 2, "Year": "2024", "LocationId": "25-5124" }, "geometry": { "type": "LineString", "coordinates": [ [ -83.8307719031, 42.9716876401 ], [ -83.8308324719, 42.9750348581 ], [ -83.8309014197, 42.9788448754 ], [ -83.831015323, 42.9842140989 ], [ -83.831026043, 42.9857476384 ], [ -83.830956347, 42.9859662756 ], [ -83.8309448016, 42.9860022461 ], [ -83.830931768, 42.9860332527 ], [ -83.8309123434, 42.9860672849 ], [ -83.8308961067, 42.9860914878 ], [ -83.8308734483, 42.9861265749 ], [ -83.8308615215, 42.9861512009 ], [ -83.830854771, 42.9861729385 ], [ -83.8308530823, 42.9861985195 ], [ -83.8308586159, 42.9862267063 ], [ -83.8308708316, 42.9862528577 ], [ -83.8308831821, 42.9862758797 ], [ -83.830895832, 42.9862973158 ], [ -83.8309071273, 42.9863176837 ], [ -83.8309178826, 42.9863418804 ], [ -83.8309262258, 42.9863663153 ], [ -83.831004424, 42.9866669159 ], [ -83.8310682524, 42.9876549853 ], [ -83.8310871902, 42.990211756 ], [ -83.8311991793, 43.0000425684 ], [ -83.8312487638, 43.000785923 ] ] } },
{ "type": "Feature", "properties": { "PR": "1502802", "Aadt": 11505, "AadtCommercial": 337, "FacilityType": 2, "Year": "2024", "LocationId": "25-5250" }, "geometry": { "type": "LineString", "coordinates": [ [ -83.7222438189, 42.8047146943 ], [ -83.7227672561, 42.804705202 ], [ -83.7236274543, 42.8046895963 ], [ -83.723952385, 42.8046818413 ], [ -83.7240833156, 42.8046810493 ], [ -83.7241790922, 42.8046820266 ], [ -83.7243028512, 42.8047128331 ], [ -83.7243543269, 42.8047256691 ], [ -83.7243758803, 42.804733612 ], [ -83.7243959259, 42.8047429542 ], [ -83.7244151136, 42.8047545752 ], [ -83.7244609671, 42.8047865539 ] ] } },
{ "type": "Feature", "properties": { "PR": "0758901", "Aadt": 1453, "AadtCommercial": 40, "FacilityType": 2, "Year": "2024", "LocationId": "44-5077" }, "geometry": { "type": "LineString", "coordinates": [ [ -83.4062435535, 43.1278003822 ], [ -83.406264115, 43.128069596 ], [ -83.4064535952, 43.1316606722 ], [ -83.4066533822, 43.1352664894 ], [ -83.4067225116, 43.1363444735 ], [ -83.4068270048, 43.1365849454 ], [ -83.4069986646, 43.1368199491 ], [ -83.4074443665, 43.1371312394 ], [ -83.4080829287, 43.1376289972 ], [ -83.408255192, 43.1378500077 ], [ -83.4083635667, 43.1379995351 ], [ -83.4084626233, 43.138207025 ], [ -83.4085985689, 43.1387681711 ], [ -83.4086320338, 43.1391050535 ], [ -83.4086054996, 43.1395035875 ], [ -83.4085448971, 43.1398055638 ], [ -83.4084968809, 43.1400332951 ], [ -83.4084297314, 43.1402628424 ], [ -83.4082007943, 43.1406987693 ], [ -83.407204557, 43.1423573931 ], [ -83.4071444102, 43.1426003145 ], [ -83.4071206577, 43.1428295165 ], [ -83.4071253451, 43.1432721148 ], [ -83.4071501453, 43.1435877925 ], [ -83.4071982251, 43.1438059667 ], [ -83.4072521321, 43.1440113618 ], [ -83.4073633069, 43.1443315566 ], [ -83.407459217, 43.1446382173 ], [ -83.407524918, 43.1448918075 ], [ -83.4075349536, 43.145253761 ], [ -83.4076734447, 43.1477587349 ], [ -83.4076809783, 43.1479624469 ], [ -83.4077787885, 43.1510696733 ], [ -83.4078191207, 43.1516170147 ] ] } },
{ "type": "Feature", "properties": { "PR": "3252451", "Aadt": 5808, "AadtCommercial": 169, "FacilityType": 2, "Year": "2024", "LocationId": "25-5341" }, "geometry": { "type": "LineString", "coordinates": [ [ -83.6558921801, 42.900895496 ], [ -83.655241052, 42.9009075986 ], [ -83.6546084048, 42.9009273641 ], [ -83.6542425376, 42.9009896613 ], [ -83.6540375862, 42.9010716251 ], [ -83.6535932376, 42.9012108963 ], [ -83.6530275653, 42.9014036522 ], [ -83.6526262814, 42.9015705024 ], [ -83.6525454434, 42.9015902742 ], [ -83.6524874412, 42.9016021786 ], [ -83.6524346262, 42.9016084614 ], [ -83.6523891595, 42.9016104963 ], [ -83.652345474, 42.9016083973 ], [ -83.6522954453, 42.9016025913 ], [ -83.652240383, 42.9015971662 ], [ -83.6521934631, 42.9015960747 ], [ -83.6521430227, 42.9016009852 ], [ -83.6520874954, 42.901611749 ], [ -83.652039654, 42.9016333984 ], [ -83.6519963466, 42.9016624089 ], [ -83.6519625857, 42.9016985332 ], [ -83.6519416394, 42.9017374253 ], [ -83.651933302, 42.9017844416 ], [ -83.6519277433, 42.9018236524 ], [ -83.6519208674, 42.9018561652 ], [ -83.6519047348, 42.9018963482 ], [ -83.6518854933, 42.9019318165 ], [ -83.6518572354, 42.9019711521 ], [ -83.6518192651, 42.9020113607 ], [ -83.6514601703, 42.9021600156 ], [ -83.6512511386, 42.9022389737 ], [ -83.6510746803, 42.9023003756 ], [ -83.6508787038, 42.9023635157 ], [ -83.6506789481, 42.9024237177 ], [ -83.6504444219, 42.9024927778 ], [ -83.6501869426, 42.9025617893 ], [ -83.6500044765, 42.9026023287 ], [ -83.6498614882, 42.9026279575 ], [ -83.6496893623, 42.9026493158 ], [ -83.6495006014, 42.9026645484 ], [ -83.6492740058, 42.9026765212 ], [ -83.6490443548, 42.9026836629 ], [ -83.6484872825, 42.9026954574 ], [ -83.647028261, 42.9027270257 ], [ -83.6460775395, 42.902742134 ] ] } },
{ "type": "Feature", "properties": { "PR": "0553803", "Aadt": 7733, "AadtCommercial": 394, "FacilityType": 2, "Year": "2024", "LocationId": "76-0010" }, "geometry": { "type": "LineString", "coordinates": [ [ -84.0007494912, 42.9270099786 ], [ -84.0009808825, 42.9272289247 ], [ -84.0019740378, 42.9283596539 ], [ -84.0025863789, 42.9289781135 ], [ -84.0027567317, 42.9291644061 ], [ -84.0030102569, 42.9294313376 ], [ -84.0034689681, 42.9297429415 ], [ -84.0035087542, 42.9297699676 ], [ -84.0054772828, 42.9307549303 ], [ -84.008255692, 42.9321450104 ], [ -84.0101262932, 42.9330254712 ], [ -84.0110372127, 42.9335194354 ], [ -84.0170516604, 42.9366602215 ], [ -84.0218817416, 42.9393286823 ], [ -84.0232172727, 42.9400769481 ] ] } },
{ "type": "Feature", "properties": { "PR": "1500909", "Aadt": 565, "AadtCommercial": 18, "FacilityType": 1, "Year": "2024", "LocationId": "25-6829" }, "geometry": { "type": "LineString", "coordinates": [ [ -83.694389141, 43.1185908535 ], [ -83.6933036776, 43.1185899077 ], [ -83.6923853223, 43.1186361687 ] ] } },
{ "type": "Feature", "properties": { "PR": "3251558", "Aadt": 2055, "AadtCommercial": 58, "FacilityType": 2, "Year": "2024", "LocationId": "25-5536" }, "geometry": { "type": "LineString", "coordinates": [ [ -83.774396961, 43.1917866786 ], [ -83.7743996308, 43.1940527014 ], [ -83.7743996489, 43.1940675405 ], [ -83.774415259, 43.1949220393 ], [ -83.7744104275, 43.1961548812 ], [ -83.7744223927, 43.1983881442 ], [ -83.7744314387, 43.19974543 ], [ -83.7744477598, 43.2063110615 ], [ -83.7744410295, 43.2097411782 ], [ -83.7744385462, 43.2102683425 ], [ -83.7744222909, 43.2134867282 ], [ -83.7744418926, 43.2198871673 ], [ -83.7744612351, 43.2205895016 ], [ -83.7744610825, 43.221283874 ] ] } },
{ "type": "Feature", "properties": { "PR": "1505701", "Aadt": 4037, "AadtCommercial": 112, "FacilityType": 2, "Year": "2024", "LocationId": "25-6642" }, "geometry": { "type": "LineString", "coordinates": [ [ -83.7147745128, 43.0123699822 ], [ -83.7150301111, 43.0127487085 ], [ -83.7150971687, 43.0128612113 ], [ -83.7151458498, 43.0129885987 ], [ -83.7151546162, 43.0130715926 ], [ -83.7151624038, 43.0131807193 ], [ -83.7151689653, 43.0133225119 ], [ -83.7151525377, 43.0134042718 ], [ -83.7150539974, 43.0137086441 ], [ -83.7148842436, 43.0142322924 ], [ -83.7147247434, 43.0146797433 ], [ -83.7144202722, 43.0156717125 ], [ -83.7143983956, 43.0157429842 ], [ -83.7143902053, 43.0157672959 ], [ -83.7140327799, 43.0168282594 ], [ -83.7137032052, 43.0178830655 ], [ -83.713250011, 43.0192855368 ], [ -83.7126586916, 43.0201192835 ], [ -83.7126011104, 43.0202139211 ], [ -83.7125955704, 43.0204813948 ], [ -83.7128136482, 43.021845279 ], [ -83.7128246449, 43.0222126429 ], [ -83.7128508675, 43.0229880627 ], [ -83.7128703212, 43.0237639968 ], [ -83.7128721605, 43.02457313 ] ] } },
{ "type": "Feature", "properties": { "PR": "1523901", "Aadt": 6901, "AadtCommercial": 194, "FacilityType": 2, "Year": "2024", "LocationId": "25-5527" }, "geometry": { "type": "LineString", "coordinates": [ [ -83.8133474047, 43.0782790184 ], [ -83.8133291663, 43.0785606191 ], [ -83.8133666412, 43.0807067933 ], [ -83.813404763, 43.0828797782 ], [ -83.813390934, 43.0834112802 ], [ -83.8134654437, 43.0892029223 ] ] } },
{ "type": "Feature", "properties": { "PR": "1501408", "Aadt": 2205, "AadtCommercial": 63, "FacilityType": 2, "Year": "2024", "LocationId": "25-6775" }, "geometry": { "type": "LineString", "coordinates": [ [ -83.753444598, 43.0753957359 ], [ -83.7534728511, 43.0767820491 ], [ -83.7534957939, 43.077775801 ], [ -83.7535179736, 43.0795780887 ], [ -83.7536145403, 43.0839715654 ], [ -83.7536291602, 43.0864024802 ], [ -83.753675131, 43.09002212 ] ] } },
{ "type": "Feature", "properties": { "PR": "0649104", "Aadt": 4981, "AadtCommercial": 145, "FacilityType": 2, "Year": "2024", "LocationId": "63-5201" }, "geometry": { "type": "LineString", "coordinates": [ [ -83.6472706446, 42.7762948911 ], [ -83.6474282681, 42.7792357413 ], [ -83.6474446722, 42.7799128136 ], [ -83.6475421584, 42.7828655944 ], [ -83.6475539349, 42.7835140587 ], [ -83.6475483325, 42.7838988217 ], [ -83.6474995572, 42.7842497916 ], [ -83.6474540762, 42.7844437935 ], [ -83.6473301459, 42.7847978898 ], [ -83.6472235458, 42.7851952446 ], [ -83.6471516542, 42.7853963154 ], [ -83.6470983413, 42.7855910206 ], [ -83.6470623118, 42.7858130942 ], [ -83.6470631813, 42.7860291858 ], [ -83.6471022806, 42.7871696624 ], [ -83.6471280447, 42.7879211745 ], [ -83.6472710599, 42.7914731744 ], [ -83.6473512256, 42.7938254839 ], [ -83.6473793491, 42.7945510283 ], [ -83.6474589211, 42.7966040351 ], [ -83.6474890707, 42.7973818665 ], [ -83.647514318, 42.7976794944 ], [ -83.6475530447, 42.7979661696 ], [ -83.6476546374, 42.7986243552 ], [ -83.6476688681, 42.7989506427 ], [ -83.6476756506, 42.7992088721 ], [ -83.6476213861, 42.7996669071 ], [ -83.6475854454, 42.8001253148 ], [ -83.6475851144, 42.8006114634 ], [ -83.6475898886, 42.8008874488 ], [ -83.6475975165, 42.8013284317 ], [ -83.6476373788, 42.8023546251 ], [ -83.6476572235, 42.8031592921 ], [ -83.647717718, 42.804511064 ], [ -83.6478179187, 42.8092246122 ], [ -83.6478430961, 42.8096302278 ], [ -83.6479197306, 42.8132290584 ] ] } },
{ "type": "Feature", "properties": { "PR": "1503101", "Aadt": 4868, "AadtCommercial": 142, "FacilityType": 2, "Year": "2024", "LocationId": "25-5298" }, "geometry": { "type": "LineString", "coordinates": [ [ -83.7292768846, 42.8706397641 ], [ -83.7291677123, 42.871164998 ], [ -83.7290823986, 42.8719256547 ], [ -83.7290664535, 42.8726107703 ], [ -83.7291132987, 42.8745819089 ], [ -83.729240177, 42.8782126719 ], [ -83.729465432, 42.8853454728 ] ] } },
{ "type": "Feature", "properties": { "PR": "1531801", "Aadt": 4215, "AadtCommercial": 118, "FacilityType": 2, "Year": "2024", "LocationId": "25-5438" }, "geometry": { "type": "LineString", "coordinates": [ [ -83.5332335872, 42.9185070959 ], [ -83.5329003613, 42.9183220263 ], [ -83.5326267469, 42.9182046223 ], [ -83.5323406879, 42.9181152209 ], [ -83.5320917916, 42.9180582325 ], [ -83.5317020427, 42.9180148037 ], [ -83.5288314926, 42.9180507598 ], [ -83.5262461655, 42.9180924714 ], [ -83.5255911962, 42.9180838185 ], [ -83.5250782866, 42.9180574927 ], [ -83.5246208517, 42.9180227787 ], [ -83.5241155542, 42.9179356803 ], [ -83.5217531265, 42.9174822632 ], [ -83.5212510162, 42.9173864963 ], [ -83.5205091707, 42.9172389887 ], [ -83.519415082, 42.917061879 ], [ -83.518607724, 42.9169703473 ], [ -83.5167313929, 42.9168370674 ], [ -83.5155604781, 42.9168035646 ], [ -83.5142428696, 42.9168165385 ], [ -83.5103414832, 42.9168523112 ], [ -83.5091775105, 42.9168727973 ], [ -83.5083911069, 42.9168662597 ], [ -83.5079838174, 42.9168742076 ], [ -83.5065233773, 42.916882204 ], [ -83.5050061689, 42.9169178323 ], [ -83.5037589603, 42.9169210432 ], [ -83.5032103823, 42.9169508493 ], [ -83.502815439, 42.9169972626 ], [ -83.5021907548, 42.9170666436 ], [ -83.5018422385, 42.9170840961 ], [ -83.5016775048, 42.9170812618 ] ] } },
{ "type": "Feature", "properties": { "PR": "0762408", "Aadt": 1835, "AadtCommercial": 55, "FacilityType": 2, "Year": "2024", "LocationId": "44-5008" }, "geometry": { "type": "LineString", "coordinates": [ [ -83.3974311477, 42.9179080986 ], [ -83.3974695628, 42.9199273791 ], [ -83.3975404212, 42.9214367365 ], [ -83.3976336449, 42.9249918994 ], [ -83.3976294474, 42.9251806656 ], [ -83.3977464945, 42.9274883367 ], [ -83.3977748094, 42.9286697775 ], [ -83.3978456518, 42.930286011 ], [ -83.3979431117, 42.9324700068 ], [ -83.3979907248, 42.9340741748 ], [ -83.3980199579, 42.9351262428 ], [ -83.3980674399, 42.9353678247 ], [ -83.3981263434, 42.9355672294 ], [ -83.3981972685, 42.9357103233 ], [ -83.3982684956, 42.9358463514 ], [ -83.3983592565, 42.9359757544 ], [ -83.3984972043, 42.9361274607 ], [ -83.3987057806, 42.9364293254 ], [ -83.3993744566, 42.9373429878 ], [ -83.399838549, 42.9379787863 ], [ -83.4008337067, 42.9393640615 ], [ -83.4009334955, 42.9395078156 ], [ -83.4010326841, 42.939665703 ], [ -83.4010949042, 42.9397873762 ], [ -83.401147206, 42.9399158946 ], [ -83.4012073246, 42.9400870318 ], [ -83.4013026113, 42.9403367811 ], [ -83.4021617496, 42.9429992333 ], [ -83.4022125604, 42.9431657331 ], [ -83.4032272131, 42.9462517105 ], [ -83.403377546, 42.9467927225 ], [ -83.4034157376, 42.9470270147 ], [ -83.4034367924, 42.9472114021 ], [ -83.4034327941, 42.947458052 ], [ -83.4034414496, 42.9476829641 ], [ -83.4035254127, 42.9505661501 ], [ -83.403536708, 42.9518119139 ], [ -83.4036473952, 42.9542061078 ] ] } },
{ "type": "Feature", "properties": { "PR": "1499403", "Aadt": 6786, "AadtCommercial": 143, "FacilityType": 1, "Year": "2024", "LocationId": "25-4003" }, "geometry": { "type": "LineString", "coordinates": [ [ -83.6869069283, 43.0115774845 ], [ -83.6857658854, 43.0122781749 ], [ -83.6844846322, 43.0127969116 ], [ -83.6832102003, 43.0133765885 ], [ -83.6823909095, 43.0137646743 ], [ -83.68200238, 43.013943194 ], [ -83.6818842352, 43.0139953803 ], [ -83.6817250675, 43.0140685937 ], [ -83.6815931078, 43.0141452947 ], [ -83.6813027238, 43.0142518565 ] ] } },
{ "type": "Feature", "properties": { "PR": "1497409", "Aadt": 10463, "AadtCommercial": 282, "FacilityType": 2, "Year": "2024", "LocationId": "25-7094" }, "geometry": { "type": "LineString", "coordinates": [ [ -83.6154035832, 43.0330466265 ], [ -83.6120975513, 43.0331214568 ], [ -83.6079997592, 43.0332107698 ], [ -83.6063091537, 43.0332682806 ], [ -83.6051551784, 43.0332936743 ], [ -83.6049016922, 43.0333099803 ], [ -83.6017348127, 43.0334263582 ], [ -83.5997609235, 43.0335126786 ], [ -83.5956998197, 43.0336418974 ] ] } },
{ "type": "Feature", "properties": { "PR": "1498304", "Aadt": 7158, "AadtCommercial": 206, "FacilityType": 2, "Year": "2024", "LocationId": "25-5410" }, "geometry": { "type": "LineString", "coordinates": [ [ -83.604343875, 42.9090580408 ], [ -83.6037951722, 42.9090776774 ], [ -83.594870171, 42.90918189 ], [ -83.594231186, 42.9091970497 ], [ -83.5910371474, 42.909261192 ], [ -83.5910202803, 42.9092619561 ], [ -83.588534958, 42.9093745969 ], [ -83.5864466108, 42.9094498489 ], [ -83.5843132096, 42.9095266853 ], [ -83.5821441297, 42.9096197742 ], [ -83.5799903001, 42.9097142187 ], [ -83.5721745929, 42.9100156386 ], [ -83.568020809, 42.9100429798 ], [ -83.5618291011, 42.9101262801 ], [ -83.5604620899, 42.910158571 ], [ -83.5532000122, 42.9102746315 ], [ -83.550019932, 42.9103322194 ], [ -83.5465371154, 42.9104182067 ], [ -83.5404084355, 42.9105617265 ], [ -83.5336558647, 42.9107425161 ] ] } },
{ "type": "Feature", "properties": { "PR": "1844209", "Aadt": 118, "AadtCommercial": null, "FacilityType": 4, "Year": "2024", "LocationId": "25-4131" }, "geometry": { "type": "LineString", "coordinates": [ [ -83.6826306398, 43.0701571771 ], [ -83.6829374009, 43.0714098108 ], [ -83.683074032, 43.072254589 ], [ -83.6834759067, 43.0745071386 ] ] } },
{ "type": "Feature", "properties": { "PR": "1497102", "Aadt": 3155, "AadtCommercial": 77, "FacilityType": 2, "Year": "2024", "LocationId": "25-6701" }, "geometry": { "type": "LineString", "coordinates": [ [ -83.6935068077, 43.0192174978 ], [ -83.6934348722, 43.0193246915 ], [ -83.6934474051, 43.0202523228 ], [ -83.6934769782, 43.0213296497 ], [ -83.6934619026, 43.0221170734 ], [ -83.6934860427, 43.0224604996 ], [ -83.693505442, 43.0234589452 ], [ -83.6934942227, 43.0244361259 ], [ -83.6934962556, 43.0250165364 ], [ -83.6935246659, 43.0256493817 ], [ -83.6935227417, 43.0261273518 ], [ -83.6935386576, 43.0269080647 ], [ -83.6935446047, 43.0275662433 ], [ -83.6935452043, 43.0284567772 ], [ -83.6935608207, 43.0286641647 ], [ -83.6935584914, 43.028840546 ], [ -83.6935712143, 43.0293354005 ], [ -83.6935817935, 43.0300615684 ], [ -83.693583225, 43.0307830043 ], [ -83.6936144979, 43.0317525448 ], [ -83.6936293134, 43.0327468411 ], [ -83.6936458844, 43.0336070643 ], [ -83.6936462036, 43.034448481 ], [ -83.6936667438, 43.0353893819 ] ] } },
{ "type": "Feature", "properties": { "PR": "1506007", "Aadt": 2584, "AadtCommercial": 73, "FacilityType": 2, "Year": "2024", "LocationId": "25-5466" }, "geometry": { "type": "LineString", "coordinates": [ [ -83.6574068329, 43.1200901155 ], [ -83.6576782776, 43.1259296752 ], [ -83.6578217987, 43.1294296954 ], [ -83.658011391, 43.1350646623 ], [ -83.6580359632, 43.136563209 ], [ -83.6581239361, 43.138774805 ], [ -83.6582304743, 43.141765328 ], [ -83.6582417512, 43.1419897675 ], [ -83.6582801465, 43.143020535 ], [ -83.6583556327, 43.1460737821 ], [ -83.6584577242, 43.1496491669 ] ] } },
{ "type": "Feature", "properties": { "PR": "0555909", "Aadt": 4390, "AadtCommercial": 104, "FacilityType": 2, "Year": "2024", "LocationId": "76-5154" }, "geometry": { "type": "LineString", "coordinates": [ [ -83.9422988888, 42.8182168438 ], [ -83.9424316797, 42.818366908 ], [ -83.9427062916, 42.8187807252 ], [ -83.9429680015, 42.8192544249 ], [ -83.9431113139, 42.8195255686 ], [ -83.943234534, 42.8197564759 ], [ -83.9432870658, 42.8198433206 ], [ -83.9437098006, 42.8206127438 ], [ -83.9437807531, 42.8207164699 ], [ -83.944002379, 42.8211310631 ], [ -83.9440938738, 42.821303599 ], [ -83.9441682411, 42.8214345764 ], [ -83.9442683985, 42.821923187 ], [ -83.9443147101, 42.822714111 ], [ -83.9443943116, 42.8239785945 ] ] } },
{ "type": "Feature", "properties": { "PR": "1514409", "Aadt": 988, "AadtCommercial": 29, "FacilityType": 2, "Year": "2024", "LocationId": "44-5064" }, "geometry": { "type": "LineString", "coordinates": [ [ -83.4594580302, 43.1277882888 ], [ -83.4594729936, 43.1297030538 ] ] } },
{ "type": "Feature", "properties": { "PR": "1506507", "Aadt": 2146, "AadtCommercial": 61, "FacilityType": 2, "Year": "2024", "LocationId": "25-5499" }, "geometry": { "type": "LineString", "coordinates": [ [ -83.8526121076, 43.0654552589 ], [ -83.8514590737, 43.0654411052 ], [ -83.8508361525, 43.0654599164 ], [ -83.8491437708, 43.0654564761 ], [ -83.8465354421, 43.0654759902 ], [ -83.8454161474, 43.0654757918 ], [ -83.8443047398, 43.0654831083 ], [ -83.8432128494, 43.0654753579 ], [ -83.8426431159, 43.0654568099 ], [ -83.840726705, 43.0653803201 ], [ -83.8394178275, 43.0653409413 ], [ -83.8384738325, 43.0653021285 ] ] } },
{ "type": "Feature", "properties": { "PR": "1502807", "Aadt": 6096, "AadtCommercial": 170, "FacilityType": 2, "Year": "2024", "LocationId": "25-5164" }, "geometry": { "type": "LineString", "coordinates": [ [ -83.7706559628, 42.8627122817 ], [ -83.7689403052, 42.8627493074 ], [ -83.7648835815, 42.8628115924 ], [ -83.7637370189, 42.8628288437 ], [ -83.7631178431, 42.8628391872 ], [ -83.75905744, 42.8629069301 ], [ -83.7570290851, 42.8629446147 ], [ -83.756676235, 42.8629501569 ], [ -83.7491853514, 42.8630635383 ], [ -83.7463555262, 42.8630578427 ], [ -83.7454354317, 42.8630514235 ], [ -83.7408484739, 42.8630193117 ], [ -83.739940118, 42.8630229607 ], [ -83.7396756115, 42.8630196604 ] ] } },
{ "type": "Feature", "properties": { "PR": "0654204", "Aadt": 837, "AadtCommercial": 47, "FacilityType": 2, "Year": "2024", "LocationId": "63-5237" }, "geometry": { "type": "LineString", "coordinates": [ [ -83.4127064068, 42.8079407712 ], [ -83.4128440414, 42.8106214119 ], [ -83.4129322835, 42.8123400018 ], [ -83.4130561744, 42.8162535791 ], [ -83.4131321981, 42.8183921882 ], [ -83.4132383662, 42.8213125524 ], [ -83.413275587, 42.8221915921 ], [ -83.4134518279, 42.8260858519 ], [ -83.4134628601, 42.8269355645 ], [ -83.4135957538, 42.8297337978 ], [ -83.4136828062, 42.8316443921 ], [ -83.4138756549, 42.837044187 ], [ -83.4140138886, 42.8406844762 ], [ -83.4140646069, 42.8416124778 ], [ -83.4140843196, 42.8425623549 ], [ -83.4141535037, 42.8439106873 ], [ -83.4141571917, 42.8440746543 ], [ -83.4141124479, 42.8442065084 ], [ -83.4140377555, 42.844391886 ], [ -83.4139046954, 42.8445293175 ], [ -83.4137060901, 42.8447120727 ], [ -83.4134770153, 42.8448629167 ], [ -83.4131747597, 42.8449886757 ], [ -83.4128532887, 42.8450671715 ], [ -83.4120636762, 42.8452558306 ], [ -83.4107764394, 42.8455269382 ], [ -83.4103900734, 42.8456351582 ], [ -83.4100772147, 42.8457606666 ], [ -83.4098275936, 42.8458954256 ], [ -83.4096508225, 42.8460630676 ], [ -83.4094962282, 42.8462078039 ], [ -83.4094237597, 42.8464168515 ], [ -83.4093894623, 42.8465980832 ], [ -83.4094010364, 42.8472091407 ], [ -83.4094164804, 42.8480945283 ], [ -83.4095074277, 42.849132477 ], [ -83.4095594422, 42.8509852496 ], [ -83.4095425852, 42.8511331387 ], [ -83.4094945986, 42.8512647068 ], [ -83.4093437733, 42.8514171397 ], [ -83.4091966382, 42.8515388289 ], [ -83.4090238034, 42.8516129117 ], [ -83.4087989773, 42.8516623931 ], [ -83.408660568, 42.8516748325 ], [ -83.4055426755, 42.8517763825 ] ] } },
{ "type": "Feature", "properties": { "PR": "1497008", "Aadt": 10381, "AadtCommercial": 250, "FacilityType": 2, "Year": "2024", "LocationId": "25-0004" }, "geometry": { "type": "LineString", "coordinates": [ [ -83.6741369315, 43.0758683317 ], [ -83.6743310316, 43.0840395709 ], [ -83.6744119437, 43.0889984362 ], [ -83.6744654022, 43.0904509007 ], [ -83.6745061022, 43.0912932892 ], [ -83.6745292485, 43.0918105112 ], [ -83.6746441769, 43.0924650579 ], [ -83.6748808293, 43.0941804406 ], [ -83.6749904334, 43.095018991 ], [ -83.6753397411, 43.0976673006 ], [ -83.6754039891, 43.0982810565 ], [ -83.6754369953, 43.0988613873 ], [ -83.6754390741, 43.0992883078 ], [ -83.6756606942, 43.1051238498 ], [ -83.6760065664, 43.1167949233 ], [ -83.6761313659, 43.119776182 ] ] } },
{ "type": "Feature", "properties": { "PR": "1510803", "Aadt": 7000, "AadtCommercial": 196, "FacilityType": 2, "Year": "2024", "LocationId": "25-5259" }, "geometry": { "type": "LineString", "coordinates": [ [ -83.7048046653, 42.7977184115 ], [ -83.7048402148, 42.7980397972 ], [ -83.704865986, 42.7985999883 ], [ -83.7048917568, 42.7994198431 ], [ -83.7049215399, 42.8002678807 ], [ -83.7049215152, 42.8011193334 ], [ -83.7049755142, 42.8019547749 ], [ -83.7049969527, 42.8028155584 ], [ -83.705136872, 42.805531475 ], [ -83.7051878822, 42.8056936471 ], [ -83.7052766596, 42.8058635927 ], [ -83.7060558242, 42.8065606192 ], [ -83.7070087516, 42.8073770281 ], [ -83.707141115, 42.8074734263 ], [ -83.707272417, 42.8077046534 ], [ -83.707270116, 42.8088130059 ], [ -83.7072774962, 42.8095852555 ], [ -83.7072804625, 42.8096785452 ], [ -83.707368786, 42.8117704553 ], [ -83.7074013465, 42.8125514691 ], [ -83.7074220534, 42.8134653277 ], [ -83.7074580118, 42.8150522439 ], [ -83.7075342715, 42.8177998056 ] ] } },
{ "type": "Feature", "properties": { "PR": "1505403", "Aadt": 5528, "AadtCommercial": 157, "FacilityType": 2, "Year": "2024", "LocationId": "25-7044" }, "geometry": { "type": "LineString", "coordinates": [ [ -83.7342309507, 43.1481070165 ], [ -83.7343040988, 43.15294738 ], [ -83.7343446432, 43.1550273002 ], [ -83.7343390874, 43.1554164623 ], [ -83.7344558828, 43.1626912795 ], [ -83.7344653197, 43.1643450223 ], [ -83.7345060347, 43.1694802036 ], [ -83.7345095254, 43.1699204855 ], [ -83.7345443132, 43.171768954 ] ] } },
{ "type": "Feature", "properties": { "PR": "3251558", "Aadt": 3536, "AadtCommercial": 105, "FacilityType": 2, "Year": "2024", "LocationId": "25-5459" }, "geometry": { "type": "LineString", "coordinates": [ [ -83.7737777961, 43.1188326558 ], [ -83.773807394, 43.1245381521 ], [ -83.7738127974, 43.1253988586 ], [ -83.7738209346, 43.1266758902 ], [ -83.7738051686, 43.1274998525 ], [ -83.7738039983, 43.128281069 ], [ -83.7737566351, 43.1336897782 ], [ -83.7736889852, 43.1338082276 ], [ -83.7736477609, 43.1339154346 ], [ -83.7735872952, 43.1339916925 ], [ -83.7735519837, 43.1340914584 ], [ -83.7735546706, 43.1345938103 ], [ -83.773595535, 43.1356378515 ], [ -83.7737892866, 43.140250955 ], [ -83.7738710687, 43.1431873911 ], [ -83.7739174935, 43.1461636087 ], [ -83.773982393, 43.1482243183 ] ] } },
{ "type": "Feature", "properties": { "PR": "1499408", "Aadt": 4362, "AadtCommercial": 122, "FacilityType": 2, "Year": "2024", "LocationId": "25-6627" }, "geometry": { "type": "LineString", "coordinates": [ [ -83.7022708241, 43.0118124636 ], [ -83.7021114438, 43.0119484652 ], [ -83.7019537183, 43.0120618903 ], [ -83.7018024263, 43.0121373108 ] ] } },
{ "type": "Feature", "properties": { "PR": "1495401", "Aadt": 940, "AadtCommercial": null, "FacilityType": 4, "Year": "2024", "LocationId": "25-4669" }, "geometry": { "type": "LineString", "coordinates": [ [ -83.7064619576, 42.998163573 ], [ -83.7064199166, 42.9985270509 ], [ -83.7064099062, 42.9986474986 ], [ -83.7063609655, 42.9987832425 ], [ -83.7062522533, 42.9989057102 ], [ -83.7058762068, 42.999143407 ], [ -83.705288022, 42.9994853845 ], [ -83.7051593737, 42.9995551651 ], [ -83.7050048644, 42.9995842044 ], [ -83.7048622114, 42.9995893536 ], [ -83.7047259417, 42.9995705019 ], [ -83.7045793264, 42.9995353547 ], [ -83.7044447217, 42.9994722978 ], [ -83.704322429, 42.9993732969 ], [ -83.7042498662, 42.9992632398 ], [ -83.7042163849, 42.9991338665 ], [ -83.7042225902, 42.9989691049 ], [ -83.7043396407, 42.9986822665 ] ] } },
{ "type": "Feature", "properties": { "PR": "1512801", "Aadt": 2229, "AadtCommercial": 64, "FacilityType": 2, "Year": "2024", "LocationId": "25-7098" }, "geometry": { "type": "LineString", "coordinates": [ [ -83.5974768802, 43.0918381735 ], [ -83.596556049, 43.0918339218 ], [ -83.5798949099, 43.0915697739 ], [ -83.5791631804, 43.0915568271 ], [ -83.5786718204, 43.0915758457 ], [ -83.5782497502, 43.091601709 ], [ -83.5778365566, 43.091650511 ] ] } },
{ "type": "Feature", "properties": { "PR": "3251574", "Aadt": 2369, "AadtCommercial": 68, "FacilityType": 2, "Year": "2024", "LocationId": "25-5443" }, "geometry": { "type": "LineString", "coordinates": [ [ -83.5545248552, 42.9761569666 ], [ -83.5490746485, 42.9762364237 ], [ -83.5481106455, 42.9762522004 ], [ -83.5479101214, 42.9762489252 ], [ -83.5451434012, 42.9762952223 ], [ -83.5436279729, 42.9763162416 ], [ -83.53989868, 42.97634293 ], [ -83.5358401017, 42.9763774252 ], [ -83.5351643352, 42.9763883822 ], [ -83.5293293644, 42.9764581611 ], [ -83.5261499152, 42.9765159092 ], [ -83.5188014831, 42.9765910407 ], [ -83.5171964765, 42.9766152019 ], [ -83.5167393695, 42.9766230271 ], [ -83.5157128432, 42.9766433105 ], [ -83.5144716775, 42.9766574875 ], [ -83.5134032184, 42.9766757228 ], [ -83.5110897088, 42.9767304314 ], [ -83.5091844159, 42.9767599204 ], [ -83.5065333118, 42.9768158544 ] ] } },
{ "type": "Feature", "properties": { "PR": "1498104", "Aadt": 13607, "AadtCommercial": 381, "FacilityType": 2, "Year": "2024", "LocationId": "25-7031" }, "geometry": { "type": "LineString", "coordinates": [ [ -83.6846866168, 43.0757809252 ], [ -83.6837755574, 43.0757939219 ], [ -83.6835139207, 43.0757910171 ], [ -83.6826647427, 43.0757816858 ] ] } },
{ "type": "Feature", "properties": { "PR": "1519606", "Aadt": 12575, "AadtCommercial": 353, "FacilityType": 2, "Year": "2024", "LocationId": "25-5292" }, "geometry": { "type": "LineString", "coordinates": [ [ -83.7269698102, 42.9147104017 ], [ -83.7261319326, 42.9147311779 ], [ -83.7258578094, 42.9147285356 ], [ -83.7250417274, 42.9147396813 ], [ -83.7234822039, 42.9147660168 ], [ -83.721237521, 42.9148038845 ], [ -83.7209307353, 42.9148067802 ], [ -83.7203610664, 42.9148062248 ], [ -83.7157302016, 42.9148681892 ], [ -83.7146661766, 42.9148837182 ], [ -83.7108664189, 42.9149358498 ], [ -83.7092999265, 42.9149622455 ], [ -83.7076224962, 42.9149904865 ], [ -83.7044940662, 42.9150198955 ], [ -83.7025290159, 42.9150383245 ], [ -83.7015289953, 42.9150476905 ], [ -83.6990326427, 42.9150710323 ], [ -83.6926596236, 42.9151126868 ], [ -83.6920953272, 42.9150816653 ], [ -83.6915924021, 42.9150432853 ], [ -83.691180244, 42.9150067561 ], [ -83.6909718411, 42.9149736014 ] ] } },
{ "type": "Feature", "properties": { "PR": "1520502", "Aadt": 6885, "AadtCommercial": 200, "FacilityType": 2, "Year": "2024", "LocationId": "25-5307" }, "geometry": { "type": "LineString", "coordinates": [ [ -83.7223575388, 42.9590878437 ], [ -83.7187180037, 42.9591476652 ], [ -83.7182878967, 42.9591412001 ], [ -83.7125719195, 42.9592509548 ] ] } },
{ "type": "Feature", "properties": { "PR": "1506101", "Aadt": 6099, "AadtCommercial": 170, "FacilityType": 2, "Year": "2024", "LocationId": "25-5504" }, "geometry": { "type": "LineString", "coordinates": [ [ -83.8130078365, 43.0531802651 ], [ -83.8123506448, 43.0527473932 ], [ -83.8116148824, 43.0522805067 ], [ -83.8104647086, 43.0516868863 ], [ -83.8087350073, 43.0508407876 ], [ -83.8053493018, 43.0492307945 ], [ -83.8023889463, 43.0477866835 ], [ -83.8014458716, 43.0473575491 ], [ -83.8003010605, 43.0468694561 ], [ -83.7992605529, 43.0464800648 ], [ -83.798162187, 43.0461123109 ], [ -83.797127322, 43.0458089692 ], [ -83.7968188484, 43.045724983 ], [ -83.7952899094, 43.0452461655 ], [ -83.7927617973, 43.044455807 ], [ -83.791652797, 43.0441058753 ], [ -83.7907840798, 43.0437658167 ], [ -83.7900201187, 43.0434257342 ], [ -83.7891872581, 43.0429428105 ], [ -83.7879133099, 43.0420880434 ], [ -83.7854267703, 43.0404692553 ], [ -83.7841487764, 43.0396668087 ], [ -83.7836425098, 43.0393490022 ], [ -83.7830854639, 43.039117468 ], [ -83.7827385499, 43.0390065774 ], [ -83.7823043588, 43.0388792994 ], [ -83.781984838, 43.0387752552 ], [ -83.7815632118, 43.0386750548 ], [ -83.7814066223, 43.0386440941 ], [ -83.7810633623, 43.0386118887 ], [ -83.7804681595, 43.0386350201 ], [ -83.778381789, 43.0388613325 ], [ -83.7777859354, 43.038941477 ], [ -83.7765915817, 43.0391443968 ], [ -83.7737100219, 43.0398144968 ] ] } },
{ "type": "Feature", "properties": { "PR": "1514606", "Aadt": 5293, "AadtCommercial": 148, "FacilityType": 2, "Year": "2024", "LocationId": "25-5462" }, "geometry": { "type": "LineString", "coordinates": [ [ -83.772797656, 43.0459356975 ], [ -83.7700035856, 43.0459585446 ], [ -83.7604027508, 43.0460195035 ], [ -83.7593477883, 43.0460307346 ], [ -83.759063004, 43.0460337647 ], [ -83.7590625851, 43.046033769 ], [ -83.755046343, 43.0460764267 ], [ -83.7547787044, 43.046079791 ], [ -83.7542368446, 43.0460695334 ], [ -83.7528602077, 43.046097953 ] ] } },
{ "type": "Feature", "properties": { "PR": "0627107", "Aadt": 8112, "AadtCommercial": 227, "FacilityType": 2, "Year": "2024", "LocationId": "63-5456" }, "geometry": { "type": "LineString", "coordinates": [ [ -83.4221142295, 42.8110898583 ], [ -83.4217797812, 42.8111139725 ], [ -83.4215172273, 42.8110930699 ], [ -83.4212937292, 42.8110551518 ], [ -83.4210154983, 42.810977198 ], [ -83.4207475244, 42.8108442737 ], [ -83.4205409107, 42.810697828 ], [ -83.4202175343, 42.8104368224 ], [ -83.4199147183, 42.8102007672 ], [ -83.4193540603, 42.8097681298 ], [ -83.4190196302, 42.8095292484 ], [ -83.4186134083, 42.8093111071 ], [ -83.4180971016, 42.8090606131 ], [ -83.4169424116, 42.8085717507 ], [ -83.4161961399, 42.8082488591 ], [ -83.4158067252, 42.8081131497 ], [ -83.4153958137, 42.8080067862 ], [ -83.4150336277, 42.8079462941 ], [ -83.4146803071, 42.8079158418 ], [ -83.4127064068, 42.8079407712 ], [ -83.4070350004, 42.8080874105 ], [ -83.4044083107, 42.8081528913 ], [ -83.4021936973, 42.8082024356 ], [ -83.4001650966, 42.8082429806 ], [ -83.3929524577, 42.808407842 ] ] } },
{ "type": "Feature", "properties": { "PR": "0472003", "Aadt": 3750, "AadtCommercial": 110, "FacilityType": 2, "Year": "2024", "LocationId": "73-5243" }, "geometry": { "type": "LineString", "coordinates": [ [ -83.8679821334, 43.2499866395 ], [ -83.8644609463, 43.2500026635 ], [ -83.8589258868, 43.2500278413 ], [ -83.8542676662, 43.250061765 ], [ -83.8513205427, 43.250271189 ], [ -83.8494737265, 43.2504036244 ], [ -83.844670853, 43.2507536704 ], [ -83.8439371495, 43.250777172 ], [ -83.8345777627, 43.2508864489 ] ] } },
{ "type": "Feature", "properties": { "PR": "1497908", "Aadt": 6130, "AadtCommercial": null, "FacilityType": 4, "Year": "2024", "LocationId": "25-0435" }, "geometry": { "type": "LineString", "coordinates": [ [ -83.7255080195, 42.9688723876 ], [ -83.725457156, 42.9689376078 ], [ -83.7254374011, 42.9690951885 ], [ -83.7254145191, 42.9698948107 ], [ -83.7254102482, 42.9701953926 ], [ -83.7253936284, 42.9704549572 ], [ -83.725343665, 42.9706781797 ], [ -83.7253200127, 42.9707541441 ], [ -83.7252663435, 42.9708906585 ], [ -83.7251622322, 42.9710771186 ], [ -83.7250015049, 42.9712930161 ], [ -83.7248711738, 42.9714381796 ], [ -83.7247054101, 42.9716030149 ], [ -83.7245332801, 42.9717524336 ], [ -83.724283159, 42.9719461464 ], [ -83.7240771135, 42.972074498 ] ] } },
{ "type": "Feature", "properties": { "PR": "1505403", "Aadt": 4392, "AadtCommercial": 123, "FacilityType": 2, "Year": "2024", "LocationId": "25-6792" }, "geometry": { "type": "LineString", "coordinates": [ [ -83.7339655685, 43.104071863 ], [ -83.7339493208, 43.1061904365 ], [ -83.7340204042, 43.1134522014 ], [ -83.7340301038, 43.1150607054 ], [ -83.7340904076, 43.1186513507 ] ] } },
{ "type": "Feature", "properties": { "PR": "0562109", "Aadt": 1568, "AadtCommercial": null, "FacilityType": 4, "Year": "2024", "LocationId": "76-0150" }, "geometry": { "type": "LineString", "coordinates": [ [ -83.9288129173, 42.9667220971 ], [ -83.9289212404, 42.9664029527 ], [ -83.9290358561, 42.9662034761 ], [ -83.9292180694, 42.9660340372 ], [ -83.9294191266, 42.9658558891 ], [ -83.9300911286, 42.965864347 ], [ -83.9305137306, 42.965866123 ], [ -83.9308696173, 42.9657980281 ], [ -83.9311682278, 42.9656214365 ], [ -83.9314446974, 42.9653787768 ], [ -83.931690625, 42.9650926564 ], [ -83.9320224906, 42.9647597565 ], [ -83.9324294417, 42.9645147504 ], [ -83.9326641789, 42.9644341631 ], [ -83.9330445897, 42.9643244342 ] ] } },
{ "type": "Feature", "properties": { "PR": "0553204", "Aadt": 3696, "AadtCommercial": 107, "FacilityType": 2, "Year": "2024", "LocationId": "76-5178" }, "geometry": { "type": "LineString", "coordinates": [ [ -83.9845606022, 42.9108173114 ], [ -83.9845827933, 42.9109197103 ], [ -83.9846511598, 42.9119807987 ], [ -83.9846902319, 42.9130739909 ], [ -83.9847296249, 42.9142347503 ], [ -83.9847500582, 42.9153755972 ], [ -83.9848008398, 42.916520751 ], [ -83.9848384589, 42.9172951544 ], [ -83.9848715067, 42.9180739176 ] ] } },
{ "type": "Feature", "properties": { "PR": "1494706", "Aadt": 588, "AadtCommercial": null, "FacilityType": 4, "Year": "2024", "LocationId": "25-4498" }, "geometry": { "type": "LineString", "coordinates": [ [ -83.7626800733, 42.9728900603 ], [ -83.7628603661, 42.9729915661 ], [ -83.7629903964, 42.9731068095 ], [ -83.7631131775, 42.9732453829 ], [ -83.76314013, 42.9733820604 ], [ -83.7631423871, 42.973494776 ], [ -83.7630833888, 42.9736280255 ], [ -83.7629328055, 42.9738051698 ], [ -83.7615999021, 42.9749491312 ] ] } },
{ "type": "Feature", "properties": { "PR": "1520502", "Aadt": 8561, "AadtCommercial": 241, "FacilityType": 2, "Year": "2024", "LocationId": "25-5323" }, "geometry": { "type": "LineString", "coordinates": [ [ -83.7125719195, 42.9592509548 ], [ -83.707079027, 42.959322826 ], [ -83.7067169175, 42.9593415431 ], [ -83.7030170554, 42.9593828833 ], [ -83.7026120431, 42.9593819183 ], [ -83.6981545638, 42.9594785029 ], [ -83.6954018422, 42.9595464167 ], [ -83.6940709229, 42.9595350613 ], [ -83.692511471, 42.9595868959 ] ] } },
{ "type": "Feature", "properties": { "PR": "1514509", "Aadt": 2619, "AadtCommercial": 77, "FacilityType": 2, "Year": "2024", "LocationId": "25-0057" }, "geometry": { "type": "LineString", "coordinates": [ [ -83.8326585002, 43.0454435427 ], [ -83.8323281152, 43.0454467624 ] ] } },
{ "type": "Feature", "properties": { "PR": "1495003", "Aadt": 4878, "AadtCommercial": 137, "FacilityType": 2, "Year": "2024", "LocationId": "25-5458" }, "geometry": { "type": "LineString", "coordinates": [ [ -83.6346318399, 43.0101052798 ], [ -83.6313480824, 43.0101710923 ], [ -83.6296816425, 43.0102117568 ], [ -83.6248243621, 43.0103455541 ], [ -83.6198466858, 43.0104242199 ], [ -83.6177917717, 43.0104523788 ], [ -83.6174122616, 43.0104727272 ], [ -83.6149911029, 43.0105330667 ] ] } },
{ "type": "Feature", "properties": { "PR": "3251558", "Aadt": 6467, "AadtCommercial": 179, "FacilityType": 2, "Year": "2024", "LocationId": "25-5166" }, "geometry": { "type": "LineString", "coordinates": [ [ -83.7861926915, 42.7889310341 ], [ -83.78636424, 42.7932780012 ], [ -83.7864733089, 42.7960414899 ], [ -83.7864797316, 42.7962042143 ], [ -83.7865516237, 42.7978251579 ], [ -83.7863144513, 42.7984627796 ], [ -83.7860641219, 42.7988280483 ], [ -83.7857318725, 42.7991339483 ], [ -83.7852928859, 42.7994345401 ], [ -83.7849261521, 42.7996089411 ], [ -83.7845998563, 42.7997142896 ], [ -83.7834972398, 42.8000418704 ], [ -83.7820605999, 42.8004257385 ], [ -83.7808730758, 42.8007256645 ], [ -83.7806518714, 42.8008241064 ], [ -83.7803814177, 42.8009584789 ], [ -83.779980331, 42.8012979779 ], [ -83.7798024519, 42.8014918848 ], [ -83.7796411763, 42.8017541243 ], [ -83.779565964, 42.8019971025 ], [ -83.7795342204, 42.8022545334 ], [ -83.7795437746, 42.8025507631 ], [ -83.7795777938, 42.8027167384 ], [ -83.7796749672, 42.8029142152 ], [ -83.7801417724, 42.8036427981 ], [ -83.7813892113, 42.805602023 ], [ -83.781652028, 42.8061268944 ], [ -83.7818169137, 42.8066712399 ], [ -83.7819229462, 42.8070547322 ], [ -83.7819503079, 42.8073896183 ] ] } },
{ "type": "Feature", "properties": { "PR": "1502907", "Aadt": 58888, "AadtCommercial": 4712, "FacilityType": 2, "Year": "2024", "LocationId": "25-0106" }, "geometry": { "type": "LineString", "coordinates": [ [ -83.7238059693, 42.9440160773 ], [ -83.7238956817, 42.9450831981 ], [ -83.7238919961, 42.9455099736 ], [ -83.7238916596, 42.9458469538 ], [ -83.723873985, 42.9460332331 ], [ -83.7238081033, 42.9464651581 ], [ -83.7237498874, 42.9468036772 ], [ -83.72353474, 42.9477089214 ], [ -83.7234691814, 42.9479906701 ], [ -83.7234021159, 42.948312827 ], [ -83.7233509574, 42.9485364544 ], [ -83.7232032566, 42.94921644 ], [ -83.7230625021, 42.9498740986 ], [ -83.7229643615, 42.9505371092 ], [ -83.7229208137, 42.9510484514 ], [ -83.7229559106, 42.9514284301 ], [ -83.7229695246, 42.9518100785 ], [ -83.7230155996, 42.9521218826 ], [ -83.7230723825, 42.9524904254 ], [ -83.7231534823, 42.9527228612 ], [ -83.7232191331, 42.9530256388 ], [ -83.7238266415, 42.9545549442 ] ] } },
{ "type": "Feature", "properties": { "PR": "3251894", "Aadt": 1882, "AadtCommercial": 55, "FacilityType": 2, "Year": "2024", "LocationId": "25-7058" }, "geometry": { "type": "LineString", "coordinates": [ [ -83.6783170516, 43.1493054739 ], [ -83.6781845617, 43.1458208542 ], [ -83.6781194576, 43.1449505654 ], [ -83.6780052177, 43.1420179394 ], [ -83.67788605, 43.1383398843 ], [ -83.6778784207, 43.137771687 ], [ -83.6777837748, 43.134653329 ], [ -83.6776908166, 43.1290172871 ], [ -83.6776765861, 43.1275956067 ], [ -83.6776575693, 43.1270506142 ] ] } },
{ "type": "Feature", "properties": { "PR": "1494203", "Aadt": 995, "AadtCommercial": 29, "FacilityType": 2, "Year": "2024", "LocationId": "25-5105" }, "geometry": { "type": "LineString", "coordinates": [ [ -83.928373595, 43.0296608973 ], [ -83.9197828277, 43.0297230667 ], [ -83.9108928012, 43.0297928299 ], [ -83.900034936, 43.0299018972 ], [ -83.890856529, 43.0299512239 ], [ -83.8882286252, 43.0299612416 ], [ -83.8762516057, 43.0299334596 ], [ -83.8749608694, 43.029924602 ], [ -83.8714199512, 43.0299303065 ], [ -83.8615556372, 43.0300036758 ] ] } },
{ "type": "Feature", "properties": { "PR": "1519606", "Aadt": 13677, "AadtCommercial": 383, "FacilityType": 2, "Year": "2024", "LocationId": "25-5342" }, "geometry": { "type": "LineString", "coordinates": [ [ -83.6463973696, 42.9169001759 ], [ -83.6462767479, 42.9169865912 ], [ -83.6459428571, 42.9172262415 ], [ -83.645916324, 42.9172486492 ], [ -83.645890601, 42.917272425 ], [ -83.6458672665, 42.9172973224 ], [ -83.6458092412, 42.9173624957 ], [ -83.6455910408, 42.9175128754 ], [ -83.6454044931, 42.9176412709 ], [ -83.6452127627, 42.9177778997 ], [ -83.6450340392, 42.9179136082 ], [ -83.6448482372, 42.9180646604 ], [ -83.6446840471, 42.9182018629 ], [ -83.6445245781, 42.9183427379 ], [ -83.6443732566, 42.9184825907 ], [ -83.6442270695, 42.9186154004 ], [ -83.6440358976, 42.918779449 ], [ -83.6438635107, 42.9189188622 ], [ -83.6436965808, 42.9190428966 ], [ -83.6435232623, 42.919164415 ], [ -83.6433309052, 42.9192962777 ], [ -83.6426430694, 42.9197373982 ], [ -83.6424222759, 42.9198703196 ], [ -83.6422536541, 42.9199718322 ], [ -83.6418102058, 42.9201773453 ], [ -83.6413801502, 42.9203672041 ], [ -83.6409726032, 42.920549319 ], [ -83.6406968434, 42.9206798059 ], [ -83.6400449524, 42.9209725316 ], [ -83.6379660659, 42.921909331 ], [ -83.6371957251, 42.922294895 ], [ -83.6366226945, 42.9225264792 ], [ -83.6365935914, 42.9225414425 ], [ -83.6362231734, 42.9227319044 ], [ -83.6357383479, 42.9230582708 ], [ -83.6350957571, 42.9235143079 ], [ -83.6343540358, 42.9241188408 ], [ -83.6337196566, 42.924638023 ], [ -83.6336467399, 42.9246944074 ], [ -83.6333765399, 42.924903344 ], [ -83.6323678796, 42.9257216331 ], [ -83.6312293832, 42.9266277266 ], [ -83.6300643137, 42.9275549287 ] ] } },
{ "type": "Feature", "properties": { "PR": "1525909", "Aadt": 1498, "AadtCommercial": 40, "FacilityType": 2, "Year": "2024", "LocationId": "25-6931" }, "geometry": { "type": "LineString", "coordinates": [ [ -83.6767529405, 43.0173366002 ], [ -83.6778035326, 43.0186186281 ], [ -83.678386974, 43.0193254184 ], [ -83.6789376754, 43.0200055334 ], [ -83.6804863966, 43.0218589146 ] ] } },
{ "type": "Feature", "properties": { "PR": "1526003", "Aadt": 4323, "AadtCommercial": 121, "FacilityType": 1, "Year": "2024", "LocationId": "25-6923" }, "geometry": { "type": "LineString", "coordinates": [ [ -83.6819964804, 43.015188425 ], [ -83.6825221641, 43.0158238739 ], [ -83.6828682414, 43.0163096528 ], [ -83.6831784156, 43.016763982 ], [ -83.6838791384, 43.0177327109 ], [ -83.6839864675, 43.0179525682 ], [ -83.6841136561, 43.018190627 ], [ -83.6841428668, 43.0182808917 ], [ -83.6842109089, 43.018491153 ], [ -83.6842560381, 43.0190037187 ], [ -83.6842726404, 43.0195766113 ], [ -83.6841141264, 43.0202189893 ] ] } },
{ "type": "Feature", "properties": { "PR": "1502310", "Aadt": 2930, "AadtCommercial": 83, "FacilityType": 2, "Year": "2024", "LocationId": "25-5580" }, "geometry": { "type": "LineString", "coordinates": [ [ -83.7035304159, 43.0235992568 ], [ -83.7043357787, 43.0244867811 ], [ -83.7050894577, 43.0254055419 ], [ -83.7058869069, 43.0263017496 ], [ -83.7066478042, 43.0272422013 ], [ -83.7074061947, 43.0281309582 ], [ -83.7077324371, 43.0285129877 ], [ -83.7078478082, 43.0286069221 ], [ -83.7079923933, 43.028714533 ], [ -83.7081439033, 43.0287961142 ], [ -83.7083998891, 43.028945237 ], [ -83.7086090745, 43.0291179004 ], [ -83.7086318748, 43.0291684071 ], [ -83.7086525715, 43.0292268531 ], [ -83.7086659892, 43.0292851508 ], [ -83.708674322, 43.0293402919 ], [ -83.7086822817, 43.0294053513 ], [ -83.7086917757, 43.0294849479 ], [ -83.708743119, 43.0299980799 ], [ -83.7087663888, 43.0302842475 ], [ -83.7087777046, 43.0305365259 ], [ -83.7087805388, 43.0306785681 ], [ -83.7087802061, 43.0307678024 ] ] } },
{ "type": "Feature", "properties": { "PR": "1503101", "Aadt": 5105, "AadtCommercial": 148, "FacilityType": 2, "Year": "2024", "LocationId": "25-5256" }, "geometry": { "type": "LineString", "coordinates": [ [ -83.7256006741, 42.815569609 ], [ -83.7261202502, 42.8169196707 ], [ -83.7268588787, 42.8192394732 ] ] } },
{ "type": "Feature", "properties": { "PR": "1505403", "Aadt": 7076, "AadtCommercial": 191, "FacilityType": 2, "Year": "2024", "LocationId": "25-6790" }, "geometry": { "type": "LineString", "coordinates": [ [ -83.7334233423, 43.0750877294 ], [ -83.7335430337, 43.0804722381 ], [ -83.7337109363, 43.0895373802 ], [ -83.7337492613, 43.0934108926 ], [ -83.7337807203, 43.0943361628 ], [ -83.7337776843, 43.0953326966 ], [ -83.7337463554, 43.0962203888 ], [ -83.7337629521, 43.0965066953 ] ] } },
{ "type": "Feature", "properties": { "PR": "1497701", "Aadt": 766, "AadtCommercial": 23, "FacilityType": 2, "Year": "2024", "LocationId": "25-7017" }, "geometry": { "type": "LineString", "coordinates": [ [ -83.6740181088, 43.0685934126 ], [ -83.6698326257, 43.0687042756 ], [ -83.6695921795, 43.0687131202 ], [ -83.6686985425, 43.0687133781 ], [ -83.6685485491, 43.0687187915 ], [ -83.6675241946, 43.0687309307 ], [ -83.6673428692, 43.068734564 ], [ -83.6662338538, 43.0687471222 ], [ -83.6660549124, 43.0687695462 ], [ -83.6659034609, 43.068849114 ], [ -83.6658406444, 43.0689392129 ], [ -83.6657780163, 43.0730308318 ], [ -83.6658033968, 43.0737043326 ], [ -83.6658487717, 43.0760845391 ] ] } },
{ "type": "Feature", "properties": { "PR": "0758710", "Aadt": 988, "AadtCommercial": 29, "FacilityType": 2, "Year": "2024", "LocationId": "44-5064" }, "geometry": { "type": "LineString", "coordinates": [ [ -83.4594580302, 43.1277882888 ], [ -83.4594275635, 43.1275265697 ], [ -83.4593775477, 43.1273961999 ], [ -83.4592815279, 43.1272204854 ], [ -83.4591235495, 43.1270193801 ], [ -83.4589412865, 43.1268565059 ], [ -83.4587347415, 43.1267318617 ], [ -83.458615563, 43.1266789249 ], [ -83.4585027023, 43.1266343818 ], [ -83.4583136172, 43.1265623938 ], [ -83.4581144456, 43.1265103656 ], [ -83.4578686565, 43.1264784172 ], [ -83.4562187704, 43.1264957908 ], [ -83.4504617292, 43.1266570174 ], [ -83.4483555031, 43.126728704 ], [ -83.4479736548, 43.1267608816 ], [ -83.44731518, 43.1268051598 ], [ -83.4463998487, 43.1268288795 ], [ -83.4455185942, 43.1268381193 ], [ -83.4444719003, 43.1268594359 ], [ -83.442673504, 43.1269143143 ], [ -83.4414859166, 43.1269528138 ], [ -83.4408379303, 43.1269613087 ], [ -83.4395442909, 43.1270055788 ], [ -83.4367190649, 43.1270876835 ], [ -83.434387464, 43.1271324624 ], [ -83.4338571378, 43.127141051 ], [ -83.4326679366, 43.1271879088 ], [ -83.4305345092, 43.1272788132 ], [ -83.4300494366, 43.127313123 ], [ -83.4292812541, 43.1273287831 ], [ -83.4258503675, 43.1274290472 ] ] } },
{ "type": "Feature", "properties": { "PR": "1503008", "Aadt": 3519, "AadtCommercial": null, "FacilityType": 4, "Year": "2024", "LocationId": "25-0593" }, "geometry": { "type": "LineString", "coordinates": [ [ -83.7250417274, 42.9147396813 ], [ -83.7251369745, 42.915000974 ], [ -83.7252024842, 42.9151113096 ], [ -83.7255518742, 42.9156456303 ], [ -83.7256998042, 42.9159000142 ], [ -83.7257755112, 42.9160617265 ], [ -83.7259427563, 42.9164654527 ] ] } },
{ "type": "Feature", "properties": { "PR": "1495109", "Aadt": 1743, "AadtCommercial": null, "FacilityType": 4, "Year": "2024", "LocationId": "25-0445" }, "geometry": { "type": "LineString", "coordinates": [ [ -83.5953253474, 43.0185371192 ], [ -83.5955728283, 43.0182904541 ], [ -83.5956744738, 43.0181575251 ], [ -83.595833086, 43.0180367136 ], [ -83.5960698581, 43.017949548 ], [ -83.5962516433, 43.0178913179 ], [ -83.5964825182, 43.0178886925 ], [ -83.5966486774, 43.0179016265 ], [ -83.5968514867, 43.0179604948 ], [ -83.5970359188, 43.0180302608 ], [ -83.597217757, 43.0181658242 ], [ -83.5973619516, 43.0183457443 ], [ -83.5974411637, 43.0184828924 ], [ -83.597458962, 43.0186168556 ], [ -83.5974427128, 43.0187689115 ], [ -83.5973485656, 43.0189456561 ], [ -83.5972167294, 43.0191027847 ], [ -83.5970426708, 43.0192251513 ], [ -83.5968601413, 43.019302182 ], [ -83.5965482767, 43.0194227167 ] ] } },
{ "type": "Feature", "properties": { "PR": "1496705", "Aadt": 1652, "AadtCommercial": 49, "FacilityType": 2, "Year": "2024", "LocationId": "25-7047" }, "geometry": { "type": "LineString", "coordinates": [ [ -83.7398031963, 43.1719220805 ], [ -83.7397978918, 43.1721824952 ], [ -83.7397818238, 43.1730859555 ], [ -83.739774373, 43.1737580145 ], [ -83.7397549069, 43.1745166733 ], [ -83.7397830953, 43.174703781 ], [ -83.7398110063, 43.1750163189 ], [ -83.7398943837, 43.1755926914 ], [ -83.7398787848, 43.17650896 ], [ -83.7398589738, 43.1774266405 ] ] } },
{ "type": "Feature", "properties": { "PR": "0649602", "Aadt": 620, "AadtCommercial": 19, "FacilityType": 2, "Year": "2024", "LocationId": "63-5099" }, "geometry": { "type": "LineString", "coordinates": [ [ -83.6642043851, 42.8564120866 ], [ -83.6612469672, 42.8564748142 ], [ -83.65437879, 42.8565834126 ], [ -83.6500048961, 42.8565750487 ], [ -83.6497603803, 42.8565699632 ], [ -83.6495665165, 42.856573433 ], [ -83.6494204035, 42.8565953503 ], [ -83.6489461197, 42.856761584 ], [ -83.6480607406, 42.8570590133 ], [ -83.6445091954, 42.8584260251 ], [ -83.6420920187, 42.8593796637 ], [ -83.6414029631, 42.8596514994 ], [ -83.6410720148, 42.8597721189 ], [ -83.6408039304, 42.8598490388 ], [ -83.6404543356, 42.8599242563 ], [ -83.6400240987, 42.8599752859 ], [ -83.6386312084, 42.8601337278 ], [ -83.6374933168, 42.8602899827 ], [ -83.6368849147, 42.8603458771 ], [ -83.6361629927, 42.8604121957 ], [ -83.6355598314, 42.8604520895 ], [ -83.6349263905, 42.8604838443 ], [ -83.6338443572, 42.8605137058 ], [ -83.6315594704, 42.8605333593 ], [ -83.6311315443, 42.8605243906 ], [ -83.6308465498, 42.8605109155 ], [ -83.6306235585, 42.860476234 ], [ -83.6304116278, 42.8604192803 ], [ -83.6300677927, 42.8602830407 ], [ -83.6251311126, 42.8601095191 ], [ -83.6248874332, 42.8601117611 ], [ -83.619197951, 42.8599443018 ], [ -83.6185616853, 42.8599128701 ], [ -83.6178171057, 42.8598236074 ], [ -83.6173654543, 42.8597110857 ], [ -83.616994317, 42.8595855455 ], [ -83.6155104114, 42.8590630668 ], [ -83.6115189846, 42.8576956673 ], [ -83.6112786937, 42.8576114426 ], [ -83.6109952299, 42.857541239 ], [ -83.6106972799, 42.8574781937 ], [ -83.610315124, 42.8574289446 ], [ -83.6017729548, 42.8575804112 ], [ -83.598127464, 42.8576664562 ], [ -83.5939459594, 42.8578013978 ], [ -83.5913058152, 42.8578748616 ], [ -83.5910181911, 42.8578828066 ], [ -83.587969482, 42.8579158266 ], [ -83.5877821806, 42.857928321 ], [ -83.5875630674, 42.8579896123 ], [ -83.5872978579, 42.8580829038 ], [ -83.5868029245, 42.8583169692 ], [ -83.5839504851, 42.8596345849 ], [ -83.5830999243, 42.8600813822 ], [ -83.5826942499, 42.8603664768 ], [ -83.5822561134, 42.8606670954 ], [ -83.581300773, 42.8614136828 ] ] } },
{ "type": "Feature", "properties": { "PR": "1505805", "Aadt": 2562, "AadtCommercial": 73, "FacilityType": 2, "Year": "2024", "LocationId": "25-5467" }, "geometry": { "type": "LineString", "coordinates": [ [ -83.7735038598, 43.0896566178 ], [ -83.7643005712, 43.089740727 ], [ -83.7631731051, 43.0897423091 ], [ -83.7629552076, 43.0897391874 ], [ -83.7628529131, 43.0897451699 ], [ -83.7556057438, 43.0899613898 ], [ -83.7550241128, 43.0899749841 ], [ -83.753675131, 43.09002212 ] ] } },
{ "type": "Feature", "properties": { "PR": "1497809", "Aadt": 10198, "AadtCommercial": 285, "FacilityType": 2, "Year": "2024", "LocationId": "25-5337" }, "geometry": { "type": "LineString", "coordinates": [ [ -83.6303719315, 42.8723626671 ], [ -83.6304578791, 42.8750316638 ], [ -83.6304182921, 42.8806122025 ], [ -83.6305936778, 42.886886783 ] ] } },
{ "type": "Feature", "properties": { "PR": "1501010", "Aadt": 250, "AadtCommercial": 7, "FacilityType": 2, "Year": "2024", "LocationId": "25-7053" }, "geometry": { "type": "LineString", "coordinates": [ [ -83.6944802894, 43.1258323422 ], [ -83.6939495417, 43.1258466569 ], [ -83.6938023513, 43.1258508395 ], [ -83.6936878077, 43.1258987659 ], [ -83.6935042949, 43.1259560584 ], [ -83.6933654003, 43.1259998992 ], [ -83.6932616052, 43.1260229144 ], [ -83.6899776206, 43.1261354779 ] ] } },
{ "type": "Feature", "properties": { "PR": "1497804", "Aadt": 49011, "AadtCommercial": 3382, "FacilityType": 2, "Year": "2024", "LocationId": "25-0114" }, "geometry": { "type": "LineString", "coordinates": [ [ -83.595509262, 42.8729289189 ], [ -83.5955501001, 42.872962468 ], [ -83.5955907266, 42.8729961675 ], [ -83.5956314678, 42.8730297857 ], [ -83.595672655, 42.8730630873 ], [ -83.5957146158, 42.8730958405 ], [ -83.5957576653, 42.8731278222 ], [ -83.5958015727, 42.8731591943 ], [ -83.5958458897, 42.8731902779 ], [ -83.5959072934, 42.8732335815 ], [ -83.595952079, 42.8732642741 ], [ -83.5959968342, 42.8732949912 ], [ -83.5960415704, 42.8733257251 ], [ -83.5960862941, 42.8733564685 ], [ -83.5961310153, 42.8733872137 ], [ -83.5961757454, 42.8734179527 ], [ -83.5962204907, 42.8734486786 ], [ -83.5962652614, 42.8734793833 ], [ -83.5963100688, 42.8735100591 ], [ -83.5963549193, 42.8735406988 ], [ -83.5963998241, 42.8735712955 ], [ -83.5964447911, 42.8736018404 ], [ -83.5964898922, 42.8736322764 ], [ -83.5965357792, 42.8736620724 ], [ -83.596618581, 42.8737147264 ], [ -83.5967773566, 42.8738125876 ], [ -83.5973420712, 42.8741572268 ], [ -83.5978873244, 42.8744683178 ], [ -83.5984146346, 42.8747373837 ], [ -83.5991401413, 42.8750704536 ], [ -83.6002625117, 42.8755623008 ], [ -83.6018539434, 42.8762636836 ], [ -83.6059487732, 42.8780911521 ], [ -83.6082820678, 42.8791093902 ], [ -83.6089896886, 42.8794168395 ], [ -83.6096524381, 42.8797419045 ], [ -83.6107291016, 42.8802985573 ], [ -83.6111686036, 42.8805214024 ], [ -83.6120191219, 42.8810222671 ], [ -83.6120913285, 42.8810647882 ], [ -83.6127471288, 42.8814832557 ], [ -83.6143451431, 42.8825940594 ], [ -83.6155795487, 42.8834789713 ], [ -83.6201843027, 42.886956468 ], [ -83.6248930148, 42.8904388692 ], [ -83.6252627241, 42.8907137534 ], [ -83.6281090489, 42.8928299211 ], [ -83.6284987567, 42.8931268113 ], [ -83.6291023757, 42.8935819364 ], [ -83.6293011248, 42.8937330073 ], [ -83.6296790586, 42.8940012423 ], [ -83.6301619153, 42.8943509643 ], [ -83.6307468411, 42.8947094677 ], [ -83.6313209822, 42.8950463681 ], [ -83.6319356276, 42.8953883892 ], [ -83.6324161789, 42.8956574237 ] ] } },
{ "type": "Feature", "properties": { "PR": "0646602", "Aadt": 669, "AadtCommercial": 20, "FacilityType": 2, "Year": "2024", "LocationId": "63-5233" }, "geometry": { "type": "LineString", "coordinates": [ [ -83.5797610014, 42.8598099759 ], [ -83.5794717534, 42.8599163873 ], [ -83.579214845, 42.859976705 ], [ -83.5706112604, 42.861508278 ], [ -83.5614087606, 42.8639593786 ], [ -83.5604657469, 42.8642940193 ], [ -83.5582018462, 42.8653779722 ], [ -83.556589026, 42.8662303046 ], [ -83.5560543814, 42.8664779646 ], [ -83.5557765858, 42.8665283095 ], [ -83.5553699078, 42.8665448739 ], [ -83.554653463, 42.8665491022 ], [ -83.543607682, 42.8667508453 ], [ -83.5423127839, 42.8667775374 ], [ -83.5412052606, 42.866800355 ], [ -83.5368781145, 42.8668190515 ], [ -83.5323625436, 42.8669227399 ], [ -83.5323045686, 42.8669080757 ], [ -83.5322462247, 42.8668939359 ], [ -83.5321879471, 42.8668797019 ], [ -83.532130171, 42.8668647546 ], [ -83.5320733317, 42.8668484746 ], [ -83.5320183584, 42.86682944 ], [ -83.5319680363, 42.8668035126 ], [ -83.5319203585, 42.8667749079 ], [ -83.5318751241, 42.8667445674 ], [ -83.5318321962, 42.8667123953 ], [ -83.5317889491, 42.8666800307 ], [ -83.5317507007, 42.8666450339 ], [ -83.5317212192, 42.8666059214 ], [ -83.5316946314, 42.8665654144 ], [ -83.5316695625, 42.866524174 ], [ -83.5316268542, 42.8664543078 ], [ -83.5315663574, 42.8659059562 ], [ -83.5313847578, 42.8623500025 ], [ -83.5312458736, 42.8604802077 ] ] } },
{ "type": "Feature", "properties": { "PR": "1526003", "Aadt": 976, "AadtCommercial": 29, "FacilityType": 2, "Year": "2024", "LocationId": "25-6938" }, "geometry": { "type": "LineString", "coordinates": [ [ -83.676231063, 43.032074596 ], [ -83.6757607794, 43.0324165404 ], [ -83.6754710261, 43.0326528028 ], [ -83.6753129576, 43.0327927213 ], [ -83.6752196622, 43.0329028467 ], [ -83.6751465828, 43.0330502991 ], [ -83.6750893187, 43.0331636479 ], [ -83.6750407927, 43.0333402074 ], [ -83.6750246616, 43.0341573534 ], [ -83.6751177224, 43.0347392481 ], [ -83.6750995188, 43.0349347452 ], [ -83.675116868, 43.0355373713 ], [ -83.675125778, 43.0356576722 ], [ -83.6751740161, 43.0365350345 ], [ -83.6751711955, 43.0372988724 ], [ -83.6751754471, 43.0375031692 ], [ -83.6752000466, 43.0380533456 ], [ -83.6752095795, 43.0384479007 ], [ -83.6752336575, 43.038861436 ], [ -83.6752617368, 43.0396280186 ], [ -83.6752871347, 43.0401104319 ], [ -83.6753033213, 43.0406411348 ], [ -83.6753463201, 43.0409209874 ], [ -83.6752462708, 43.041187073 ], [ -83.6751479799, 43.0413928191 ], [ -83.674771591, 43.0421684063 ], [ -83.6744168204, 43.0429665517 ] ] } },
{ "type": "Feature", "properties": { "PR": "1502001", "Aadt": 2198, "AadtCommercial": 63, "FacilityType": 2, "Year": "2024", "LocationId": "25-7064" }, "geometry": { "type": "LineString", "coordinates": [ [ -83.5190455461, 43.1254453535 ], [ -83.5179649315, 43.1254426121 ], [ -83.5091846007, 43.1255652847 ], [ -83.5075070448, 43.1256887424 ], [ -83.5062589334, 43.1256345572 ], [ -83.5036220897, 43.1255967821 ], [ -83.4998865297, 43.1256448034 ], [ -83.4993297272, 43.125644201 ], [ -83.4970752887, 43.125684429 ], [ -83.4954517423, 43.1257085203 ], [ -83.4950704649, 43.1257391577 ], [ -83.4945553242, 43.1258138234 ], [ -83.4940958619, 43.1258937077 ], [ -83.4935135552, 43.1260672179 ], [ -83.4918295117, 43.126764996 ], [ -83.4913140974, 43.1269626414 ], [ -83.4907937687, 43.127131578 ], [ -83.4901963003, 43.1272691293 ], [ -83.4896702425, 43.127338853 ], [ -83.4894024865, 43.127355841 ], [ -83.4891538127, 43.1273668641 ], [ -83.486607577, 43.1273799983 ], [ -83.483921399, 43.1274020092 ], [ -83.4820066461, 43.1274147515 ], [ -83.4809417218, 43.1274164693 ], [ -83.4805161958, 43.1274482351 ], [ -83.4801720534, 43.1275008315 ], [ -83.4798618502, 43.1275700333 ], [ -83.4794996698, 43.1276638053 ], [ -83.479183905, 43.1277833798 ], [ -83.4783017078, 43.1282058182 ], [ -83.4775846999, 43.128559542 ], [ -83.4771810883, 43.1287564517 ], [ -83.4767471938, 43.1289671713 ], [ -83.4762850086, 43.1291777895 ], [ -83.4759619788, 43.1292982377 ], [ -83.4754461611, 43.1294322168 ], [ -83.4749081215, 43.129509159 ], [ -83.4745497576, 43.1295384273 ], [ -83.4741435704, 43.1295522355 ], [ -83.4694124802, 43.1295934279 ], [ -83.4675509812, 43.1296149869 ], [ -83.4666005052, 43.1296285642 ], [ -83.4594729936, 43.1297030538 ] ] } },
{ "type": "Feature", "properties": { "PR": "3250706", "Aadt": 4650, "AadtCommercial": 131, "FacilityType": 1, "Year": "2024", "LocationId": "25-6955" }, "geometry": { "type": "LineString", "coordinates": [ [ -83.6811689667, 43.0341350787 ], [ -83.6800376907, 43.0336314387 ], [ -83.6796366429, 43.0334714994 ], [ -83.6793469764, 43.03338949 ], [ -83.6790684796, 43.0333345579 ], [ -83.6780887159, 43.0333181491 ], [ -83.677614375, 43.033318523 ], [ -83.6770330164, 43.0333443728 ], [ -83.6767891347, 43.0333619747 ], [ -83.6762984831, 43.03334219 ], [ -83.6751465828, 43.0330502991 ] ] } },
{ "type": "Feature", "properties": { "PR": "0760209", "Aadt": 1806, "AadtCommercial": 53, "FacilityType": 2, "Year": "2024", "LocationId": "44-5035" }, "geometry": { "type": "LineString", "coordinates": [ [ -83.4060167096, 43.1588372105 ], [ -83.4057084294, 43.1588655444 ], [ -83.4046748975, 43.158884122 ], [ -83.4038954469, 43.1589116758 ], [ -83.4001979095, 43.1590027829 ], [ -83.3989982669, 43.1590126087 ], [ -83.3986250887, 43.1590331731 ], [ -83.3982591973, 43.1590417425 ], [ -83.3973577568, 43.1590562612 ], [ -83.3959037454, 43.1590872126 ], [ -83.3885426412, 43.1592612882 ], [ -83.3843941008, 43.1593122282 ], [ -83.3833528017, 43.1593248216 ], [ -83.383337762, 43.1593250046 ], [ -83.3750641886, 43.1594251119 ], [ -83.3748430036, 43.1594280791 ], [ -83.3746892975, 43.1594302328 ], [ -83.3735009096, 43.1594706114 ], [ -83.3696436103, 43.1595412155 ], [ -83.3686003674, 43.1595602334 ], [ -83.3654160968, 43.1596096877 ], [ -83.363675682, 43.1596223536 ], [ -83.3570415582, 43.1597253874 ], [ -83.3562540153, 43.1597369167 ], [ -83.3538184685, 43.1597601419 ], [ -83.3512205884, 43.1597793806 ], [ -83.3509223049, 43.1597825704 ], [ -83.3489308191, 43.159844981 ], [ -83.3485748836, 43.1598574165 ], [ -83.3477065877, 43.1599235258 ], [ -83.347183081, 43.1599760885 ], [ -83.3467099496, 43.1600010287 ], [ -83.3457449771, 43.1600288681 ], [ -83.3430811082, 43.1601279476 ], [ -83.3413032518, 43.1601769147 ], [ -83.3362833337, 43.1602993285 ], [ -83.3314427118, 43.1604387357 ], [ -83.3264704278, 43.1605737395 ], [ -83.3229431744, 43.1606653187 ], [ -83.3215279151, 43.1607020327 ], [ -83.3160699671, 43.16083793 ], [ -83.3118669431, 43.1609004278 ], [ -83.3116395328, 43.1609178817 ] ] } },
{ "type": "Feature", "properties": { "PR": "1495309", "Aadt": 12199, "AadtCommercial": null, "FacilityType": 4, "Year": "2024", "LocationId": "25-0805" }, "geometry": { "type": "LineString", "coordinates": [ [ -83.7299880581, 42.985814056 ], [ -83.730859504, 42.9856131794 ], [ -83.7333990568, 42.9850273572 ], [ -83.7336385434, 42.9849698042 ], [ -83.7351601838, 42.9846275852 ], [ -83.7352685434, 42.984622747 ], [ -83.7355165358, 42.9846277129 ], [ -83.7357442387, 42.9846649751 ], [ -83.735897948, 42.9847241155 ], [ -83.736056977, 42.9848113929 ], [ -83.7361646155, 42.9849116575 ], [ -83.7362679484, 42.9850422032 ], [ -83.7363285625, 42.9852092682 ], [ -83.7363357333, 42.9853589123 ], [ -83.7363076696, 42.9855148594 ], [ -83.7362162778, 42.9856625298 ], [ -83.7360930913, 42.9858095645 ], [ -83.7358717735, 42.985942955 ], [ -83.7356141215, 42.9860265627 ], [ -83.7354131224, 42.9860412258 ], [ -83.7352028433, 42.9860486946 ], [ -83.7349913809, 42.9860024128 ], [ -83.7346784658, 42.9858606602 ], [ -83.7343725156, 42.9857063802 ] ] } },
{ "type": "Feature", "properties": { "PR": "1505701", "Aadt": 6605, "AadtCommercial": 185, "FacilityType": 2, "Year": "2024", "LocationId": "25-5550" }, "geometry": { "type": "LineString", "coordinates": [ [ -83.7134760154, 43.0540404272 ], [ -83.7135084193, 43.0548907636 ], [ -83.7135638803, 43.0558554244 ], [ -83.7136383413, 43.0568096745 ], [ -83.7136832571, 43.057383246 ], [ -83.7137042551, 43.0579328878 ], [ -83.7137453146, 43.0586796003 ], [ -83.7137805101, 43.0594242269 ], [ -83.7138524285, 43.0602080304 ], [ -83.7139399012, 43.0609290977 ] ] } },
{ "type": "Feature", "properties": { "PR": "1497809", "Aadt": 13987, "AadtCommercial": 378, "FacilityType": 2, "Year": "2024", "LocationId": "25-5146" }, "geometry": { "type": "LineString", "coordinates": [ [ -83.6271149406, 42.9088031511 ], [ -83.6270312236, 42.9088715163 ], [ -83.6251334358, 42.9104212399 ], [ -83.6246558793, 42.9109086503 ], [ -83.6243862024, 42.9112277604 ], [ -83.623550833, 42.9125262729 ], [ -83.6222195528, 42.9146920065 ], [ -83.6221914521, 42.9147377189 ], [ -83.6219501623, 42.9151889756 ], [ -83.6217831236, 42.9157268653 ], [ -83.6217716946, 42.9160764543 ], [ -83.6218163236, 42.9171754379 ], [ -83.6218985733, 42.9187115005 ], [ -83.6219374019, 42.9191773883 ], [ -83.6219701461, 42.9195736298 ], [ -83.6220005412, 42.9203918465 ], [ -83.6220015419, 42.9206223645 ], [ -83.6219900044, 42.9206847183 ], [ -83.621962002, 42.9207456872 ], [ -83.6219279612, 42.9207896919 ], [ -83.6218486539, 42.9208665031 ], [ -83.621731648, 42.9209634467 ] ] } },
{ "type": "Feature", "properties": { "PR": "0467707", "Aadt": 3589, "AadtCommercial": 97, "FacilityType": 2, "Year": "2024", "LocationId": "73-0095" }, "geometry": { "type": "LineString", "coordinates": [ [ -83.7350474028, 43.221334065 ], [ -83.7350795587, 43.2217491176 ], [ -83.7351160576, 43.2229624299 ], [ -83.7351748243, 43.2285017538 ], [ -83.7352101021, 43.232877159 ], [ -83.7352093971, 43.2356847479 ], [ -83.7353013154, 43.2425640141 ], [ -83.7353115359, 43.2434450009 ], [ -83.7353886235, 43.2498377473 ], [ -83.7353803211, 43.2500348243 ] ] } },
{ "type": "Feature", "properties": { "PR": "1495502", "Aadt": 3146, "AadtCommercial": null, "FacilityType": 4, "Year": "2024", "LocationId": "25-1216" }, "geometry": { "type": "LineString", "coordinates": [ [ -83.6347130694, 43.0145738065 ], [ -83.6345855543, 43.0149830598 ], [ -83.6344943925, 43.0151038372 ], [ -83.6343505674, 43.0152446658 ], [ -83.6342039796, 43.0153320079 ], [ -83.6340563158, 43.015399271 ], [ -83.6339167549, 43.0154301973 ], [ -83.6337895343, 43.0154402296 ], [ -83.6336228113, 43.0154282843 ], [ -83.6334740274, 43.0153997912 ], [ -83.6333086176, 43.0153540296 ], [ -83.6331446863, 43.0152702245 ], [ -83.6330102133, 43.0151701134 ], [ -83.632905691, 43.0150410154 ], [ -83.6328531756, 43.0149087746 ], [ -83.6328470723, 43.0147690431 ], [ -83.6328834238, 43.0145752043 ], [ -83.6329994344, 43.014408414 ], [ -83.6331718973, 43.0142724169 ], [ -83.6334179306, 43.0141718 ], [ -83.6339193767, 43.0140475523 ] ] } },
{ "type": "Feature", "properties": { "PR": "1867806", "Aadt": 5295, "AadtCommercial": null, "FacilityType": 4, "Year": "2024", "LocationId": "25-0532" }, "geometry": { "type": "LineString", "coordinates": [ [ -83.6472033744, 42.9029970897 ], [ -83.6474847301, 42.9035917941 ], [ -83.6475446061, 42.9037207908 ], [ -83.6475865617, 42.9038436953 ], [ -83.6476421325, 42.9040172209 ], [ -83.6476767143, 42.904168645 ], [ -83.6476984815, 42.9043106736 ], [ -83.6477137473, 42.9044477277 ], [ -83.6477187609, 42.9045870242 ], [ -83.647716073, 42.9047242542 ], [ -83.6477058288, 42.9048556059 ], [ -83.6476858518, 42.9049925474 ], [ -83.6476572466, 42.9051292373 ], [ -83.6476132607, 42.9053063405 ], [ -83.6475450704, 42.9055280099 ], [ -83.6473283393, 42.9062562294 ], [ -83.6472151386, 42.906599669 ], [ -83.6471873195, 42.9067664058 ], [ -83.6471858503, 42.9069086427 ], [ -83.647203476, 42.9070541839 ], [ -83.6472348253, 42.9071861389 ], [ -83.6472935305, 42.9073456202 ], [ -83.6473600818, 42.9074835991 ], [ -83.6474435564, 42.9076259811 ], [ -83.6479354585, 42.9083510518 ], [ -83.6480479726, 42.9085278596 ], [ -83.6481277098, 42.9086801506 ], [ -83.6481895974, 42.908824443 ], [ -83.6482475744, 42.9090029762 ], [ -83.6482920431, 42.909195528 ], [ -83.6483644814, 42.9096069625 ] ] } },
{ "type": "Feature", "properties": { "PR": "1498309", "Aadt": 11825, "AadtCommercial": 331, "FacilityType": 2, "Year": "2024", "LocationId": "25-5427" }, "geometry": { "type": "LineString", "coordinates": [ [ -83.5967494286, 42.9309727714 ], [ -83.5939762656, 42.9309695686 ], [ -83.5927864521, 42.9309827624 ], [ -83.5903684906, 42.9310634245 ], [ -83.5877654861, 42.9311517491 ], [ -83.587027407, 42.9311777272 ], [ -83.5831368723, 42.9313145846 ], [ -83.5828287709, 42.9313282236 ], [ -83.5816750236, 42.9313840012 ], [ -83.5787509276, 42.9315253133 ], [ -83.5777305988, 42.931579768 ], [ -83.577520394, 42.9315879333 ], [ -83.5769582758, 42.931674443 ], [ -83.5766364222, 42.9317405622 ], [ -83.5762872881, 42.9318285376 ], [ -83.5759530114, 42.9319276366 ], [ -83.574116251, 42.9325644169 ] ] } },
{ "type": "Feature", "properties": { "PR": "1499108", "Aadt": 1888, "AadtCommercial": 55, "FacilityType": 2, "Year": "2024", "LocationId": "25-6869" }, "geometry": { "type": "LineString", "coordinates": [ [ -83.6835441134, 42.9969497662 ], [ -83.6805754306, 42.997026479 ], [ -83.6780090475, 42.997113647 ] ] } },
{ "type": "Feature", "properties": { "PR": "1494707", "Aadt": 4300, "AadtCommercial": null, "FacilityType": 4, "Year": "2024", "LocationId": "25-0802" }, "geometry": { "type": "LineString", "coordinates": [ [ -83.7376337234, 42.9833905721 ], [ -83.736338119, 42.9838061302 ], [ -83.7357861526, 42.9839475584 ], [ -83.7331952479, 42.9845531169 ], [ -83.7329556828, 42.9846069742 ], [ -83.7317307787, 42.9848839619 ], [ -83.7314838529, 42.9849316864 ], [ -83.7312945048, 42.9849586158 ], [ -83.7311452973, 42.9849512331 ], [ -83.730958315, 42.984914559 ], [ -83.7307954783, 42.9848717834 ], [ -83.730613362, 42.9847847245 ], [ -83.7305026985, 42.984705683 ], [ -83.7304072987, 42.9846181678 ], [ -83.7303256455, 42.9844826416 ], [ -83.7302914035, 42.9843365512 ], [ -83.7302774852, 42.9841848794 ], [ -83.7303140441, 42.9840351267 ], [ -83.7303607535, 42.983932824 ], [ -83.7304288985, 42.9838309506 ], [ -83.7305451294, 42.983717794 ], [ -83.7306816241, 42.9836365409 ], [ -83.7308797802, 42.9835635239 ], [ -83.7310626044, 42.9835181963 ], [ -83.7312941408, 42.9835088421 ], [ -83.7314723052, 42.9835246648 ], [ -83.7316210457, 42.9835626457 ], [ -83.7317829046, 42.9836323854 ], [ -83.7323151827, 42.9839492152 ] ] } },
{ "type": "Feature", "properties": { "PR": "1519606", "Aadt": 13410, "AadtCommercial": 375, "FacilityType": 2, "Year": "2024", "LocationId": "25-5285" }, "geometry": { "type": "LineString", "coordinates": [ [ -83.6909718411, 42.9149736014 ], [ -83.6873508902, 42.9149854477 ], [ -83.6838524048, 42.9150169272 ], [ -83.6827374395, 42.9150269373 ], [ -83.6800813459, 42.9150503522 ], [ -83.6733575951, 42.9151093496 ], [ -83.6729093357, 42.9151204549 ], [ -83.6700425481, 42.9151418527 ], [ -83.6662636695, 42.9152093773 ] ] } },
{ "type": "Feature", "properties": { "PR": "1867804", "Aadt": 4076, "AadtCommercial": null, "FacilityType": 4, "Year": "2024", "LocationId": "25-0535" }, "geometry": { "type": "LineString", "coordinates": [ [ -83.6532653771, 42.9044239721 ], [ -83.6533240399, 42.9043911622 ], [ -83.6533792602, 42.9043715724 ], [ -83.6534605012, 42.9043582438 ], [ -83.6535498636, 42.9043536037 ], [ -83.6536487162, 42.9043544635 ], [ -83.6537521084, 42.9043637591 ], [ -83.6538732267, 42.9043758069 ], [ -83.6540183209, 42.9043966928 ], [ -83.6541961635, 42.904426005 ], [ -83.6543521401, 42.9044590341 ], [ -83.6545255231, 42.9045031493 ], [ -83.6547034461, 42.9045557009 ], [ -83.6548457342, 42.904607513 ], [ -83.655032509, 42.9046828897 ], [ -83.6552203546, 42.9047725889 ], [ -83.6553838591, 42.9048629747 ], [ -83.6555688752, 42.9049841955 ], [ -83.6557139692, 42.9050896913 ], [ -83.655835975, 42.9052054334 ], [ -83.6559543292, 42.9053318257 ], [ -83.656050672, 42.9054588875 ], [ -83.6562249896, 42.905725609 ], [ -83.6563161189, 42.9059741613 ], [ -83.656318314, 42.9062085376 ], [ -83.6562501463, 42.9065277871 ], [ -83.6561359376, 42.9067350831 ], [ -83.6559479819, 42.9069696275 ], [ -83.6556773075, 42.9071736789 ], [ -83.6553753085, 42.9073195249 ], [ -83.6550587521, 42.9074075141 ], [ -83.6548334946, 42.9074480637 ], [ -83.6545585763, 42.9074711374 ], [ -83.6541848063, 42.9074469392 ], [ -83.6539788355, 42.9074221096 ], [ -83.6538061724, 42.9073713958 ], [ -83.6536727255, 42.9073208551 ], [ -83.6533040886, 42.9071897946 ], [ -83.6527502227, 42.9069959937 ] ] } },
{ "type": "Feature", "properties": { "PR": "1502702", "Aadt": 4800, "AadtCommercial": 135, "FacilityType": 1, "Year": "2024", "LocationId": "25-6927" }, "geometry": { "type": "LineString", "coordinates": [ [ -83.6830188255, 43.0147175302 ], [ -83.6833760134, 43.0153376483 ], [ -83.6835125556, 43.0156798936 ], [ -83.6837251735, 43.015975215 ], [ -83.6839085157, 43.0161995415 ], [ -83.6840551084, 43.0163572108 ], [ -83.6847262708, 43.0173306937 ], [ -83.6848873329, 43.0175604232 ], [ -83.685076894, 43.0180302468 ], [ -83.6851791949, 43.0181890226 ], [ -83.6852776164, 43.018382295 ], [ -83.6853711101, 43.0187777976 ], [ -83.6853866987, 43.0190409276 ], [ -83.6853930462, 43.0193789579 ], [ -83.6853794656, 43.0196183111 ], [ -83.6852580953, 43.0204132754 ], [ -83.6849933913, 43.0209758088 ], [ -83.6847264956, 43.0214349621 ], [ -83.6844093577, 43.0218696203 ], [ -83.6841127284, 43.0221760631 ], [ -83.6840198804, 43.0222964197 ], [ -83.6838454323, 43.0225225503 ], [ -83.6833723826, 43.0230389452 ], [ -83.6832712149, 43.0231714835 ], [ -83.6824761286, 43.0240910703 ], [ -83.6820120067, 43.0248298034 ] ] } },
{ "type": "Feature", "properties": { "PR": "3252176", "Aadt": 777, "AadtCommercial": 23, "FacilityType": 2, "Year": "2024", "LocationId": "25-6721" }, "geometry": { "type": "LineString", "coordinates": [ [ -83.690397401, 43.0353638345 ], [ -83.6903651357, 43.0354115512 ], [ -83.6903400123, 43.035455634 ], [ -83.6903205213, 43.0355037428 ], [ -83.690308711, 43.0355492304 ], [ -83.6903032138, 43.0355961737 ], [ -83.6903016933, 43.0356472138 ], [ -83.6903390666, 43.0373562378 ], [ -83.6903417058, 43.0374745545 ], [ -83.6903464328, 43.0375837681 ], [ -83.6903605575, 43.0377055844 ], [ -83.6903874917, 43.037849355 ], [ -83.6904250794, 43.0380006618 ], [ -83.6904627951, 43.0381335726 ], [ -83.6905005889, 43.0382643934 ], [ -83.6905319749, 43.0383988469 ], [ -83.6905524907, 43.0385343325 ], [ -83.6905633078, 43.038670039 ], [ -83.6905706752, 43.0388121312 ], [ -83.6906083015, 43.04038502 ], [ -83.6906087102, 43.0405574428 ], [ -83.6905991391, 43.0407018025 ], [ -83.6905922808, 43.0407663968 ], [ -83.6905809508, 43.0408356623 ], [ -83.6905694868, 43.0409024038 ], [ -83.6905516052, 43.0409780763 ], [ -83.6905161609, 43.0411187715 ], [ -83.6904777391, 43.0412599653 ], [ -83.6904439502, 43.0414021742 ], [ -83.6904284451, 43.0414733976 ], [ -83.6904180053, 43.0415545104 ], [ -83.6904072636, 43.0416640802 ], [ -83.690401534, 43.0418084191 ], [ -83.6903978638, 43.0423711953 ], [ -83.6904017268, 43.0425998239 ], [ -83.6904055064, 43.0426615581 ], [ -83.6904122502, 43.0427272524 ], [ -83.6904224955, 43.0427890267 ], [ -83.6904351635, 43.0428431343 ], [ -83.6904514598, 43.0428973285 ], [ -83.690471405, 43.0429559245 ], [ -83.6904966501, 43.0430252877 ], [ -83.6905314105, 43.0431137301 ], [ -83.6905156319, 43.0438993617 ], [ -83.6904777648, 43.0446606986 ], [ -83.6904672991, 43.0454075378 ], [ -83.6904512361, 43.0461618887 ], [ -83.6904766118, 43.0469114145 ], [ -83.6904718356, 43.0476751204 ], [ -83.6904667377, 43.0484412464 ], [ -83.6904749823, 43.0491732307 ], [ -83.6904759314, 43.0499972318 ], [ -83.6904766895, 43.0507850119 ], [ -83.6904894261, 43.0515659488 ], [ -83.6905202817, 43.0523463976 ], [ -83.6905032721, 43.053090695 ], [ -83.6905132304, 43.0539515168 ], [ -83.690544703, 43.0558624775 ], [ -83.6905548125, 43.0575730561 ], [ -83.6905665042, 43.0582684246 ], [ -83.6905715399, 43.0590179439 ], [ -83.6905786597, 43.0597164807 ], [ -83.6905814743, 43.0604299609 ], [ -83.6905980975, 43.0610810641 ] ] } },
{ "type": "Feature", "properties": { "PR": "0554109", "Aadt": 2054, "AadtCommercial": 49, "FacilityType": 2, "Year": "2024", "LocationId": "76-5194" }, "geometry": { "type": "LineString", "coordinates": [ [ -83.9779158892, 42.9109236068 ], [ -83.9774203737, 42.910949072 ], [ -83.9743306519, 42.9110127182 ], [ -83.9716389355, 42.9110319843 ], [ -83.9697370176, 42.9110567034 ], [ -83.9680885423, 42.9111111344 ] ] } },
{ "type": "Feature", "properties": { "PR": "1506101", "Aadt": 9250, "AadtCommercial": 259, "FacilityType": 2, "Year": "2024", "LocationId": "25-5488" }, "geometry": { "type": "LineString", "coordinates": [ [ -83.8575465973, 43.0629916714 ], [ -83.8571477643, 43.0629902501 ], [ -83.8569228872, 43.0629896568 ], [ -83.8566008346, 43.0629828446 ], [ -83.8560371232, 43.0629999883 ], [ -83.8543139601, 43.0629837923 ], [ -83.8526003685, 43.0629811573 ] ] } },
{ "type": "Feature", "properties": { "PR": "1519606", "Aadt": 7458, "AadtCommercial": 207, "FacilityType": 2, "Year": "2024", "LocationId": "25-5156" }, "geometry": { "type": "LineString", "coordinates": [ [ -83.7701044871, 42.913983068 ], [ -83.7700932092, 42.9139823743 ], [ -83.7700732526, 42.9139841497 ], [ -83.7700528373, 42.9139882157 ], [ -83.7700299161, 42.9139943176 ], [ -83.7700093824, 42.9140016584 ], [ -83.7699631472, 42.9140237109 ], [ -83.7698899488, 42.9140588784 ], [ -83.7698736876, 42.9140646351 ], [ -83.7698598834, 42.9140697252 ], [ -83.7698446728, 42.9140733579 ], [ -83.7698270313, 42.9140769426 ], [ -83.7695995351, 42.9141223165 ], [ -83.7685719528, 42.9141411307 ], [ -83.766010507, 42.9141601402 ], [ -83.7616555521, 42.9142376672 ], [ -83.7503375657, 42.9143463533 ], [ -83.7479387822, 42.914385528 ], [ -83.7457253701, 42.9143845393 ], [ -83.7428349175, 42.914424467 ], [ -83.7393421323, 42.9144766806 ], [ -83.7371862801, 42.9145189563 ], [ -83.7342867871, 42.9145800272 ], [ -83.733771616, 42.9145908702 ], [ -83.7305213799, 42.9146630269 ] ] } },
{ "type": "Feature", "properties": { "PR": "1530501", "Aadt": 1678, "AadtCommercial": 49, "FacilityType": 2, "Year": "2024", "LocationId": "25-7045" }, "geometry": { "type": "LineString", "coordinates": [ [ -83.7398031963, 43.1719220805 ], [ -83.7386399145, 43.1719059514 ], [ -83.7384733599, 43.1718902389 ], [ -83.7383080176, 43.1718420314 ], [ -83.7382198009, 43.1718247847 ], [ -83.7379934317, 43.1718012965 ], [ -83.7345443132, 43.171768954 ] ] } },
{ "type": "Feature", "properties": { "PR": "1494203", "Aadt": 7060, "AadtCommercial": 197, "FacilityType": 2, "Year": "2024", "LocationId": "25-5515" }, "geometry": { "type": "LineString", "coordinates": [ [ -83.7735235391, 43.0313903024 ], [ -83.7700669029, 43.0314129475 ], [ -83.7694316542, 43.0313876958 ], [ -83.7690150606, 43.0313328603 ], [ -83.7683711223, 43.0312185364 ], [ -83.7678042841, 43.031084144 ], [ -83.7670903033, 43.0308682211 ], [ -83.7665957903, 43.0306818439 ], [ -83.7638949372, 43.0296457658 ], [ -83.7623778842, 43.0290722788 ] ] } },
{ "type": "Feature", "properties": { "PR": "0554109", "Aadt": 1616, "AadtCommercial": 48, "FacilityType": 2, "Year": "2024", "LocationId": "76-5171" }, "geometry": { "type": "LineString", "coordinates": [ [ -84.007626408, 42.9105219147 ], [ -83.9999711214, 42.9106713391 ], [ -83.9978401324, 42.9106978845 ] ] } },
{ "type": "Feature", "properties": { "PR": "1495103", "Aadt": 1051, "AadtCommercial": null, "FacilityType": 4, "Year": "2024", "LocationId": "25-4751" }, "geometry": { "type": "LineString", "coordinates": [ [ -83.6346900005, 43.0132474716 ], [ -83.6347608634, 43.0130657215 ], [ -83.6348491541, 43.0128883431 ], [ -83.6349403601, 43.0127559136 ], [ -83.6350691549, 43.0126206381 ], [ -83.6352669599, 43.0125065137 ], [ -83.6354845528, 43.0124361635 ], [ -83.6357105885, 43.012425117 ], [ -83.6359568713, 43.0124460283 ], [ -83.6361372196, 43.0125049806 ], [ -83.6362789281, 43.01259072 ], [ -83.6364043835, 43.0126800609 ], [ -83.6364918089, 43.0127804333 ], [ -83.6365625228, 43.0128962254 ], [ -83.6365725167, 43.0130541098 ], [ -83.6365673248, 43.0131880257 ], [ -83.6364632297, 43.0133790045 ], [ -83.6363505384, 43.0135146177 ], [ -83.6359372861, 43.0137802613 ] ] } },
{ "type": "Feature", "properties": { "PR": "1502203", "Aadt": 2025, "AadtCommercial": null, "FacilityType": 4, "Year": "2024", "LocationId": "25-0429" }, "geometry": { "type": "LineString", "coordinates": [ [ -83.7284164041, 42.973435215 ], [ -83.7280763927, 42.9733263124 ], [ -83.727977845, 42.9733042188 ], [ -83.7278987824, 42.9732454527 ], [ -83.7278409436, 42.9731622538 ], [ -83.7278097992, 42.9730895342 ], [ -83.7277810231, 42.9722263228 ], [ -83.7277575187, 42.9720394014 ], [ -83.7277366145, 42.9719644023 ], [ -83.727678309, 42.9718408584 ], [ -83.727607658, 42.9717438891 ], [ -83.7275397993, 42.971666606 ], [ -83.7274766343, 42.9716093958 ], [ -83.7270496962, 42.9712577312 ], [ -83.7266812336, 42.9709646776 ], [ -83.726504661, 42.9708059612 ], [ -83.7263743698, 42.9706940199 ], [ -83.726239543, 42.9705749341 ], [ -83.7261291036, 42.9704457587 ], [ -83.7260470633, 42.9703277341 ], [ -83.725952728, 42.9701530384 ], [ -83.7258810744, 42.9700140629 ], [ -83.7257234204, 42.9697277422 ] ] } },
{ "type": "Feature", "properties": { "PR": "4412746", "Aadt": 429, "AadtCommercial": 11, "FacilityType": 2, "Year": "2024", "LocationId": "63-5779" }, "geometry": { "type": "LineString", "coordinates": [ [ -83.5303203019, 42.8597086823 ], [ -83.5306337371, 42.8598347302 ], [ -83.531001276, 42.8600830216 ], [ -83.5311115642, 42.8602200467 ], [ -83.5312458736, 42.8604802077 ] ] } },
{ "type": "Feature", "properties": { "PR": "1495402", "Aadt": 5092, "AadtCommercial": null, "FacilityType": 4, "Year": "2024", "LocationId": "25-4693" }, "geometry": { "type": "LineString", "coordinates": [ [ -83.7000576482, 43.0012526379 ], [ -83.7011744522, 43.0008639376 ], [ -83.7013591865, 43.0007996395 ], [ -83.7024060175, 43.0004723019 ], [ -83.7039714539, 43.0000418042 ], [ -83.7069732852, 42.9991588734 ] ] } },
{ "type": "Feature", "properties": { "PR": "0554707", "Aadt": 305, "AadtCommercial": 9, "FacilityType": 2, "Year": "2024", "LocationId": "76-5282" }, "geometry": { "type": "LineString", "coordinates": [ [ -84.1078693699, 43.1135910342 ], [ -84.1034026081, 43.1136459428 ], [ -84.0944656089, 43.113722661 ], [ -84.0884837352, 43.1137429871 ], [ -84.0883457204, 43.113740955 ], [ -84.0881081582, 43.1137598707 ], [ -84.0821226717, 43.1141705238 ], [ -84.0776608008, 43.1144495152 ], [ -84.0755337473, 43.114656914 ], [ -84.069086963, 43.1149998997 ], [ -84.0615672579, 43.1147994934 ], [ -84.0607019264, 43.1147260203 ], [ -84.0507731846, 43.1142928994 ], [ -84.0503027674, 43.1142480266 ], [ -84.0423736255, 43.1129394801 ], [ -84.0385516028, 43.1123015 ], [ -84.0381773703, 43.112243611 ], [ -84.0378676469, 43.1122074593 ], [ -84.0376874424, 43.1122371602 ], [ -84.0375695137, 43.112281074 ], [ -84.0374682255, 43.1123646731 ], [ -84.0373837888, 43.1124813951 ], [ -84.0373799664, 43.1125995172 ], [ -84.0374343431, 43.1156274016 ], [ -84.0374045346, 43.1159945815 ], [ -84.037328626, 43.1161245831 ], [ -84.0372012516, 43.1162151175 ], [ -84.0369044145, 43.1163067089 ], [ -84.0363659946, 43.1163295097 ], [ -84.0296787243, 43.1164962408 ], [ -84.027577961, 43.1165490196 ], [ -84.0074744419, 43.1166090739 ], [ -83.9999682347, 43.1166970599 ], [ -83.9931509117, 43.116761056 ], [ -83.9878917092, 43.1167824492 ] ] } },
{ "type": "Feature", "properties": { "PR": "1505403", "Aadt": 5584, "AadtCommercial": 157, "FacilityType": 2, "Year": "2024", "LocationId": "25-5468" }, "geometry": { "type": "LineString", "coordinates": [ [ -83.7340904076, 43.1186513507 ], [ -83.7340939295, 43.1223058043 ], [ -83.7341023528, 43.1251556578 ], [ -83.7341209804, 43.1259018985 ], [ -83.7341358145, 43.1308669919 ], [ -83.7341396576, 43.1324643222 ], [ -83.7341553825, 43.1334801037 ], [ -83.7341179025, 43.1338431512 ], [ -83.7340843878, 43.1340941684 ], [ -83.7340591817, 43.1351590841 ], [ -83.7340757377, 43.1361259046 ], [ -83.7340902624, 43.1378461534 ], [ -83.7341045451, 43.1396319781 ], [ -83.7341249061, 43.1413606408 ], [ -83.734148002, 43.1424837938 ], [ -83.7341719304, 43.1437046306 ], [ -83.7341834377, 43.1449062035 ], [ -83.7341987876, 43.146722565 ], [ -83.7342131129, 43.1473746648 ], [ -83.7342309507, 43.1481070165 ] ] } },
{ "type": "Feature", "properties": { "PR": "1499502", "Aadt": 3072, "AadtCommercial": 89, "FacilityType": 2, "Year": "2024", "LocationId": "25-6815" }, "geometry": { "type": "LineString", "coordinates": [ [ -83.7064249736, 43.090245281 ], [ -83.7064253571, 43.0911728019 ], [ -83.7065043449, 43.0943561439 ], [ -83.706544748, 43.0967192362 ], [ -83.7065940243, 43.0969917902 ], [ -83.7066458867, 43.0971404359 ], [ -83.7066741679, 43.0973231602 ], [ -83.7066749955, 43.0979670865 ], [ -83.7066864414, 43.0981376328 ], [ -83.7067116081, 43.0982604197 ], [ -83.7067910253, 43.0983668365 ], [ -83.7069104812, 43.0985177344 ], [ -83.7070414236, 43.0986306845 ], [ -83.707418876, 43.098942896 ], [ -83.7076144315, 43.0991302702 ], [ -83.7077395166, 43.099290015 ], [ -83.7078073563, 43.0993874627 ], [ -83.7078570028, 43.099493277 ], [ -83.7079062398, 43.0996568847 ], [ -83.707925566, 43.0998074499 ], [ -83.7079357574, 43.1002266116 ], [ -83.7079290529, 43.1017829559 ], [ -83.7079491045, 43.1033221455 ], [ -83.7079688292, 43.1047700978 ] ] } },
{ "type": "Feature", "properties": { "PR": "0627809", "Aadt": 15183, "AadtCommercial": 426, "FacilityType": 2, "Year": "2024", "LocationId": "25-0016" }, "geometry": { "type": "LineString", "coordinates": [ [ -83.4565525792, 42.8576403494 ], [ -83.4573355331, 42.858429613 ], [ -83.4605322965, 42.8613995248 ], [ -83.4605774008, 42.8614376976 ], [ -83.4612133003, 42.862006679 ], [ -83.4619542652, 42.8627044622 ], [ -83.4626712895, 42.8634782376 ], [ -83.4639078891, 42.8650213503 ], [ -83.4652090206, 42.8665280177 ], [ -83.4659769773, 42.867540302 ], [ -83.466722968, 42.8684769937 ], [ -83.4669029476, 42.8687235449 ], [ -83.4675056002, 42.8696021736 ], [ -83.468743673, 42.871367214 ], [ -83.4694145538, 42.8723590815 ], [ -83.4697943988, 42.872883138 ], [ -83.4704630977, 42.8738241573 ], [ -83.4716975674, 42.8754283576 ], [ -83.4719711628, 42.8757651702 ] ] } },
{ "type": "Feature", "properties": { "PR": "1505403", "Aadt": 4274, "AadtCommercial": 119, "FacilityType": 2, "Year": "2024", "LocationId": "25-6793" }, "geometry": { "type": "LineString", "coordinates": [ [ -83.7337629521, 43.0965066953 ], [ -83.7337726223, 43.0968003935 ], [ -83.7337871806, 43.097242574 ], [ -83.7338351871, 43.0984130555 ], [ -83.7338550636, 43.0988501908 ], [ -83.7338559153, 43.0988689258 ], [ -83.7338897567, 43.1013374782 ], [ -83.7339087038, 43.102228239 ], [ -83.7339655685, 43.104071863 ] ] } },
{ "type": "Feature", "properties": { "PR": "1514701", "Aadt": 1246, "AadtCommercial": 35, "FacilityType": 2, "Year": "2024", "LocationId": "25-6732" }, "geometry": { "type": "LineString", "coordinates": [ [ -83.7074589003, 43.0307148192 ], [ -83.7074740825, 43.0308609102 ], [ -83.7074801606, 43.0309193971 ], [ -83.7074809784, 43.0309416109 ], [ -83.7074954385, 43.0313346202 ], [ -83.7075425109, 43.031505683 ], [ -83.7076150796, 43.0317346748 ], [ -83.7076282609, 43.032507366 ], [ -83.7076244492, 43.0332178099 ], [ -83.7076566679, 43.0339376643 ], [ -83.707665864, 43.034637208 ], [ -83.7076962166, 43.0353303575 ], [ -83.7077295082, 43.0361360629 ], [ -83.7077311958, 43.0367793963 ], [ -83.7077243795, 43.0374159105 ], [ -83.7077545307, 43.038036807 ], [ -83.7077661231, 43.0386668407 ], [ -83.7077926378, 43.0393726876 ], [ -83.7077645597, 43.0401001014 ], [ -83.7077920307, 43.0407964397 ], [ -83.7077952933, 43.0415675762 ], [ -83.7078379235, 43.0423436445 ], [ -83.7078657881, 43.0431186911 ], [ -83.7078924885, 43.0439261485 ], [ -83.7079269586, 43.0447525606 ], [ -83.7079385268, 43.0455294485 ], [ -83.7079629776, 43.0463617269 ] ] } },
{ "type": "Feature", "properties": { "PR": "3441667", "Aadt": 1521, "AadtCommercial": 47, "FacilityType": 2, "Year": "2024", "LocationId": "44-5040" }, "geometry": { "type": "LineString", "coordinates": [ [ -83.4248373868, 43.1129884979 ], [ -83.425230456, 43.1183784783 ], [ -83.4254405818, 43.1216351366 ], [ -83.4255446819, 43.1229650332 ], [ -83.4256789754, 43.1248108777 ], [ -83.4257328374, 43.12546886 ], [ -83.4258503675, 43.1274290472 ] ] } },
{ "type": "Feature", "properties": { "PR": "1523201", "Aadt": 906, "AadtCommercial": 27, "FacilityType": 2, "Year": "2024", "LocationId": "25-5117" }, "geometry": { "type": "LineString", "coordinates": [ [ -83.8930503182, 43.1832975861 ], [ -83.8930410331, 43.184092013 ], [ -83.8930479621, 43.1889860581 ], [ -83.8930553442, 43.190551164 ], [ -83.8931869797, 43.1980335127 ], [ -83.8933434807, 43.2051177965 ] ] } },
{ "type": "Feature", "properties": { "PR": "1523902", "Aadt": 1829, "AadtCommercial": 51, "FacilityType": 2, "Year": "2024", "LocationId": "25-5219" }, "geometry": { "type": "LineString", "coordinates": [ [ -83.8114429268, 42.972194884 ], [ -83.8034163822, 42.9723125519 ], [ -83.8014767964, 42.9723409019 ], [ -83.796559128, 42.9724126349 ], [ -83.795420483, 42.9724429373 ], [ -83.7951042303, 42.9724531556 ], [ -83.7941669655, 42.9724664265 ], [ -83.7923514981, 42.9724690571 ] ] } },
{ "type": "Feature", "properties": { "PR": "1498103", "Aadt": 1085, "AadtCommercial": null, "FacilityType": 4, "Year": "2024", "LocationId": "25-0607" }, "geometry": { "type": "LineString", "coordinates": [ [ -83.760637021, 43.06066361 ], [ -83.7607765691, 43.0610051463 ], [ -83.7609268197, 43.0613201836 ], [ -83.7614507135, 43.0622072548 ], [ -83.7619853815, 43.0631783459 ], [ -83.7622285886, 43.0637369595 ], [ -83.7623673057, 43.0647116875 ] ] } },
{ "type": "Feature", "properties": { "PR": "1498108", "Aadt": 7565, "AadtCommercial": null, "FacilityType": 4, "Year": "2024", "LocationId": "25-0654" }, "geometry": { "type": "LineString", "coordinates": [ [ -83.7634607129, 43.1062435608 ], [ -83.7636830277, 43.1043568644 ], [ -83.7636969945, 43.1037933659 ], [ -83.7637304753, 43.1035263217 ], [ -83.763789655, 43.1032751926 ], [ -83.763957873, 43.1027340001 ], [ -83.7642055017, 43.1022608159 ], [ -83.7644209062, 43.1017859905 ], [ -83.7645399399, 43.1014850706 ], [ -83.7646307806, 43.1011352463 ], [ -83.7646689876, 43.1009118433 ], [ -83.7646872374, 43.1004155439 ], [ -83.7646431299, 43.0999839407 ], [ -83.7645718168, 43.0996397049 ], [ -83.7644583896, 43.0992990321 ], [ -83.7643036539, 43.0989399631 ], [ -83.7641293246, 43.0986244587 ], [ -83.7640099241, 43.0984462911 ], [ -83.7637429928, 43.0981169813 ], [ -83.7633073174, 43.097645665 ], [ -83.7633053952, 43.097643585 ] ] } },
{ "type": "Feature", "properties": { "PR": "1525906", "Aadt": 539, "AadtCommercial": 15, "FacilityType": 2, "Year": "2024", "LocationId": "25-6663" }, "geometry": { "type": "LineString", "coordinates": [ [ -83.7007488122, 43.0101936576 ], [ -83.7015386861, 43.0110852782 ] ] } },
{ "type": "Feature", "properties": { "PR": "1505805", "Aadt": 5685, "AadtCommercial": 159, "FacilityType": 2, "Year": "2024", "LocationId": "25-6813" }, "geometry": { "type": "LineString", "coordinates": [ [ -83.7064249736, 43.090245281 ], [ -83.7060245185, 43.0902488267 ], [ -83.7039789171, 43.0902443003 ], [ -83.7030575032, 43.0902355245 ], [ -83.7015437088, 43.0902414205 ], [ -83.6996131048, 43.0902186336 ], [ -83.699104508, 43.0902056206 ], [ -83.6941718161, 43.0901901693 ] ] } },
{ "type": "Feature", "properties": { "PR": "1496501", "Aadt": 1149, "AadtCommercial": 32, "FacilityType": 2, "Year": "2024", "LocationId": "25-0336" }, "geometry": { "type": "LineString", "coordinates": [ [ -83.8849895921, 43.1762460978 ], [ -83.8849798916, 43.1772300074 ], [ -83.8849659253, 43.1784880203 ] ] } },
{ "type": "Feature", "properties": { "PR": "1499803", "Aadt": 2568, "AadtCommercial": 76, "FacilityType": 2, "Year": "2024", "LocationId": "25-6744" }, "geometry": { "type": "LineString", "coordinates": [ [ -83.7233012871, 43.0437183612 ], [ -83.7220571392, 43.0437232014 ], [ -83.721730841, 43.0437165637 ], [ -83.7215196902, 43.0437268307 ], [ -83.7193826542, 43.0437655568 ], [ -83.7183944373, 43.0437834504 ], [ -83.7173609372, 43.0438041722 ], [ -83.7162027205, 43.0438249785 ], [ -83.7150877307, 43.0438354366 ], [ -83.713372468, 43.0438547186 ], [ -83.710911779, 43.0438894339 ], [ -83.7078924885, 43.0439261485 ], [ -83.7045938794, 43.0439810001 ], [ -83.7041546908, 43.0439737452 ], [ -83.7037387185, 43.0439314274 ], [ -83.7035948645, 43.0439244435 ], [ -83.7011818858, 43.0439093458 ], [ -83.7001428774, 43.0439025918 ], [ -83.6988638449, 43.0439219504 ], [ -83.6975576012, 43.0439297048 ], [ -83.6973046003, 43.0439070288 ] ] } },
{ "type": "Feature", "properties": { "PR": "1520305", "Aadt": 5513, "AadtCommercial": 163, "FacilityType": 2, "Year": "2024", "LocationId": "25-5126" }, "geometry": { "type": "LineString", "coordinates": [ [ -83.614321802, 42.9896912789 ], [ -83.6144116893, 42.9920133105 ], [ -83.6144201889, 42.9933993032 ], [ -83.6144797587, 42.9957227213 ], [ -83.6145105541, 42.996829845 ], [ -83.6146785974, 43.0005832544 ], [ -83.6148542536, 43.0041375714 ], [ -83.6149434193, 43.008403786 ], [ -83.6149911029, 43.0105330667 ] ] } },
{ "type": "Feature", "properties": { "PR": "1494005", "Aadt": 54823, "AadtCommercial": 7620, "FacilityType": 2, "Year": "2024", "LocationId": "25-0397" }, "geometry": { "type": "LineString", "coordinates": [ [ -83.5953382412, 43.0194320574 ], [ -83.594689125, 43.0194469914 ], [ -83.5900087157, 43.0195309642 ], [ -83.5893516748, 43.0195377499 ], [ -83.5843076683, 43.0195897172 ], [ -83.5829825901, 43.0195834309 ], [ -83.5826003395, 43.0195733845 ], [ -83.5818943136, 43.0195104535 ], [ -83.5809502905, 43.019414403 ], [ -83.5800068467, 43.0192703294 ], [ -83.5796754891, 43.0192057185 ], [ -83.5792532251, 43.0191233812 ], [ -83.578415749, 43.0188753799 ], [ -83.5757338243, 43.0178949484 ], [ -83.5737950608, 43.0171809203 ], [ -83.5727945025, 43.0168134116 ], [ -83.5716234348, 43.016512624 ], [ -83.5709504021, 43.0163515512 ], [ -83.5708658015, 43.0163348398 ], [ -83.5701176403, 43.0161870473 ], [ -83.5687809176, 43.0160137508 ], [ -83.5679669875, 43.0159823733 ], [ -83.5673995481, 43.0159532707 ], [ -83.5665387996, 43.0159573325 ], [ -83.5650614021, 43.0160101536 ], [ -83.5623593096, 43.0161538408 ], [ -83.5566281658, 43.01643064 ], [ -83.5556426578, 43.0164838285 ] ] } },
{ "type": "Feature", "properties": { "PR": "1520305", "Aadt": 4338, "AadtCommercial": 125, "FacilityType": 2, "Year": "2024", "LocationId": "25-5434" }, "geometry": { "type": "LineString", "coordinates": [ [ -83.6136668683, 42.9752762434 ], [ -83.6136898614, 42.9762381475 ], [ -83.6137883287, 42.9789291195 ], [ -83.6139120857, 42.9825152218 ], [ -83.614115835, 42.9860320925 ], [ -83.614321802, 42.9896912789 ] ] } },
{ "type": "Feature", "properties": { "PR": "1495601", "Aadt": 2305, "AadtCommercial": null, "FacilityType": 4, "Year": "2024", "LocationId": "25-0452" }, "geometry": { "type": "LineString", "coordinates": [ [ -83.5174411798, 43.0124604588 ], [ -83.5172812063, 43.0126717086 ], [ -83.5171544457, 43.0128543651 ], [ -83.5170308263, 43.0129598258 ], [ -83.5168109736, 43.0131089712 ], [ -83.5165513198, 43.0131862586 ], [ -83.5163468943, 43.0132075324 ], [ -83.5161065186, 43.0131994019 ], [ -83.5158240619, 43.0131188038 ], [ -83.5155928394, 43.0129915127 ], [ -83.5154418074, 43.0128496183 ], [ -83.5153786014, 43.012770689 ], [ -83.5153424543, 43.0126945692 ], [ -83.5153191832, 43.0125987912 ], [ -83.5153055934, 43.0124877177 ], [ -83.5153172158, 43.0123506113 ], [ -83.5153554434, 43.0122273818 ], [ -83.5154264005, 43.0121159467 ], [ -83.5155180222, 43.0120160431 ], [ -83.5156303062, 43.01192767 ], [ -83.5157630733, 43.0118552538 ], [ -83.5159102907, 43.0117986637 ], [ -83.5160900571, 43.0117582949 ], [ -83.5164569696, 43.0116918387 ] ] } },
{ "type": "Feature", "properties": { "PR": "1498409", "Aadt": 15579, "AadtCommercial": 420, "FacilityType": 2, "Year": "2024", "LocationId": "25-5382" }, "geometry": { "type": "LineString", "coordinates": [ [ -83.6332260589, 42.975029244 ], [ -83.6332543347, 42.9763847055 ], [ -83.6333375241, 42.9800486397 ], [ -83.6333510329, 42.9814004387 ], [ -83.633380678, 42.9822838662 ], [ -83.6334878366, 42.9845310007 ], [ -83.63355986, 42.9860093426 ], [ -83.6337479778, 42.9895434836 ] ] } },
{ "type": "Feature", "properties": { "PR": "1499605", "Aadt": 1049, "AadtCommercial": 29, "FacilityType": 2, "Year": "2024", "LocationId": "25-6751" }, "geometry": { "type": "LineString", "coordinates": [ [ -83.7020660129, 43.0293406589 ], [ -83.7020093174, 43.0294134282 ], [ -83.7010461118, 43.0294116102 ], [ -83.6996976948, 43.0293947432 ], [ -83.6992791804, 43.029389947 ], [ -83.6984678811, 43.0293891966 ], [ -83.6973929654, 43.0293765826 ], [ -83.6960676752, 43.0293514824 ], [ -83.6948556293, 43.0293458247 ], [ -83.6935712143, 43.0293354005 ] ] } },
{ "type": "Feature", "properties": { "PR": "3251555", "Aadt": 4191, "AadtCommercial": 117, "FacilityType": 2, "Year": "2024", "LocationId": "25-5100" }, "geometry": { "type": "LineString", "coordinates": [ [ -83.8950937303, 42.8118380815 ], [ -83.8947645823, 42.8117764975 ], [ -83.8943661291, 42.8116999068 ], [ -83.8938181919, 42.8116149172 ], [ -83.8933191659, 42.8115102795 ], [ -83.892895927, 42.8114163993 ], [ -83.8924935646, 42.8113060879 ], [ -83.8920769472, 42.8111674732 ], [ -83.8917510813, 42.8110473746 ], [ -83.8896456576, 42.8101689544 ], [ -83.8886997796, 42.8097889541 ], [ -83.8874011203, 42.8092516035 ], [ -83.8865295349, 42.8088902194 ], [ -83.8850355085, 42.8082717572 ], [ -83.8838617085, 42.8077855353 ], [ -83.8831522622, 42.8075048652 ], [ -83.8809537941, 42.8066108179 ], [ -83.8749962204, 42.8041855102 ], [ -83.8709934125, 42.8025445337 ], [ -83.8672826893, 42.8010111755 ], [ -83.8650876444, 42.8001307401 ], [ -83.8649155356, 42.8000785909 ] ] } },
{ "type": "Feature", "properties": { "PR": "1495607", "Aadt": 4766, "AadtCommercial": 139, "FacilityType": 2, "Year": "2024", "LocationId": "25-5197" }, "geometry": { "type": "LineString", "coordinates": [ [ -83.8504129807, 42.9569413208 ], [ -83.8505121899, 42.9612957913 ], [ -83.8505144157, 42.9613919506 ], [ -83.8505893341, 42.9646285796 ], [ -83.8506074872, 42.9648820113 ], [ -83.8506112262, 42.9661092639 ] ] } },
{ "type": "Feature", "properties": { "PR": "0554109", "Aadt": 1396, "AadtCommercial": 40, "FacilityType": 2, "Year": "2024", "LocationId": "76-5085" }, "geometry": { "type": "LineString", "coordinates": [ [ -84.0367377595, 42.9100975047 ], [ -84.0271531039, 42.9102160543 ], [ -84.012474584, 42.910443254 ], [ -84.007626408, 42.9105219147 ] ] } },
{ "type": "Feature", "properties": { "PR": "1506105", "Aadt": 3164, "AadtCommercial": 90, "FacilityType": 2, "Year": "2024", "LocationId": "25-5480" }, "geometry": { "type": "LineString", "coordinates": [ [ -83.8527123145, 43.0672353614 ], [ -83.8514652957, 43.067252042 ], [ -83.8491520529, 43.0672591461 ], [ -83.8480165646, 43.0672842875 ], [ -83.8454529535, 43.0672811009 ], [ -83.8449518101, 43.0672952903 ], [ -83.84273171, 43.0672959708 ], [ -83.8407540983, 43.0672002969 ], [ -83.8399594353, 43.0671909863 ], [ -83.8394473946, 43.0672021387 ], [ -83.8389349343, 43.0672639745 ], [ -83.8386697172, 43.067293035 ], [ -83.8382757492, 43.0673119202 ], [ -83.8357118262, 43.0673290809 ], [ -83.8354459582, 43.0673299872 ], [ -83.8342526346, 43.0673330702 ], [ -83.834105333, 43.067334732 ], [ -83.8329614544, 43.0673552088 ], [ -83.8323662098, 43.0673504288 ], [ -83.8306957859, 43.0673309532 ], [ -83.8284418725, 43.0673399113 ], [ -83.8267116026, 43.0673582903 ], [ -83.8255048519, 43.0673747971 ], [ -83.8254051216, 43.0673749689 ], [ -83.823758078, 43.0673807569 ], [ -83.8187455661, 43.0673772284 ], [ -83.8174043881, 43.0673749156 ], [ -83.8161675996, 43.0673878084 ], [ -83.8132430452, 43.0673610328 ] ] } },
{ "type": "Feature", "properties": { "PR": "1524006", "Aadt": 4075, "AadtCommercial": 114, "FacilityType": 2, "Year": "2024", "LocationId": "25-5495" }, "geometry": { "type": "LineString", "coordinates": [ [ -83.8575465973, 43.0629916714 ], [ -83.8575689574, 43.0618872508 ], [ -83.8575545474, 43.0600592445 ], [ -83.8575546176, 43.0598801159 ], [ -83.857534406, 43.0597705559 ], [ -83.8574602521, 43.0596737032 ], [ -83.8574180227, 43.05963237 ], [ -83.8573131459, 43.0595303818 ] ] } },
{ "type": "Feature", "properties": { "PR": "0552002", "Aadt": 3238, "AadtCommercial": 93, "FacilityType": 2, "Year": "2024", "LocationId": "76-5153" }, "geometry": { "type": "LineString", "coordinates": [ [ -83.9436108518, 42.8094247255 ], [ -83.9438859817, 42.8166247173 ], [ -83.9438330267, 42.8168934784 ], [ -83.9437434246, 42.8170646661 ], [ -83.9435264768, 42.8172829089 ], [ -83.9432121363, 42.8175098005 ], [ -83.9427919073, 42.8178252167 ], [ -83.9425812838, 42.8179979923 ], [ -83.9422988888, 42.8182168438 ] ] } },
{ "type": "Feature", "properties": { "PR": "1494909", "Aadt": 6806, "AadtCommercial": null, "FacilityType": 4, "Year": "2024", "LocationId": "25-4112" }, "geometry": { "type": "LineString", "coordinates": [ [ -83.6757872442, 43.0111631638 ], [ -83.6772202838, 43.0114119392 ], [ -83.6774782294, 43.0114287337 ], [ -83.6777528208, 43.011419993 ], [ -83.6780489566, 43.0113599392 ], [ -83.6782905019, 43.011293015 ], [ -83.6786012269, 43.0111585038 ], [ -83.6788305026, 43.0110021947 ], [ -83.6790744774, 43.0107685559 ], [ -83.679290795, 43.010486863 ], [ -83.6793587693, 43.0104037415 ], [ -83.6794104021, 43.0103367388 ], [ -83.6794668315, 43.0102633252 ], [ -83.6795002721, 43.0102240075 ], [ -83.6795777824, 43.0101305249 ], [ -83.6797559434, 43.0098841104 ], [ -83.6799162452, 43.0096234932 ], [ -83.6799996071, 43.0093229127 ], [ -83.6800071085, 43.0090399694 ], [ -83.6799946199, 43.0089544691 ], [ -83.6799790993, 43.0088879018 ], [ -83.6799723464, 43.0088281387 ], [ -83.6799430192, 43.0087483609 ], [ -83.6799180917, 43.0086724441 ], [ -83.6798699168, 43.0085941662 ], [ -83.6796210594, 43.0081682589 ] ] } },
{ "type": "Feature", "properties": { "PR": "1530707", "Aadt": 797, "AadtCommercial": 24, "FacilityType": 2, "Year": "2024", "LocationId": "25-7119" }, "geometry": { "type": "LineString", "coordinates": [ [ -83.5204230025, 43.0254981657 ], [ -83.5204991257, 43.0265777011 ], [ -83.5204776262, 43.027299324 ], [ -83.52049202, 43.027803369 ], [ -83.5205323067, 43.0284367645 ], [ -83.5205338565, 43.0290709886 ], [ -83.5204916932, 43.0291322423 ] ] } },
{ "type": "Feature", "properties": { "PR": "0755510", "Aadt": 3008, "AadtCommercial": 84, "FacilityType": 2, "Year": "2024", "LocationId": "44-5065" }, "geometry": { "type": "LineString", "coordinates": [ [ -83.4307979421, 43.2166350162 ], [ -83.4206948817, 43.2169387221 ], [ -83.4156548896, 43.2170885687 ], [ -83.4111986981, 43.2172225275 ], [ -83.4106379005, 43.2172333281 ], [ -83.4008041875, 43.2174049199 ], [ -83.3909932332, 43.2175729186 ], [ -83.3846683175, 43.2176606992 ], [ -83.3779699246, 43.2177628603 ], [ -83.3712546011, 43.2178557039 ] ] } },
{ "type": "Feature", "properties": { "PR": "1494610", "Aadt": 2648, "AadtCommercial": null, "FacilityType": 4, "Year": "2024", "LocationId": "25-9626" }, "geometry": { "type": "LineString", "coordinates": [ [ -83.8093475342, 42.9652886521 ], [ -83.8089776496, 42.9648898792 ], [ -83.8087799103, 42.9646503086 ], [ -83.8084041215, 42.9642613539 ], [ -83.8079710458, 42.9639779293 ], [ -83.8074955511, 42.9638115488 ], [ -83.8069716147, 42.9637171932 ], [ -83.8064291755, 42.9637122801 ], [ -83.8058296432, 42.9638072859 ], [ -83.8052262724, 42.9640088581 ], [ -83.8045348493, 42.964320972 ], [ -83.8040299458, 42.9645469007 ], [ -83.8036132917, 42.9646566741 ], [ -83.8032071029, 42.9646880708 ], [ -83.8022605935, 42.9646752943 ] ] } },
{ "type": "Feature", "properties": { "PR": "1503202", "Aadt": 5357, "AadtCommercial": null, "FacilityType": 4, "Year": "2024", "LocationId": "25-0120" }, "geometry": { "type": "LineString", "coordinates": [ [ -83.7376154122, 42.9871805357 ], [ -83.7374063405, 42.9862206762 ], [ -83.7374346847, 42.985857491 ], [ -83.7374980496, 42.9856186824 ], [ -83.7376097092, 42.9854135779 ], [ -83.7377868109, 42.9851806808 ], [ -83.7379369982, 42.9850054466 ], [ -83.7381053694, 42.9848742262 ], [ -83.7382932756, 42.9847506709 ], [ -83.7386075148, 42.9845605289 ], [ -83.7390733661, 42.984323484 ], [ -83.7413178585, 42.9830596918 ] ] } },
{ "type": "Feature", "properties": { "PR": "1502709", "Aadt": 3462, "AadtCommercial": null, "FacilityType": 4, "Year": "2024", "LocationId": "25-3655" }, "geometry": { "type": "LineString", "coordinates": [ [ -83.7312711039, 42.8044516402 ], [ -83.7312687881, 42.8033975111 ], [ -83.7312452347, 42.8032641452 ], [ -83.7311952789, 42.8030742937 ], [ -83.7310973473, 42.8028974657 ], [ -83.7306904336, 42.8023437248 ], [ -83.7305737817, 42.8021595259 ], [ -83.730466102, 42.8019894962 ], [ -83.7303982029, 42.8017713056 ], [ -83.7303592963, 42.8015397099 ], [ -83.7303462728, 42.8013785776 ], [ -83.7303714743, 42.80121122 ], [ -83.7304325253, 42.8010015906 ], [ -83.7305556583, 42.8006491935 ] ] } },
{ "type": "Feature", "properties": { "PR": "1520502", "Aadt": 12688, "AadtCommercial": 355, "FacilityType": 2, "Year": "2024", "LocationId": "25-5280" }, "geometry": { "type": "LineString", "coordinates": [ [ -83.692511471, 42.9595868959 ], [ -83.6922900739, 42.9595838837 ], [ -83.6915448902, 42.9596241073 ], [ -83.6902231271, 42.9596236993 ], [ -83.6895067585, 42.9596459733 ], [ -83.688886392, 42.9596579771 ], [ -83.6876203795, 42.959657294 ], [ -83.6865506252, 42.9597004809 ], [ -83.6861193389, 42.9597083437 ], [ -83.6859890627, 42.9597119983 ], [ -83.683878341, 42.9597455806 ], [ -83.6836550544, 42.9597403439 ], [ -83.6828041795, 42.9597580963 ], [ -83.6824566202, 42.9597722638 ], [ -83.6819091131, 42.9597808234 ] ] } },
{ "type": "Feature", "properties": { "PR": "1536805", "Aadt": 2408, "AadtCommercial": 67, "FacilityType": 2, "Year": "2024", "LocationId": "25-6937" }, "geometry": { "type": "LineString", "coordinates": [ [ -83.683079923, 43.0349668486 ], [ -83.6830091527, 43.0350839189 ], [ -83.6829388951, 43.0351704933 ], [ -83.6828524529, 43.0352424085 ], [ -83.6827548582, 43.0353140952 ], [ -83.6826491322, 43.0353794756 ], [ -83.6825101059, 43.0354400801 ], [ -83.6823574506, 43.035492218 ], [ -83.6822079707, 43.0355341877 ], [ -83.6820388971, 43.0355778017 ], [ -83.681860746, 43.0356253237 ], [ -83.6817018793, 43.035670538 ], [ -83.6815534702, 43.0357225168 ], [ -83.6814261733, 43.0357827872 ], [ -83.6813074989, 43.0358510936 ], [ -83.6811992309, 43.0359274733 ], [ -83.681108608, 43.0360094535 ], [ -83.6810136691, 43.036110995 ], [ -83.6809475781, 43.036205268 ], [ -83.6808996293, 43.0362920524 ], [ -83.6808474643, 43.0363957798 ], [ -83.6806804503, 43.0367486657 ], [ -83.6804378621, 43.0372571979 ], [ -83.6800671663, 43.0380814219 ], [ -83.6799134823, 43.0384123105 ], [ -83.6798436584, 43.0385575947 ], [ -83.6797759174, 43.0386950613 ], [ -83.6797058849, 43.0388292993 ], [ -83.6796107965, 43.0390092098 ], [ -83.6795677604, 43.0390888115 ], [ -83.6795202516, 43.0391658055 ], [ -83.6794704272, 43.0392435916 ], [ -83.679431378, 43.0393010578 ], [ -83.6792595494, 43.0394049508 ], [ -83.6791873615, 43.0394715886 ], [ -83.6790279612, 43.0396242049 ], [ -83.6787797637, 43.0398575279 ], [ -83.6784880385, 43.0401288889 ], [ -83.6781909928, 43.0404048035 ], [ -83.6779669856, 43.0406124215 ], [ -83.6778634906, 43.0407113221 ], [ -83.6777576608, 43.0408189782 ], [ -83.6776991429, 43.040884847 ], [ -83.6776389726, 43.0409640964 ], [ -83.6775855265, 43.0410468374 ], [ -83.6775375984, 43.0411347206 ], [ -83.6774927142, 43.0412327282 ], [ -83.6774579804, 43.0413342967 ], [ -83.6774210179, 43.0414643241 ], [ -83.6773538182, 43.0417278705 ], [ -83.6772204943, 43.0422566616 ], [ -83.6770615669, 43.042888644 ], [ -83.6769442787, 43.0433551282 ], [ -83.6769082326, 43.0434910428 ], [ -83.6768735206, 43.0436219548 ], [ -83.676834048, 43.0437577991 ], [ -83.6767809248, 43.0439218679 ], [ -83.6766507949, 43.0443367062 ], [ -83.6764408918, 43.0450148311 ], [ -83.6763563922, 43.0452822139 ], [ -83.6763313342, 43.0453697284 ], [ -83.6763046233, 43.0454706225 ], [ -83.6762857158, 43.0455767078 ], [ -83.6762741724, 43.0456695296 ], [ -83.6762727803, 43.0457659135 ], [ -83.6762759263, 43.0458632291 ], [ -83.6762993735, 43.0464170348 ], [ -83.6763268533, 43.0471386953 ], [ -83.676341925, 43.0475186882 ], [ -83.6763557133, 43.0479362447 ], [ -83.6763791208, 43.0484911222 ], [ -83.6764292409, 43.0498599565 ], [ -83.6764571474, 43.0506497436 ], [ -83.6764809696, 43.0513042653 ], [ -83.6765020092, 43.0518613735 ], [ -83.6765317838, 43.0526089713 ], [ -83.6765555207, 43.0532751237 ], [ -83.6765680415, 43.0535461738 ], [ -83.676580629, 43.0540450182 ] ] } },
{ "type": "Feature", "properties": { "PR": "1497804", "Aadt": 53787, "AadtCommercial": 4841, "FacilityType": 2, "Year": "2024", "LocationId": "25-0559" }, "geometry": { "type": "LineString", "coordinates": [ [ -83.7332388639, 42.984873527 ], [ -83.7333990568, 42.9850273572 ], [ -83.7335763417, 42.9851948928 ], [ -83.7353558338, 42.9869458318 ], [ -83.735487894, 42.9870664897 ], [ -83.7365445651, 42.9880919996 ], [ -83.7368889799, 42.9884267632 ], [ -83.7374476632, 42.9889079463 ], [ -83.7381762955, 42.9894861791 ], [ -83.7385120422, 42.9897371507 ] ] } },
{ "type": "Feature", "properties": { "PR": "0556307", "Aadt": 2400, "AadtCommercial": 69, "FacilityType": 2, "Year": "2024", "LocationId": "76-5004" }, "geometry": { "type": "LineString", "coordinates": [ [ -83.9887059684, 42.9397960838 ], [ -83.9890181047, 42.9506612465 ], [ -83.9890422082, 42.9521150629 ], [ -83.9889993713, 42.9524591967 ], [ -83.9888031648, 42.9528802099 ], [ -83.9874458218, 42.9557104181 ], [ -83.9873162223, 42.9560282396 ], [ -83.9872451696, 42.956293321 ], [ -83.9871114481, 42.9585620188 ], [ -83.986927623, 42.962574911 ], [ -83.9868976413, 42.9633061218 ], [ -83.9867911949, 42.9684204285 ], [ -83.9867777822, 42.970593773 ], [ -83.9867831327, 42.9768409959 ], [ -83.9867680429, 42.9781982208 ], [ -83.9867862221, 42.9785599087 ], [ -83.9867646902, 42.9813599484 ], [ -83.9867667085, 42.9827478098 ], [ -83.9867790414, 42.9840605251 ], [ -83.9867669737, 42.9850581924 ], [ -83.9867880411, 42.9922350535 ], [ -83.9867426412, 42.9993767823 ], [ -83.986739396, 42.9995361636 ] ] } },
{ "type": "Feature", "properties": { "PR": "1844405", "Aadt": 1258, "AadtCommercial": null, "FacilityType": 4, "Year": "2024", "LocationId": "25-4130" }, "geometry": { "type": "LineString", "coordinates": [ [ -83.6824756489, 43.0624131269 ], [ -83.6823707413, 43.062605649 ], [ -83.682213311, 43.0628523959 ], [ -83.6821034671, 43.0629761958 ], [ -83.6819827285, 43.0630784374 ], [ -83.6818628951, 43.0631568997 ], [ -83.6816845011, 43.0632389216 ], [ -83.6814614274, 43.0633009901 ], [ -83.6812585374, 43.0633444318 ], [ -83.6808772807, 43.0633698377 ], [ -83.6806426914, 43.0633222992 ], [ -83.6804045067, 43.0632698222 ], [ -83.6801360654, 43.0631596078 ], [ -83.6795803263, 43.0628223948 ] ] } },
{ "type": "Feature", "properties": { "PR": "1499702", "Aadt": 6927, "AadtCommercial": 194, "FacilityType": 2, "Year": "2024", "LocationId": "25-6757" }, "geometry": { "type": "LineString", "coordinates": [ [ -83.6936667438, 43.0353893819 ], [ -83.690397401, 43.0353638345 ], [ -83.687221834, 43.0353698084 ], [ -83.6862865258, 43.0353716176 ], [ -83.6845984839, 43.0353670595 ], [ -83.6842188541, 43.0353315226 ], [ -83.6838584041, 43.035282494 ], [ -83.6836198709, 43.0351995133 ], [ -83.6833728612, 43.0351224866 ], [ -83.683079923, 43.0349668486 ], [ -83.6829905667, 43.0349255054 ], [ -83.6828651359, 43.0348405758 ], [ -83.6828343705, 43.0348475234 ], [ -83.6826005542, 43.0346614262 ], [ -83.6823288034, 43.0345046563 ], [ -83.6818786132, 43.0343452619 ], [ -83.6811689667, 43.0341350787 ] ] } },
{ "type": "Feature", "properties": { "PR": "1512801", "Aadt": 759, "AadtCommercial": 23, "FacilityType": 2, "Year": "2024", "LocationId": "25-5452" }, "geometry": { "type": "LineString", "coordinates": [ [ -83.6368527643, 43.0909998103 ], [ -83.6353227806, 43.0910448151 ], [ -83.6325623311, 43.0911030075 ], [ -83.6249549127, 43.0912630358 ], [ -83.6232568681, 43.0913164427 ], [ -83.6207653389, 43.0913866738 ], [ -83.6170751493, 43.0914941058 ] ] } },
{ "type": "Feature", "properties": { "PR": "0552904", "Aadt": 459, "AadtCommercial": 11, "FacilityType": 2, "Year": "2024", "LocationId": "76-5179" }, "geometry": { "type": "LineString", "coordinates": [ [ -83.9913941787, 42.9116650816 ], [ -83.9880129033, 42.9116647221 ], [ -83.9877775284, 42.9116637957 ] ] } },
{ "type": "Feature", "properties": { "PR": "1506007", "Aadt": 1813, "AadtCommercial": 51, "FacilityType": 2, "Year": "2024", "LocationId": "25-7010" }, "geometry": { "type": "LineString", "coordinates": [ [ -83.6565764032, 43.0763410511 ], [ -83.6563327324, 43.0768005902 ], [ -83.6561332361, 43.0771599956 ], [ -83.6561094109, 43.0773161771 ], [ -83.6561033817, 43.0774727279 ], [ -83.6561900982, 43.083514356 ], [ -83.6562555465, 43.0862860367 ], [ -83.656348839, 43.0894075982 ], [ -83.6564244022, 43.0909797708 ] ] } },
{ "type": "Feature", "properties": { "PR": "3780745", "Aadt": 2005, "AadtCommercial": 58, "FacilityType": 2, "Year": "2024", "LocationId": "76-5123" }, "geometry": { "type": "LineString", "coordinates": [ [ -84.0690033412, 42.8834036583 ], [ -84.0687967872, 42.8835894568 ], [ -84.0685863138, 42.8837476534 ], [ -84.068061014, 42.8842032488 ], [ -84.0637730348, 42.8879238575 ], [ -84.0551996852, 42.8954125318 ], [ -84.0547291468, 42.8958157994 ], [ -84.0544716935, 42.8960587684 ], [ -84.0506798114, 42.8994245262 ], [ -84.0474615892, 42.9020974956 ], [ -84.04572505, 42.9036420278 ], [ -84.0446089412, 42.9045254964 ], [ -84.0367377595, 42.9100975047 ] ] } },
{ "type": "Feature", "properties": { "PR": "1495005", "Aadt": 5806, "AadtCommercial": null, "FacilityType": 4, "Year": "2024", "LocationId": "25-4109" }, "geometry": { "type": "LineString", "coordinates": [ [ -83.6777952978, 43.0081543264 ], [ -83.6776918903, 43.0084453383 ], [ -83.6776186183, 43.0086050342 ], [ -83.6775322904, 43.0087682553 ], [ -83.6774124652, 43.0089527666 ], [ -83.6772660254, 43.0091098453 ], [ -83.6771196972, 43.0092563085 ], [ -83.6768716446, 43.0094575839 ], [ -83.6767168386, 43.009551829 ], [ -83.6763473601, 43.0097663563 ], [ -83.6761995346, 43.0098351604 ], [ -83.676060584, 43.0098873053 ], [ -83.6753953205, 43.0101260841 ] ] } },
{ "type": "Feature", "properties": { "PR": "1501407", "Aadt": 1208, "AadtCommercial": null, "FacilityType": 4, "Year": "2024", "LocationId": "25-0499" }, "geometry": { "type": "LineString", "coordinates": [ [ -83.7402415125, 43.0958622786 ], [ -83.7388529626, 43.0957397083 ], [ -83.7384971711, 43.0956986573 ], [ -83.7382142929, 43.095654213 ], [ -83.7378731678, 43.0955746597 ], [ -83.7375257926, 43.0954852819 ], [ -83.7370953472, 43.0953166559 ], [ -83.7365888062, 43.0950592216 ], [ -83.7358303565, 43.0946367241 ], [ -83.735518215, 43.0944898541 ], [ -83.7353159516, 43.0944130713 ], [ -83.7351919496, 43.0943669476 ], [ -83.7350453819, 43.0943452823 ], [ -83.7346942485, 43.0943356278 ], [ -83.7337807203, 43.0943361628 ] ] } },
{ "type": "Feature", "properties": { "PR": "3250565", "Aadt": 3031, "AadtCommercial": 87, "FacilityType": 2, "Year": "2024", "LocationId": "25-6983" }, "geometry": { "type": "LineString", "coordinates": [ [ -83.6344898694, 43.0041690411 ], [ -83.6315781, 43.0041625986 ], [ -83.6246681978, 43.0041470162 ], [ -83.6196937866, 43.004149762 ], [ -83.6173091927, 43.0041403271 ], [ -83.6148542536, 43.0041375714 ] ] } },
{ "type": "Feature", "properties": { "PR": "1529704", "Aadt": 469, "AadtCommercial": 11, "FacilityType": 2, "Year": "2024", "LocationId": "25-5439" }, "geometry": { "type": "LineString", "coordinates": [ [ -83.5079838174, 42.9168742076 ], [ -83.5080080639, 42.9178450248 ], [ -83.5079791028, 42.9183924627 ] ] } },
{ "type": "Feature", "properties": { "PR": "3252451", "Aadt": 4818, "AadtCommercial": 140, "FacilityType": 2, "Year": "2024", "LocationId": "25-5281" }, "geometry": { "type": "LineString", "coordinates": [ [ -83.6912299127, 42.90057713 ], [ -83.6905233553, 42.9005172483 ], [ -83.6899523875, 42.9002928914 ], [ -83.6897084801, 42.900243249 ], [ -83.6895268543, 42.9002169375 ], [ -83.6892888182, 42.9002001075 ], [ -83.6876240568, 42.900235806 ], [ -83.6806971059, 42.9003840828 ], [ -83.679931419, 42.9004098629 ], [ -83.67919308, 42.9004242834 ], [ -83.6776044066, 42.9004527929 ], [ -83.6770542512, 42.9004626615 ], [ -83.6708454099, 42.9006044391 ], [ -83.6687170105, 42.9006428555 ], [ -83.6667284093, 42.9006773332 ], [ -83.6631819014, 42.9007624655 ], [ -83.6615949038, 42.9008005246 ], [ -83.6585414742, 42.9008514103 ], [ -83.6558921801, 42.900895496 ] ] } },
{ "type": "Feature", "properties": { "PR": "1497804", "Aadt": 55083, "AadtCommercial": 6214, "FacilityType": 2, "Year": "2024", "LocationId": "25-0097" }, "geometry": { "type": "LineString", "coordinates": [ [ -83.7632642151, 43.1189667747 ], [ -83.7632706804, 43.1204078443 ], [ -83.763265204, 43.1233602298 ], [ -83.7632964227, 43.133957239 ], [ -83.7633157526, 43.1426712977 ], [ -83.7633448728, 43.1483153013 ], [ -83.7633060982, 43.1512966978 ], [ -83.7633208767, 43.1513865451 ], [ -83.7633918128, 43.1521871433 ], [ -83.7634946839, 43.1527777114 ], [ -83.7636408095, 43.153378258 ], [ -83.7637690818, 43.153786835 ], [ -83.7639273367, 43.1542318339 ], [ -83.764191596, 43.1548353801 ], [ -83.7650415486, 43.156565168 ], [ -83.7661170398, 43.158782924 ], [ -83.7664700184, 43.1594994058 ], [ -83.7672648169, 43.1611126391 ], [ -83.767589864, 43.161809791 ], [ -83.7680158425, 43.1628000842 ], [ -83.768148942, 43.1632121602 ], [ -83.7682728775, 43.1637391468 ], [ -83.7683445461, 43.1641564479 ], [ -83.768396583, 43.1645508821 ], [ -83.7684359132, 43.1650125067 ], [ -83.7684474138, 43.1660917967 ], [ -83.7685129787, 43.1715246547 ], [ -83.768530366, 43.1724666411 ], [ -83.7685496991, 43.1737810088 ], [ -83.7686131994, 43.1775924954 ] ] } },
{ "type": "Feature", "properties": { "PR": "3251894", "Aadt": 1942, "AadtCommercial": 57, "FacilityType": 2, "Year": "2024", "LocationId": "25-7057" }, "geometry": { "type": "LineString", "coordinates": [ [ -83.6800838414, 43.1785930796 ], [ -83.6798092961, 43.1712457119 ], [ -83.6796591843, 43.1671023545 ], [ -83.6796564662, 43.1665286765 ], [ -83.6795605788, 43.1639315034 ], [ -83.6785305297, 43.1561750298 ], [ -83.6784698665, 43.1552948533 ], [ -83.6783170516, 43.1493054739 ] ] } },
{ "type": "Feature", "properties": { "PR": "1497809", "Aadt": 23485, "AadtCommercial": 633, "FacilityType": 2, "Year": "2024", "LocationId": "25-0158" }, "geometry": { "type": "LineString", "coordinates": [ [ -83.6305936778, 42.886886783 ], [ -83.6306225199, 42.888166692 ], [ -83.6306821829, 42.889599217 ], [ -83.6306827477, 42.8896127773 ], [ -83.6307393916, 42.8901012715 ], [ -83.6308610902, 42.890561206 ], [ -83.6309763041, 42.8908884911 ], [ -83.6312220303, 42.8914545443 ], [ -83.6317034516, 42.8923876398 ], [ -83.6317095576, 42.8923994739 ], [ -83.6319935959, 42.8929509452 ], [ -83.632098845, 42.8931980987 ], [ -83.6323162218, 42.8937608177 ], [ -83.6324018914, 42.894128567 ], [ -83.6324872275, 42.8946089412 ] ] } },
{ "type": "Feature", "properties": { "PR": "1520404", "Aadt": 1425, "AadtCommercial": 40, "FacilityType": 2, "Year": "2024", "LocationId": "25-5436" }, "geometry": { "type": "LineString", "coordinates": [ [ -83.5737439649, 42.9614749873 ], [ -83.5738342893, 42.9645626038 ], [ -83.5739021401, 42.9661480672 ], [ -83.5739549359, 42.9683390592 ], [ -83.5739609091, 42.9684179748 ], [ -83.5740038502, 42.969354026 ], [ -83.5740537492, 42.9704400009 ], [ -83.574115507, 42.9717839851 ], [ -83.5741457981, 42.9722667705 ], [ -83.5743362526, 42.9758606185 ] ] } },
{ "type": "Feature", "properties": { "PR": "1498104", "Aadt": 8263, "AadtCommercial": 231, "FacilityType": 2, "Year": "2024", "LocationId": "25-5564" }, "geometry": { "type": "LineString", "coordinates": [ [ -83.6940431095, 43.0756681141 ], [ -83.6907734056, 43.0757469202 ], [ -83.6897493637, 43.0757891819 ], [ -83.6877121985, 43.0758000511 ], [ -83.6856336631, 43.07576911 ], [ -83.6846866168, 43.0757809252 ] ] } },
{ "type": "Feature", "properties": { "PR": "0760207", "Aadt": 2442, "AadtCommercial": 69, "FacilityType": 2, "Year": "2024", "LocationId": "44-5081" }, "geometry": { "type": "LineString", "coordinates": [ [ -83.4103186105, 43.1554899111 ], [ -83.4095085081, 43.1561467292 ], [ -83.4091371691, 43.156425396 ], [ -83.4085658506, 43.1568596197 ], [ -83.4077837245, 43.1574957135 ], [ -83.4069893696, 43.1581505658 ], [ -83.4061485995, 43.1587812183 ], [ -83.4060167096, 43.1588372105 ] ] } },
{ "type": "Feature", "properties": { "PR": "1496204", "Aadt": 1071, "AadtCommercial": 30, "FacilityType": 2, "Year": "2024", "LocationId": "25-5587" }, "geometry": { "type": "LineString", "coordinates": [ [ -83.7200846163, 42.9980604484 ], [ -83.7205913508, 42.9986889154 ], [ -83.7211019476, 42.9992968027 ], [ -83.7215912734, 42.9998846743 ], [ -83.721724074, 43.0001227718 ], [ -83.7219870372, 43.0006248579 ], [ -83.7224137976, 43.0014643781 ], [ -83.7227260951, 43.0021297726 ], [ -83.7230706898, 43.0028081371 ], [ -83.7233917101, 43.0034618659 ], [ -83.7236793548, 43.0040383773 ], [ -83.7241146556, 43.0049133836 ], [ -83.7243156232, 43.0053974586 ], [ -83.7243362023, 43.0054793283 ], [ -83.7243443011, 43.005585861 ], [ -83.7243631463, 43.005728065 ], [ -83.7243005425, 43.0069023755 ], [ -83.7242528078, 43.0080230093 ], [ -83.7240637414, 43.0087639742 ], [ -83.7238830388, 43.0095305102 ], [ -83.7237151434, 43.0102111726 ], [ -83.723243733, 43.0121188506 ] ] } },
{ "type": "Feature", "properties": { "PR": "1503209", "Aadt": 9534, "AadtCommercial": null, "FacilityType": 4, "Year": "2024", "LocationId": "25-0465" }, "geometry": { "type": "LineString", "coordinates": [ [ -83.6396910763, 42.8979832712 ], [ -83.6392180653, 42.8977622078 ], [ -83.6383549543, 42.8974372016 ], [ -83.6377885517, 42.8972377703 ], [ -83.6372971489, 42.8970484307 ], [ -83.6369439915, 42.8968832956 ], [ -83.6364386703, 42.8966041257 ], [ -83.6360984242, 42.8964051499 ], [ -83.6357248963, 42.8961671038 ], [ -83.635214947, 42.8958579863 ], [ -83.6344665898, 42.8954159693 ], [ -83.6341203963, 42.8952211266 ], [ -83.6334179361, 42.8949420801 ], [ -83.6324872275, 42.8946089412 ] ] } },
{ "type": "Feature", "properties": { "PR": "0651407", "Aadt": 2321, "AadtCommercial": null, "FacilityType": 4, "Year": "2024", "LocationId": "25-0577" }, "geometry": { "type": "LineString", "coordinates": [ [ -83.5887952427, 42.8684741982 ], [ -83.5894283205, 42.8688243628 ], [ -83.5900889755, 42.8690943125 ], [ -83.5908024578, 42.8692922835 ], [ -83.5914117479, 42.8694440514 ], [ -83.5923212365, 42.8696806536 ], [ -83.5926251727, 42.8697746216 ], [ -83.5931117067, 42.8700233299 ], [ -83.593411734, 42.870216776 ], [ -83.5936230202, 42.8703721278 ], [ -83.5938730403, 42.8705856285 ], [ -83.5940308116, 42.8707458744 ], [ -83.5943452713, 42.8711248078 ], [ -83.5948506296, 42.8717502335 ], [ -83.5953492086, 42.8723755134 ], [ -83.5958146985, 42.8729240178 ], [ -83.5958509505, 42.872960297 ], [ -83.5958871375, 42.8729966117 ], [ -83.595923392, 42.8730328901 ], [ -83.5959598432, 42.87306906 ], [ -83.5959965936, 42.8731050642 ], [ -83.5960335568, 42.8731409522 ], [ -83.5960706504, 42.8731767673 ], [ -83.5961078128, 42.8732125451 ], [ -83.5961449789, 42.8732483212 ], [ -83.5961820838, 42.8732841311 ], [ -83.5962190661, 42.8733200086 ], [ -83.5962558643, 42.8733559876 ], [ -83.5962925487, 42.8733920299 ], [ -83.5963291655, 42.8734281096 ], [ -83.5963657285, 42.8734642186 ], [ -83.5964022489, 42.873500352 ], [ -83.5964387381, 42.8735365019 ], [ -83.5964752099, 42.8735726612 ], [ -83.5965116754, 42.873608825 ], [ -83.5965481459, 42.8736449852 ], [ -83.596618581, 42.8737147264 ] ] } },
{ "type": "Feature", "properties": { "PR": "0468303", "Aadt": 64604, "AadtCommercial": 5096, "FacilityType": 2, "Year": "2024", "LocationId": "25-6119" }, "geometry": { "type": "LineString", "coordinates": [ [ -83.7688574638, 43.2212969639 ], [ -83.7688572793, 43.221736031 ], [ -83.7688616838, 43.2229372417 ], [ -83.7689047836, 43.224974839 ], [ -83.7689430724, 43.2265889954 ], [ -83.7689907361, 43.2284351603 ], [ -83.7691527964, 43.2357503654 ], [ -83.7691587024, 43.2360123821 ], [ -83.769236383, 43.2391362147 ], [ -83.7692464823, 43.2396927673 ], [ -83.7692810209, 43.2402672687 ], [ -83.7693162137, 43.2406666231 ], [ -83.7693595825, 43.2410374762 ], [ -83.7694243223, 43.2414087508 ], [ -83.7694531308, 43.241594317 ], [ -83.7695510905, 43.2420313861 ], [ -83.7697124016, 43.2426113775 ], [ -83.7698368206, 43.243028585 ], [ -83.7700229191, 43.2435572085 ], [ -83.7702506449, 43.2441118088 ], [ -83.7704868139, 43.2446355345 ], [ -83.7706764237, 43.2450127482 ], [ -83.7709177227, 43.2454533742 ], [ -83.7712471279, 43.2459791758 ], [ -83.7716381174, 43.2465981777 ], [ -83.7726295939, 43.2478470595 ], [ -83.7728708256, 43.2481106027 ], [ -83.7730745002, 43.2483343851 ], [ -83.7745860991, 43.2498214608 ], [ -83.7749632326, 43.2501875973 ] ] } },
{ "type": "Feature", "properties": { "PR": "0627809", "Aadt": 17650, "AadtCommercial": 494, "FacilityType": 2, "Year": "2024", "LocationId": "63-0051" }, "geometry": { "type": "LineString", "coordinates": [ [ -83.4204120224, 42.7665054739 ], [ -83.4205528927, 42.7705015137 ], [ -83.4206701266, 42.7728609255 ], [ -83.4206905845, 42.7732726373 ], [ -83.4208317803, 42.7762426111 ], [ -83.4209647397, 42.779890974 ], [ -83.4211479989, 42.7834833371 ], [ -83.4212886107, 42.7871269436 ], [ -83.4213257188, 42.7881721667 ], [ -83.4213802458, 42.7892849246 ], [ -83.4214282179, 42.7898305855 ], [ -83.4214976814, 42.7903468968 ], [ -83.4216317829, 42.7911331873 ], [ -83.4217204823, 42.7915530089 ], [ -83.4220083944, 42.7932005558 ], [ -83.4220520831, 42.793544879 ], [ -83.422084833, 42.7939708349 ], [ -83.4221055857, 42.7944412771 ], [ -83.4221006875, 42.795084557 ], [ -83.4221029561, 42.795709386 ], [ -83.4221348687, 42.7963964166 ], [ -83.4221467553, 42.7968368163 ], [ -83.4222117481, 42.7981010004 ], [ -83.4222436363, 42.7993529804 ], [ -83.4222975606, 42.8004806393 ], [ -83.4223774734, 42.8009897272 ], [ -83.4224665707, 42.8015214031 ], [ -83.4226490507, 42.802241701 ], [ -83.4231692159, 42.8041128657 ], [ -83.4232396062, 42.8045826117 ], [ -83.4232613088, 42.8050306932 ], [ -83.4232320908, 42.8054850751 ], [ -83.4231592569, 42.8060130625 ], [ -83.4230228731, 42.8066067393 ], [ -83.4228481928, 42.8071473262 ], [ -83.4225898334, 42.8078017653 ], [ -83.4222778405, 42.8085112855 ], [ -83.4219792461, 42.8092610302 ], [ -83.4219158917, 42.8098041512 ], [ -83.421923293, 42.8101101719 ], [ -83.4219671112, 42.8105139982 ], [ -83.422006132, 42.8107909001 ], [ -83.4221142295, 42.8110898583 ], [ -83.4222939273, 42.8114166192 ], [ -83.4225987401, 42.8118786079 ], [ -83.42287726, 42.8122430219 ], [ -83.4231794724, 42.8125259165 ], [ -83.4234639483, 42.8127487282 ], [ -83.4245906047, 42.8135000876 ], [ -83.426671394, 42.8148080984 ], [ -83.4277268915, 42.815471563 ], [ -83.4289427496, 42.8162159068 ], [ -83.4305608589, 42.8170642744 ], [ -83.4306961453, 42.8171325939 ], [ -83.4322569193, 42.8179207577 ], [ -83.4333737588, 42.8184938074 ], [ -83.4360722428, 42.8198738526 ], [ -83.4366420332, 42.8201911167 ], [ -83.437479632, 42.8206819615 ], [ -83.4375008827, 42.8206944146 ], [ -83.437852509, 42.8209052803 ], [ -83.4385872672, 42.8213947573 ], [ -83.4393632629, 42.8220134984 ], [ -83.4397160457, 42.8222653655 ], [ -83.4416893191, 42.8239731958 ], [ -83.4422211248, 42.8245050779 ], [ -83.4426278861, 42.8249734903 ], [ -83.4430066695, 42.8254421932 ], [ -83.4432538228, 42.8258172991 ], [ -83.4435403374, 42.826389889 ], [ -83.4439752099, 42.827591407 ], [ -83.4444065364, 42.8288671281 ], [ -83.4446737611, 42.8297015316 ], [ -83.4456944518, 42.8327269862 ], [ -83.4470508295, 42.8364354178 ], [ -83.4470623849, 42.8364670101 ], [ -83.447350605, 42.837398438 ], [ -83.4474547251, 42.8379022718 ], [ -83.4475170329, 42.8384465783 ], [ -83.447568857, 42.8389074667 ], [ -83.4476032922, 42.83932919 ], [ -83.4476210372, 42.8405766546 ], [ -83.4477216231, 42.8422616547 ], [ -83.4477855296, 42.8431279122 ], [ -83.4478251603, 42.8434823739 ], [ -83.4478734004, 42.8437003816 ] ] } },
{ "type": "Feature", "properties": { "PR": "3251574", "Aadt": 12529, "AadtCommercial": 339, "FacilityType": 2, "Year": "2024", "LocationId": "25-5347" }, "geometry": { "type": "LineString", "coordinates": [ [ -83.672640779, 42.9744348221 ], [ -83.669199105, 42.9744776286 ], [ -83.6659986621, 42.9745150129 ], [ -83.6650255966, 42.9745586701 ], [ -83.6632954699, 42.9745708409 ], [ -83.6613393034, 42.9745956808 ], [ -83.6596870351, 42.9746291559 ], [ -83.6571558152, 42.9746722175 ], [ -83.6529033336, 42.9747103542 ], [ -83.6481103872, 42.9748083146 ], [ -83.6454248922, 42.9748506056 ], [ -83.642184657, 42.9749019338 ], [ -83.6404619904, 42.974932548 ], [ -83.6355207533, 42.9750178702 ], [ -83.6332260589, 42.975029244 ] ] } },
{ "type": "Feature", "properties": { "PR": "1495306", "Aadt": 400, "AadtCommercial": null, "FacilityType": 4, "Year": "2024", "LocationId": "25-4494" }, "geometry": { "type": "LineString", "coordinates": [ [ -83.7677211804, 42.9728206606 ], [ -83.767656614, 42.9726414174 ], [ -83.7676560828, 42.972527175 ], [ -83.767690679, 42.972354778 ], [ -83.7678003917, 42.9721907883 ], [ -83.7681700481, 42.971879619 ], [ -83.7686255043, 42.971542449 ], [ -83.76906937, 42.9712550492 ], [ -83.7693927088, 42.9710591181 ], [ -83.770457615, 42.9705579209 ] ] } },
{ "type": "Feature", "properties": { "PR": "3251558", "Aadt": 7128, "AadtCommercial": 206, "FacilityType": 2, "Year": "2024", "LocationId": "25-5532" }, "geometry": { "type": "LineString", "coordinates": [ [ -83.7740129722, 43.1586214962 ], [ -83.774081084, 43.1627845628 ], [ -83.7740960355, 43.1650086946 ], [ -83.7741184017, 43.1686071064 ], [ -83.7741076206, 43.1768370104 ], [ -83.7741216876, 43.177365705 ], [ -83.7743160896, 43.1826582039 ], [ -83.774363885, 43.1845369677 ], [ -83.7743637944, 43.1846700768 ], [ -83.7743671129, 43.1848010226 ], [ -83.7743728531, 43.1860358579 ], [ -83.7743749321, 43.1886031119 ], [ -83.774396961, 43.1917866786 ] ] } },
{ "type": "Feature", "properties": { "PR": "1523901", "Aadt": 7430, "AadtCommercial": 207, "FacilityType": 2, "Year": "2024", "LocationId": "25-5220" }, "geometry": { "type": "LineString", "coordinates": [ [ -83.8114429268, 42.972194884 ], [ -83.811497962, 42.9757801397 ], [ -83.8115472539, 42.9783381777 ], [ -83.8117121014, 42.9863786579 ], [ -83.8117357154, 42.986581489 ] ] } },
{ "type": "Feature", "properties": { "PR": "1506007", "Aadt": 2852, "AadtCommercial": 84, "FacilityType": 2, "Year": "2024", "LocationId": "25-7041" }, "geometry": { "type": "LineString", "coordinates": [ [ -83.6584577242, 43.1496491669 ], [ -83.6585952822, 43.1552814199 ], [ -83.6586519149, 43.1570323152 ], [ -83.6591273737, 43.1606838734 ], [ -83.6595998761, 43.1643183175 ], [ -83.6596607749, 43.1679971489 ], [ -83.6596966915, 43.1700862055 ], [ -83.6597167932, 43.1706097557 ], [ -83.6597229647, 43.1716295069 ], [ -83.6598531064, 43.1751670943 ], [ -83.6599905891, 43.1788683326 ], [ -83.6601438616, 43.1826162993 ], [ -83.6602200318, 43.1843719926 ], [ -83.6603017186, 43.1866841781 ], [ -83.6604413721, 43.1898917644 ], [ -83.6605362286, 43.1922839515 ], [ -83.6605580807, 43.1928640311 ], [ -83.6605916829, 43.1935477818 ], [ -83.6607172371, 43.197842214 ], [ -83.6608415912, 43.2008068042 ], [ -83.6608408033, 43.2009431491 ], [ -83.6608897819, 43.2026369155 ], [ -83.660914669, 43.2035258012 ], [ -83.6609955577, 43.2061459463 ], [ -83.6610520078, 43.2081448765 ], [ -83.6611818863, 43.2123198227 ], [ -83.6612421775, 43.2151696477 ], [ -83.660981514, 43.2188746663 ], [ -83.6608606903, 43.2204650405 ], [ -83.6608202698, 43.2208761219 ], [ -83.6607948755, 43.2211480938 ], [ -83.6607406586, 43.2214717913 ], [ -83.6606602572, 43.2217810104 ] ] } },
{ "type": "Feature", "properties": { "PR": "3780583", "Aadt": 9526, "AadtCommercial": 269, "FacilityType": 2, "Year": "2024", "LocationId": "76-5176" }, "geometry": { "type": "LineString", "coordinates": [ [ -83.9996750535, 42.9259236995 ], [ -83.9996518143, 42.9259016224 ], [ -83.9994807422, 42.9257746475 ], [ -83.9992685621, 42.9256546691 ], [ -83.9988708577, 42.9254471708 ] ] } },
{ "type": "Feature", "properties": { "PR": "1522902", "Aadt": 5741, "AadtCommercial": 167, "FacilityType": 2, "Year": "2024", "LocationId": "25-7069" }, "geometry": { "type": "LineString", "coordinates": [ [ -83.5578495181, 43.0919713313 ], [ -83.5578535186, 43.0923826513 ], [ -83.5578762821, 43.0934716063 ], [ -83.5579982764, 43.0969684942 ], [ -83.5580195742, 43.0978625467 ], [ -83.5580146441, 43.0987268102 ], [ -83.5580147795, 43.0994587167 ], [ -83.5580823708, 43.1015190923 ], [ -83.5580721905, 43.1024466985 ], [ -83.5580916541, 43.102798461 ], [ -83.5581043494, 43.1034497981 ], [ -83.558111413, 43.1036771384 ], [ -83.558198617, 43.1063462994 ], [ -83.5581941639, 43.1064762424 ], [ -83.5583166551, 43.1099565368 ], [ -83.5585183225, 43.1163942157 ], [ -83.5585937474, 43.1208515009 ] ] } },
{ "type": "Feature", "properties": { "PR": "1494503", "Aadt": 6301, "AadtCommercial": 162, "FacilityType": 2, "Year": "2024", "LocationId": "25-6309" }, "geometry": { "type": "LineString", "coordinates": [ [ -83.7147674811, 43.1776967774 ], [ -83.7136216847, 43.1777118492 ], [ -83.7119651093, 43.1777246289 ], [ -83.71022481, 43.1777288348 ], [ -83.709197814, 43.177733328 ], [ -83.7091756327, 43.1777334246 ], [ -83.7064204295, 43.1777454332 ], [ -83.7054986396, 43.1777494365 ], [ -83.7040871154, 43.1777555515 ], [ -83.7025239915, 43.1777710161 ], [ -83.7009384556, 43.1777765479 ], [ -83.6993264332, 43.1777828631 ], [ -83.6977805136, 43.1777741579 ], [ -83.6965581117, 43.1777895256 ], [ -83.6961301436, 43.1778100065 ], [ -83.6959049374, 43.1778212743 ], [ -83.6955664477, 43.1778592409 ], [ -83.6952147518, 43.1779127444 ], [ -83.6946133548, 43.1780042627 ], [ -83.6935256247, 43.1781854864 ], [ -83.6926810875, 43.1783162978 ], [ -83.6923626824, 43.1783498223 ], [ -83.6921131348, 43.1783757036 ], [ -83.6917207602, 43.178402547 ], [ -83.6910951383, 43.178421602 ], [ -83.6884900262, 43.1784589658 ], [ -83.6861587226, 43.178507739 ], [ -83.6800838414, 43.1785930796 ], [ -83.6740379693, 43.1786668299 ], [ -83.6683895415, 43.1787497741 ], [ -83.6653640506, 43.1787990143 ], [ -83.6615226241, 43.1788291721 ], [ -83.6599905891, 43.1788683326 ] ] } },
{ "type": "Feature", "properties": { "PR": "1496001", "Aadt": 9438, "AadtCommercial": null, "FacilityType": 4, "Year": "2024", "LocationId": "25-0379" }, "geometry": { "type": "LineString", "coordinates": [ [ -83.7503626521, 43.0021467378 ], [ -83.7503540323, 43.00287508 ], [ -83.7503388402, 43.0029799996 ], [ -83.7502944088, 43.0030594174 ], [ -83.7502356115, 43.0031191654 ], [ -83.7501165963, 43.0031749475 ], [ -83.7499878049, 43.0031889998 ], [ -83.7498864241, 43.0031759069 ], [ -83.7497862696, 43.0031296101 ], [ -83.7497279949, 43.0030730712 ], [ -83.7496672777, 43.0029804856 ], [ -83.7496289761, 43.002893884 ], [ -83.7495792785, 43.0027464913 ] ] } },
{ "type": "Feature", "properties": { "PR": "1497903", "Aadt": 23037, "AadtCommercial": 1107, "FacilityType": 2, "Year": "2024", "LocationId": "25-0469" }, "geometry": { "type": "LineString", "coordinates": [ [ -83.67797922, 42.9193713995 ], [ -83.6791651319, 42.9213365063 ], [ -83.679206337, 42.9214241678 ], [ -83.6797896105, 42.9227010441 ], [ -83.6799465014, 42.9231359203 ], [ -83.6801026131, 42.9235913358 ], [ -83.6803603517, 42.9244640482 ], [ -83.680490366, 42.9250175923 ], [ -83.6806205136, 42.9257150234 ], [ -83.6807061266, 42.9262594335 ], [ -83.6807301491, 42.9265106981 ], [ -83.6807527677, 42.9267989328 ], [ -83.6807732024, 42.9271446772 ], [ -83.6808099788, 42.9284296005 ], [ -83.6808700941, 42.9295369086 ], [ -83.6809525182, 42.932246709 ], [ -83.6809831531, 42.9332538334 ], [ -83.6810036617, 42.933831987 ], [ -83.681072317, 42.9357674861 ], [ -83.6811972101, 42.9388319627 ], [ -83.6813395884, 42.9431960705 ], [ -83.6813841121, 42.9440534412 ] ] } },
{ "type": "Feature", "properties": { "PR": "1497008", "Aadt": 8636, "AadtCommercial": 449, "FacilityType": 2, "Year": "2024", "LocationId": "25-4701" }, "geometry": { "type": "LineString", "coordinates": [ [ -83.6565326151, 43.0427564827 ], [ -83.6571742596, 43.0435379816 ], [ -83.6628843362, 43.0505494882 ], [ -83.6629773139, 43.0506423017 ] ] } },
{ "type": "Feature", "properties": { "PR": "1495503", "Aadt": 2754, "AadtCommercial": null, "FacilityType": 4, "Year": "2024", "LocationId": "25-0428" }, "geometry": { "type": "LineString", "coordinates": [ [ -83.6281910816, 43.0141659755 ], [ -83.6295442538, 43.0142577204 ], [ -83.630132469, 43.0143061283 ], [ -83.6303581888, 43.0143473729 ], [ -83.6305957633, 43.0144004342 ], [ -83.6309889504, 43.014518653 ], [ -83.6313080758, 43.01461417 ], [ -83.6315741413, 43.0147200937 ], [ -83.632163758, 43.0149958861 ], [ -83.6330280179, 43.0154539227 ], [ -83.6332786834, 43.0155310802 ], [ -83.6334669711, 43.0155815511 ], [ -83.6337189504, 43.0156248919 ], [ -83.6347543428, 43.0156125875 ] ] } },
{ "type": "Feature", "properties": { "PR": "0646602", "Aadt": 1355, "AadtCommercial": 38, "FacilityType": 2, "Year": "2024", "LocationId": "63-5232" }, "geometry": { "type": "LineString", "coordinates": [ [ -83.5303203019, 42.8597086823 ], [ -83.5237171424, 42.8598291497 ], [ -83.5201563869, 42.8599300226 ], [ -83.5164579889, 42.8599996834 ], [ -83.5137009471, 42.8600636683 ], [ -83.5115891924, 42.8601404767 ], [ -83.5056464821, 42.8602472825 ], [ -83.5039308759, 42.8602881264 ], [ -83.5017412291, 42.8603447804 ], [ -83.4920954822, 42.8606378839 ], [ -83.4871607845, 42.8607260233 ], [ -83.4822970292, 42.8608551677 ], [ -83.479763058, 42.8609091864 ], [ -83.4788050527, 42.8609375541 ], [ -83.4774549961, 42.8609616307 ], [ -83.4726229909, 42.8610563982 ], [ -83.4679027997, 42.8611522775 ], [ -83.4646362905, 42.8612491802 ], [ -83.4628028277, 42.8613075859 ], [ -83.4614159883, 42.8613836362 ], [ -83.4605774008, 42.8614376976 ] ] } },
{ "type": "Feature", "properties": { "PR": "1844406", "Aadt": 1192, "AadtCommercial": null, "FacilityType": 4, "Year": "2024", "LocationId": "25-4129" }, "geometry": { "type": "LineString", "coordinates": [ [ -83.6805163453, 43.063901954 ], [ -83.6807666162, 43.0643291381 ], [ -83.6809458461, 43.064566036 ], [ -83.6813803587, 43.0652588574 ], [ -83.6821950675, 43.0665855795 ], [ -83.6823826843, 43.0668026716 ], [ -83.6825335843, 43.0668928013 ], [ -83.6827255067, 43.0669968272 ], [ -83.6829694771, 43.0670709886 ], [ -83.6832461394, 43.0670932937 ], [ -83.6835234095, 43.0670871394 ], [ -83.6836857052, 43.0670338834 ], [ -83.6838840839, 43.0669683083 ], [ -83.6840351783, 43.0668974141 ], [ -83.6842004501, 43.0667658806 ], [ -83.684330962, 43.0666118748 ], [ -83.684502063, 43.0663487178 ] ] } },
{ "type": "Feature", "properties": { "PR": "1495003", "Aadt": 10200, "AadtCommercial": 285, "FacilityType": 2, "Year": "2024", "LocationId": "25-7107" }, "geometry": { "type": "LineString", "coordinates": [ [ -83.555488803, 43.0118240911 ], [ -83.5478400514, 43.0119857867 ], [ -83.5419535348, 43.0121131595 ] ] } },
{ "type": "Feature", "properties": { "PR": "0557010", "Aadt": 717, "AadtCommercial": 21, "FacilityType": 2, "Year": "2024", "LocationId": "76-5142" }, "geometry": { "type": "LineString", "coordinates": [ [ -84.0329383173, 42.942238347 ], [ -84.0308423538, 42.942290852 ], [ -84.0294849292, 42.9423042343 ], [ -84.0280955788, 42.9423497181 ] ] } },
{ "type": "Feature", "properties": { "PR": "1497804", "Aadt": 74768, "AadtCommercial": 8449, "FacilityType": 2, "Year": "2024", "LocationId": "25-0103" }, "geometry": { "type": "LineString", "coordinates": [ [ -83.7629921849, 43.0973934773 ], [ -83.7630089498, 43.097749149 ], [ -83.7630092871, 43.0977563167 ], [ -83.7630147227, 43.0982040793 ], [ -83.7630509825, 43.1005458452 ], [ -83.7630752128, 43.1016802934 ], [ -83.7630704305, 43.1023597496 ], [ -83.7630860593, 43.1025367601 ], [ -83.7631232019, 43.1043767453 ], [ -83.7631831191, 43.1088403887 ], [ -83.7632083246, 43.1117439865 ], [ -83.7632595211, 43.1166651793 ], [ -83.7632642151, 43.1189667747 ] ] } },
{ "type": "Feature", "properties": { "PR": "1522205", "Aadt": 2082, "AadtCommercial": 60, "FacilityType": 2, "Year": "2024", "LocationId": "25-5204" }, "geometry": { "type": "LineString", "coordinates": [ [ -83.848365897, 42.95429633 ], [ -83.8482130494, 42.9541656434 ], [ -83.848048909, 42.9539807427 ], [ -83.847995186, 42.9538104809 ], [ -83.8479347055, 42.9535899452 ], [ -83.8478967462, 42.9529775661 ] ] } },
{ "type": "Feature", "properties": { "PR": "1497208", "Aadt": 2250, "AadtCommercial": 63, "FacilityType": 2, "Year": "2024", "LocationId": "25-5399" }, "geometry": { "type": "LineString", "coordinates": [ [ -83.5749026977, 42.9903667693 ], [ -83.5745708177, 42.9904109579 ], [ -83.5741119034, 42.990453129 ], [ -83.5735698241, 42.9904824657 ], [ -83.5686119086, 42.9905242525 ], [ -83.5612564884, 42.9906070739 ], [ -83.5547808934, 42.9906839285 ] ] } },
{ "type": "Feature", "properties": { "PR": "1519809", "Aadt": 2003, "AadtCommercial": 56, "FacilityType": 2, "Year": "2024", "LocationId": "25-5195" }, "geometry": { "type": "LineString", "coordinates": [ [ -83.8586872278, 42.9416601748 ], [ -83.8506834903, 42.9418503182 ], [ -83.8459346449, 42.9418460729 ], [ -83.8313607601, 42.941816869 ] ] } },
{ "type": "Feature", "properties": { "PR": "1503101", "Aadt": 6132, "AadtCommercial": 177, "FacilityType": 2, "Year": "2024", "LocationId": "25-5295" }, "geometry": { "type": "LineString", "coordinates": [ [ -83.729465432, 42.8853454728 ], [ -83.7298220906, 42.8953401639 ], [ -83.7299460102, 42.8988402984 ], [ -83.7299746416, 42.8996489391 ], [ -83.7299767915, 42.9000202455 ] ] } },
{ "type": "Feature", "properties": { "PR": "1507408", "Aadt": 538, "AadtCommercial": 18, "FacilityType": 2, "Year": "2024", "LocationId": "25-5387" }, "geometry": { "type": "LineString", "coordinates": [ [ -83.6462608208, 42.9796720647 ], [ -83.646321565, 42.9804246901 ], [ -83.646331646, 42.9811992184 ], [ -83.6463552082, 42.9820564335 ] ] } },
{ "type": "Feature", "properties": { "PR": "0627002", "Aadt": 1834, "AadtCommercial": 55, "FacilityType": 2, "Year": "2024", "LocationId": "63-5593" }, "geometry": { "type": "LineString", "coordinates": [ [ -83.4426513249, 42.8521809729 ], [ -83.4427029703, 42.8536685697 ], [ -83.4427982376, 42.855243674 ], [ -83.4428457961, 42.8556836365 ], [ -83.4429787764, 42.85670774 ], [ -83.443008426, 42.8568580682 ], [ -83.4431821575, 42.85828773 ] ] } },
{ "type": "Feature", "properties": { "PR": "3251545", "Aadt": 4936, "AadtCommercial": 139, "FacilityType": 2, "Year": "2024", "LocationId": "44-5041" }, "geometry": { "type": "LineString", "coordinates": [ [ -83.4402354531, 43.0415336597 ], [ -83.4378549483, 43.0415314025 ], [ -83.4304532093, 43.0416376417 ], [ -83.4257377471, 43.0420312612 ], [ -83.4240975759, 43.0421763596 ], [ -83.4229880148, 43.0422979488 ], [ -83.4193525846, 43.0426444463 ], [ -83.4170377297, 43.0428385845 ], [ -83.4157895988, 43.0429543706 ], [ -83.4142600197, 43.0430789216 ], [ -83.4138010217, 43.0431131999 ], [ -83.4134956547, 43.0431211498 ], [ -83.4131899716, 43.0431365496 ], [ -83.4128489244, 43.0431475718 ], [ -83.4123452912, 43.0431545647 ], [ -83.4114304549, 43.043148599 ], [ -83.4099080465, 43.043084004 ], [ -83.4073086014, 43.0430022251 ], [ -83.4059582512, 43.0429564269 ], [ -83.4044860103, 43.0429078229 ], [ -83.4030032968, 43.0428664173 ], [ -83.4026988831, 43.0428519872 ], [ -83.4023040006, 43.0428131115 ], [ -83.4015440757, 43.0427509542 ], [ -83.4010809675, 43.0427046033 ], [ -83.3995358725, 43.0425147473 ], [ -83.3985655045, 43.0423806254 ], [ -83.3981096822, 43.0423403364 ], [ -83.3975922791, 43.0423135485 ], [ -83.396840616, 43.042296296 ], [ -83.3902310707, 43.0424032775 ], [ -83.3815657085, 43.0425076527 ], [ -83.381378597, 43.0425115904 ] ] } },
{ "type": "Feature", "properties": { "PR": "1494708", "Aadt": 12585, "AadtCommercial": null, "FacilityType": 4, "Year": "2024", "LocationId": "25-0800" }, "geometry": { "type": "LineString", "coordinates": [ [ -83.725720296, 42.9750065085 ], [ -83.7257011911, 42.9754162845 ], [ -83.7257024198, 42.9757999384 ], [ -83.7257262439, 42.9759943719 ], [ -83.7259423793, 42.9770321596 ] ] } },
{ "type": "Feature", "properties": { "PR": "3251558", "Aadt": 10023, "AadtCommercial": 280, "FacilityType": 2, "Year": "2024", "LocationId": "25-5151" }, "geometry": { "type": "LineString", "coordinates": [ [ -83.7831075435, 42.8405383328 ], [ -83.7833590318, 42.8494174145 ], [ -83.7831451107, 42.8501395341 ], [ -83.7828819401, 42.8506677824 ], [ -83.7825111949, 42.8511392751 ], [ -83.7822456206, 42.8514410984 ], [ -83.7821061989, 42.8515714187 ], [ -83.7782513963, 42.8553195366 ], [ -83.7737741941, 42.8596832468 ], [ -83.7706559628, 42.8627122817 ] ] } },
{ "type": "Feature", "properties": { "PR": "1497804", "Aadt": 64158, "AadtCommercial": 4426, "FacilityType": 2, "Year": "2024", "LocationId": "25-0687" }, "geometry": { "type": "LineString", "coordinates": [ [ -83.6324161789, 42.8956574237 ], [ -83.6335335901, 42.896161356 ], [ -83.6342031871, 42.8964361204 ], [ -83.6352459337, 42.8968341009 ], [ -83.6365984738, 42.8972904536 ], [ -83.6377271196, 42.897626431 ], [ -83.6421425379, 42.898965262 ], [ -83.6423614817, 42.8990359853 ], [ -83.6427148152, 42.8991501185 ], [ -83.643065168, 42.8992881693 ], [ -83.6434828461, 42.8994655812 ], [ -83.6438712159, 42.8996592505 ], [ -83.6443821223, 42.8999482599 ], [ -83.6446897594, 42.900152898 ], [ -83.6451196113, 42.9004613027 ], [ -83.645289992, 42.9005983524 ], [ -83.6459307434, 42.9011910002 ], [ -83.646096994, 42.9013753494 ], [ -83.6463106868, 42.9016346841 ], [ -83.6464692953, 42.9018723176 ], [ -83.6466015508, 42.9020682907 ], [ -83.647028261, 42.9027270257 ], [ -83.647072674, 42.9027948107 ], [ -83.6490420071, 42.9058425079 ], [ -83.6493038414, 42.9062215376 ], [ -83.6496868858, 42.9066845457 ], [ -83.6497929688, 42.906808131 ] ] } },
{ "type": "Feature", "properties": { "PR": "1505905", "Aadt": 681, "AadtCommercial": 20, "FacilityType": 2, "Year": "2024", "LocationId": "25-6803" }, "geometry": { "type": "LineString", "coordinates": [ [ -83.6876429161, 43.0688502646 ], [ -83.6876334355, 43.0695786662 ] ] } },
{ "type": "Feature", "properties": { "PR": "1494105", "Aadt": 7996, "AadtCommercial": 224, "FacilityType": 2, "Year": "2024", "LocationId": "25-5233" }, "geometry": { "type": "LineString", "coordinates": [ [ -83.7822843497, 42.9873374126 ], [ -83.7772871935, 42.9873222976 ], [ -83.7746035623, 42.9873221645 ], [ -83.7723114725, 42.9873552352 ] ] } },
{ "type": "Feature", "properties": { "PR": "1510803", "Aadt": 10307, "AadtCommercial": 289, "FacilityType": 2, "Year": "2024", "LocationId": "25-5305" }, "geometry": { "type": "LineString", "coordinates": [ [ -83.6912299127, 42.90057713 ], [ -83.6909742433, 42.9009688861 ], [ -83.69079437, 42.9013053526 ], [ -83.6907353649, 42.9014523226 ], [ -83.6906528476, 42.9017110534 ], [ -83.6906110943, 42.9018866145 ], [ -83.6905744581, 42.9021590932 ], [ -83.6905686925, 42.9032541336 ], [ -83.6905612043, 42.9033914545 ], [ -83.690676983, 42.9053056667 ], [ -83.690843409, 42.9100984924 ], [ -83.6908795175, 42.9120581859 ], [ -83.6909292657, 42.9134239017 ], [ -83.6909718411, 42.9149736014 ] ] } },
{ "type": "Feature", "properties": { "PR": "0555910", "Aadt": 3757, "AadtCommercial": 91, "FacilityType": 2, "Year": "2024", "LocationId": "76-5152" }, "geometry": { "type": "LineString", "coordinates": [ [ -83.9422988888, 42.8182168438 ], [ -83.9417327039, 42.8180033222 ], [ -83.9392442647, 42.8177323986 ], [ -83.933337503, 42.8171171082 ], [ -83.932531042, 42.81703633 ] ] } },
{ "type": "Feature", "properties": { "PR": "1495607", "Aadt": 3183, "AadtCommercial": 89, "FacilityType": 2, "Year": "2024", "LocationId": "25-5489" }, "geometry": { "type": "LineString", "coordinates": [ [ -83.867490597, 43.0675643782 ], [ -83.8689331648, 43.0688007869 ], [ -83.8691609504, 43.0690431238 ], [ -83.8716186405, 43.0711153149 ], [ -83.8723499804, 43.0718007197 ], [ -83.8725789397, 43.0721021815 ], [ -83.8727842955, 43.0724464223 ], [ -83.8729163821, 43.0727784792 ], [ -83.8729881351, 43.0731499224 ], [ -83.8730017264, 43.0733933053 ], [ -83.8729891608, 43.0737523562 ], [ -83.8728661781, 43.0741773874 ], [ -83.8707929816, 43.0779268169 ], [ -83.869637189, 43.0799904296 ], [ -83.8690552509, 43.08105401 ], [ -83.8681637615, 43.0826239992 ], [ -83.8679483304, 43.083023117 ], [ -83.8674833429, 43.083887268 ], [ -83.8672093102, 43.0844100532 ], [ -83.8670153044, 43.0848190897 ], [ -83.8668500972, 43.0852766329 ], [ -83.8667829513, 43.0855386936 ], [ -83.8666315629, 43.0862196372 ], [ -83.8661290891, 43.088928023 ], [ -83.8659699085, 43.0899018834 ], [ -83.8658876655, 43.0904664102 ], [ -83.8658420273, 43.0908772428 ], [ -83.8658411455, 43.0913423305 ], [ -83.8658598945, 43.0924552485 ], [ -83.8658670161, 43.0926439672 ], [ -83.8658781846, 43.0944032305 ], [ -83.8658944427, 43.0961526646 ], [ -83.8659256698, 43.096913501 ], [ -83.8659661666, 43.0972455464 ], [ -83.8660114351, 43.0974417707 ], [ -83.8660865568, 43.0976130751 ], [ -83.8661792041, 43.097780463 ], [ -83.8662501761, 43.0979049708 ], [ -83.8663593062, 43.0980981525 ], [ -83.8674270617, 43.0997109822 ], [ -83.869814666, 43.1033206189 ], [ -83.8706110974, 43.1045113651 ], [ -83.8721104947, 43.1068155176 ], [ -83.8724724454, 43.1074041881 ], [ -83.8725862146, 43.1076314281 ], [ -83.8726390881, 43.1077768261 ], [ -83.8726944836, 43.1080157093 ], [ -83.8727375508, 43.1082755966 ], [ -83.8727532878, 43.108488252 ], [ -83.8727552219, 43.1129011007 ], [ -83.8727756401, 43.1177106288 ] ] } },
{ "type": "Feature", "properties": { "PR": "3251558", "Aadt": 5514, "AadtCommercial": 163, "FacilityType": 2, "Year": "2024", "LocationId": "25-5534" }, "geometry": { "type": "LineString", "coordinates": [ [ -83.773982393, 43.1482243183 ], [ -83.7739705413, 43.1506587699 ], [ -83.7739545002, 43.1533763938 ], [ -83.7739540287, 43.1557361579 ], [ -83.7740129722, 43.1586214962 ] ] } },
{ "type": "Feature", "properties": { "PR": "1503102", "Aadt": 4193, "AadtCommercial": null, "FacilityType": 4, "Year": "2024", "LocationId": "25-0804" }, "geometry": { "type": "LineString", "coordinates": [ [ -83.7387415589, 42.9891630276 ], [ -83.7381914337, 42.9888815981 ], [ -83.7375362836, 42.9885090602 ], [ -83.7370765116, 42.9882276175 ], [ -83.7366196915, 42.9879142389 ] ] } },
{ "type": "Feature", "properties": { "PR": "1495110", "Aadt": 10486, "AadtCommercial": 291, "FacilityType": 2, "Year": "2024", "LocationId": "25-5137" }, "geometry": { "type": "LineString", "coordinates": [ [ -83.5937657934, 42.9756354404 ], [ -83.5938188445, 42.9777368078 ], [ -83.5938343843, 42.9786433601 ], [ -83.593925387, 42.9811648662 ], [ -83.5939142399, 42.9820461879 ], [ -83.5939553419, 42.982891719 ], [ -83.5939570906, 42.9829205588 ], [ -83.5941777347, 42.9865603179 ], [ -83.5943845281, 42.9901210729 ], [ -83.5947001664, 42.9957716578 ], [ -83.5947594304, 42.9968325102 ], [ -83.5947704842, 42.9970006093 ], [ -83.5947968184, 42.9974512553 ], [ -83.5948350124, 42.9981473717 ], [ -83.5948564172, 42.999878674 ], [ -83.5948625796, 43.0000171757 ], [ -83.5948634893, 43.0000376183 ], [ -83.5948850979, 43.0016771928 ], [ -83.5949422791, 43.0029903677 ], [ -83.5949453124, 43.0040095897 ], [ -83.5950093457, 43.0047472106 ] ] } },
{ "type": "Feature", "properties": { "PR": "1496603", "Aadt": 8295, "AadtCommercial": null, "FacilityType": 4, "Year": "2024", "LocationId": "25-0595" }, "geometry": { "type": "LineString", "coordinates": [ [ -83.7685478257, 43.173653646 ], [ -83.7683655028, 43.1749056183 ], [ -83.7683537488, 43.1749861782 ], [ -83.7683412273, 43.1750610033 ], [ -83.7683267014, 43.1751372183 ], [ -83.768311383, 43.1752084132 ], [ -83.7682938237, 43.1752874293 ], [ -83.768272307, 43.1753677969 ], [ -83.7682520809, 43.1754396102 ], [ -83.7682278198, 43.1755149183 ], [ -83.7682026861, 43.1755873502 ], [ -83.7681766821, 43.1756569041 ], [ -83.7681443222, 43.1757399179 ], [ -83.7680626414, 43.1759420752 ], [ -83.7679715695, 43.1761604905 ], [ -83.7678889374, 43.1763619137 ], [ -83.7674045425, 43.1776093787 ] ] } },
{ "type": "Feature", "properties": { "PR": "0755001", "Aadt": 2500, "AadtCommercial": 75, "FacilityType": 2, "Year": "2024", "LocationId": "44-5046" }, "geometry": { "type": "LineString", "coordinates": [ [ -83.4402354531, 43.0415336597 ], [ -83.4402991768, 43.0429559394 ], [ -83.4404157772, 43.045149019 ], [ -83.4406095033, 43.0487703575 ], [ -83.4408032477, 43.0523916924 ], [ -83.4408857521, 43.0538179649 ], [ -83.4409342019, 43.0541173638 ], [ -83.4410166807, 43.0543962865 ], [ -83.4412980652, 43.0551398171 ], [ -83.4413261982, 43.0554387582 ], [ -83.4417070961, 43.0616297317 ], [ -83.4417740729, 43.0637022535 ], [ -83.4420248802, 43.0688968997 ], [ -83.4425510463, 43.0794943732 ], [ -83.4426686455, 43.0815933975 ], [ -83.4427738817, 43.0834693896 ], [ -83.4428895, 43.0860058299 ], [ -83.4429575664, 43.0881849601 ], [ -83.443040734, 43.0897114693 ], [ -83.4431587127, 43.0917877851 ], [ -83.4433696777, 43.0961202885 ], [ -83.4434100305, 43.0970824806 ], [ -83.4434314105, 43.0978474163 ] ] } },
{ "type": "Feature", "properties": { "PR": "1519805", "Aadt": 13198, "AadtCommercial": 356, "FacilityType": 2, "Year": "2024", "LocationId": "25-5155" }, "geometry": { "type": "LineString", "coordinates": [ [ -83.7719480181, 42.9758964036 ], [ -83.7717270641, 42.9759503688 ], [ -83.7679121365, 42.9774206178 ], [ -83.7656156411, 42.9783178386 ], [ -83.7623985862, 42.9796178077 ], [ -83.7559251543, 42.982146629 ], [ -83.7547726451, 42.9825650468 ], [ -83.7537215682, 42.9829812044 ], [ -83.753272289, 42.9831457344 ], [ -83.750727902, 42.9842511114 ], [ -83.7505914234, 42.9843126318 ], [ -83.7479884235, 42.9854859204 ], [ -83.746224876, 42.9862807693 ], [ -83.7437522817, 42.9873839174 ], [ -83.7410947549, 42.9885331778 ], [ -83.74044212, 42.9888632381 ], [ -83.7403428426, 42.9889103004 ], [ -83.7390238561, 42.9894966389 ], [ -83.7386686087, 42.9896580271 ], [ -83.7385120422, 42.9897371507 ], [ -83.7379196794, 42.9900094702 ] ] } },
{ "type": "Feature", "properties": { "PR": "1502206", "Aadt": 3660, "AadtCommercial": null, "FacilityType": 4, "Year": "2024", "LocationId": "25-0431" }, "geometry": { "type": "LineString", "coordinates": [ [ -83.7269936047, 42.9734753775 ], [ -83.7273162619, 42.9736622573 ], [ -83.7273891937, 42.9737340476 ], [ -83.7274267999, 42.9738069773 ], [ -83.7274502134, 42.9748049804 ], [ -83.7274344044, 42.9748878974 ], [ -83.7274023724, 42.9749590079 ], [ -83.7272171414, 42.9751663556 ], [ -83.7270525146, 42.9752454241 ], [ -83.7269024739, 42.9752872307 ], [ -83.7267616682, 42.975302572 ], [ -83.7265890192, 42.9752869866 ], [ -83.7264418664, 42.9752513197 ], [ -83.7262714742, 42.9751752093 ], [ -83.7261380737, 42.9750804591 ], [ -83.7260511414, 42.9749824312 ], [ -83.7259136074, 42.9747996175 ] ] } },
{ "type": "Feature", "properties": { "PR": "1498309", "Aadt": 5838, "AadtCommercial": 165, "FacilityType": 2, "Year": "2024", "LocationId": "25-5447" }, "geometry": { "type": "LineString", "coordinates": [ [ -83.5541377919, 42.9390703903 ], [ -83.5537112638, 42.9391280978 ], [ -83.5532081218, 42.9391704871 ], [ -83.5477667174, 42.9393253608 ], [ -83.5464124487, 42.9393638665 ], [ -83.541068384, 42.939528819 ], [ -83.5406213425, 42.9395279836 ], [ -83.5402545579, 42.939484503 ], [ -83.5399721038, 42.9394472917 ], [ -83.5396003548, 42.9393770679 ], [ -83.5386260073, 42.9391010548 ], [ -83.5367645993, 42.9385341539 ], [ -83.5345967316, 42.937909905 ], [ -83.5343278269, 42.9378478451 ] ] } },
{ "type": "Feature", "properties": { "PR": "1499403", "Aadt": 4082, "AadtCommercial": 110, "FacilityType": 1, "Year": "2024", "LocationId": "25-6892" }, "geometry": { "type": "LineString", "coordinates": [ [ -83.6813027238, 43.0142518565 ], [ -83.6809302746, 43.0145754186 ], [ -83.6807525347, 43.014764533 ], [ -83.6805499744, 43.0151754629 ], [ -83.6804556117, 43.0153403878 ], [ -83.6803641451, 43.0155590873 ], [ -83.6801038459, 43.0158447222 ], [ -83.6798400089, 43.0160551945 ], [ -83.6793440418, 43.0163944874 ] ] } },
{ "type": "Feature", "properties": { "PR": "1497008", "Aadt": 13697, "AadtCommercial": 533, "FacilityType": 2, "Year": "2024", "LocationId": "25-0668" }, "geometry": { "type": "LineString", "coordinates": [ [ -83.6532825104, 42.9041804317 ], [ -83.6532231051, 42.9041369808 ], [ -83.6531702429, 42.9041120487 ], [ -83.6531125171, 42.9040984173 ], [ -83.6530481, 42.9040968972 ], [ -83.6529861459, 42.9041060984 ], [ -83.6529224378, 42.9041271792 ], [ -83.6528765252, 42.904157688 ], [ -83.6528335879, 42.9041943509 ], [ -83.6528051834, 42.90423191 ], [ -83.6527891535, 42.9042694143 ], [ -83.6527748563, 42.9043218839 ], [ -83.6527486932, 42.9043699624 ], [ -83.6527168641, 42.9044136336 ], [ -83.6526850665, 42.9044449372 ], [ -83.652630071, 42.9044924171 ], [ -83.6525885102, 42.9045277825 ], [ -83.6525381742, 42.9045735214 ], [ -83.6515587015, 42.9052652355 ], [ -83.6511747044, 42.9055551857 ], [ -83.6509441986, 42.9057456664 ], [ -83.6505741024, 42.9060649153 ], [ -83.6503415007, 42.9062960404 ], [ -83.650056928, 42.9065942184 ], [ -83.6498403344, 42.9068458483 ], [ -83.6495843222, 42.9071671735 ], [ -83.6493684954, 42.9074677654 ], [ -83.6491556593, 42.9077871759 ], [ -83.6490864375, 42.9078885336 ], [ -83.6489821809, 42.9079521481 ], [ -83.6489204367, 42.9079894751 ], [ -83.648859099, 42.9080134325 ], [ -83.6487847299, 42.9080358883 ], [ -83.6487234837, 42.9080493431 ], [ -83.6486589352, 42.9080612608 ], [ -83.64859398, 42.9080781109 ], [ -83.6485404519, 42.9081041691 ], [ -83.6485001727, 42.9081397975 ], [ -83.6484742246, 42.9081821594 ], [ -83.6484618291, 42.9082262336 ], [ -83.6484612605, 42.9082662632 ], [ -83.6484690788, 42.908305752 ], [ -83.6484822611, 42.9083423734 ], [ -83.6484900498, 42.9083775718 ], [ -83.6484928534, 42.9084339106 ], [ -83.6484921023, 42.908503968 ], [ -83.6484839509, 42.9085641462 ], [ -83.6484677038, 42.9086324507 ], [ -83.6484508583, 42.9087135345 ], [ -83.6484427411, 42.9087896353 ], [ -83.6484708913, 42.9089035124 ], [ -83.648418505, 42.9093042686 ], [ -83.6483920906, 42.9094654739 ], [ -83.6483516994, 42.9096724682 ], [ -83.6482960962, 42.9099068733 ], [ -83.648201503, 42.9103061947 ], [ -83.648147172, 42.9105889308 ], [ -83.6480635387, 42.9111471359 ], [ -83.6480188852, 42.9116978903 ], [ -83.6480051724, 42.9121552221 ], [ -83.6480134305, 42.912648285 ], [ -83.6480491592, 42.9131212636 ], [ -83.6481192169, 42.9136599439 ], [ -83.6481941721, 42.9140714511 ], [ -83.648300062, 42.9145217368 ], [ -83.6484984863, 42.9152105404 ], [ -83.6487821909, 42.9160757593 ], [ -83.6491430483, 42.9170196732 ], [ -83.6500291819, 42.9193813645 ], [ -83.6502228252, 42.92001849 ], [ -83.6504452704, 42.9207795451 ], [ -83.6505683146, 42.9213617591 ], [ -83.650728653, 42.9221379665 ], [ -83.6508188598, 42.9228469398 ], [ -83.6508875598, 42.9236787977 ], [ -83.6509071954, 42.9240409777 ], [ -83.6509326399, 42.9245638434 ], [ -83.6509911855, 42.925766861 ], [ -83.6510354725, 42.9264778702 ], [ -83.6511242819, 42.9297931498 ], [ -83.6512745834, 42.9333592164 ], [ -83.6513775081, 42.9355676532 ] ] } },
{ "type": "Feature", "properties": { "PR": "1494005", "Aadt": 60363, "AadtCommercial": 7183, "FacilityType": 2, "Year": "2024", "LocationId": "25-0400" }, "geometry": { "type": "LineString", "coordinates": [ [ -83.7330923133, 42.9847509039 ], [ -83.7304971971, 42.9853347198 ], [ -83.7277638822, 42.9860261495 ], [ -83.7272298405, 42.9861393161 ], [ -83.7251060075, 42.9865581291 ], [ -83.7213850715, 42.9873861851 ], [ -83.7205921087, 42.9876215617 ], [ -83.7199858079, 42.9878429943 ], [ -83.7186793522, 42.9884140887 ], [ -83.7171517538, 42.9890970569 ], [ -83.7149325912, 42.9900899737 ], [ -83.7116164417, 42.9915299647 ], [ -83.7107431002, 42.9919885483 ], [ -83.710380125, 42.9922050302 ], [ -83.7099908585, 42.9923957178 ], [ -83.7095139209, 42.9926945164 ], [ -83.7091016737, 42.9930171842 ], [ -83.7087793225, 42.9933136983 ], [ -83.7083558171, 42.993766677 ], [ -83.7073141281, 42.9951196203 ], [ -83.7070129127, 42.9954891065 ], [ -83.7058108789, 42.9969720689 ] ] } },
{ "type": "Feature", "properties": { "PR": "1494001", "Aadt": 8074, "AadtCommercial": 652, "FacilityType": 2, "Year": "2024", "LocationId": "25-0013" }, "geometry": { "type": "LineString", "coordinates": [ [ -83.9286603156, 42.9854838099 ], [ -83.9286302468, 42.9871071505 ], [ -83.9286438703, 42.9874812044 ], [ -83.9286465585, 42.9874998849 ], [ -83.9286203866, 42.9929381476 ], [ -83.9286227686, 42.9934982484 ], [ -83.9286131258, 42.9947534619 ], [ -83.9286007728, 42.9963853524 ], [ -83.9285678795, 42.9988891946 ] ] } },
{ "type": "Feature", "properties": { "PR": "1503210", "Aadt": 4629, "AadtCommercial": null, "FacilityType": 4, "Year": "2024", "LocationId": "25-0613" }, "geometry": { "type": "LineString", "coordinates": [ [ -83.7643691607, 43.1189418494 ], [ -83.7643597207, 43.1188374948 ], [ -83.7637374042, 43.1176389279 ], [ -83.7635655493, 43.1172214418 ] ] } },
{ "type": "Feature", "properties": { "PR": "1494305", "Aadt": 6381, "AadtCommercial": 178, "FacilityType": 2, "Year": "2024", "LocationId": "25-5483" }, "geometry": { "type": "LineString", "coordinates": [ [ -83.8530521202, 43.1177131873 ], [ -83.8475982008, 43.117729374 ], [ -83.8431398439, 43.117723212 ], [ -83.8427261375, 43.1177414873 ], [ -83.8399235065, 43.1178123603 ], [ -83.8385590236, 43.1178436133 ], [ -83.8344264784, 43.1179365272 ], [ -83.8335997717, 43.1179647015 ], [ -83.8320892483, 43.1179471969 ], [ -83.8293756873, 43.1179216878 ], [ -83.8286928428, 43.1179291269 ], [ -83.8267300402, 43.1179240475 ], [ -83.8247742899, 43.1178994744 ], [ -83.8224017602, 43.1179179717 ], [ -83.81936245, 43.1179682712 ], [ -83.8147948847, 43.1180612737 ], [ -83.8136897927, 43.1181259138 ] ] } },
{ "type": "Feature", "properties": { "PR": "1519805", "Aadt": 7294, "AadtCommercial": 196, "FacilityType": 2, "Year": "2024", "LocationId": "25-5575" }, "geometry": { "type": "LineString", "coordinates": [ [ -83.7328687286, 42.9923073504 ], [ -83.7294660945, 42.9938352994 ], [ -83.7265603695, 42.9951615306 ], [ -83.7242980152, 42.9961890182 ], [ -83.7224829844, 42.9969983965 ], [ -83.7222312436, 42.9970989259 ], [ -83.7200846163, 42.9980604484 ], [ -83.7196485832, 42.998247212 ], [ -83.7191862357, 42.9984403732 ], [ -83.7180513431, 42.9989552782 ], [ -83.7173816872, 42.9992735608 ], [ -83.7168733465, 42.9994764041 ], [ -83.7155453026, 43.0000808292 ], [ -83.7146307639, 43.0005144575 ], [ -83.7135852296, 43.0009621337 ], [ -83.7125530546, 43.0014311357 ], [ -83.7114872757, 43.0019217615 ], [ -83.710409958, 43.0023867956 ], [ -83.7097981791, 43.0026660699 ], [ -83.7093248329, 43.0028793251 ], [ -83.7092443622, 43.0029222805 ], [ -83.7064028728, 43.0041929159 ], [ -83.7061362033, 43.0043267488 ], [ -83.7058965902, 43.0044551854 ], [ -83.7058826874, 43.0044671687 ], [ -83.7055669321, 43.0047393424 ], [ -83.7054072644, 43.0049050148 ], [ -83.7052731575, 43.0051194664 ], [ -83.7050815991, 43.005549923 ], [ -83.7049062858, 43.0058399499 ], [ -83.7047853508, 43.0061049863 ], [ -83.7047619344, 43.0062106194 ], [ -83.7047602323, 43.006348563 ], [ -83.7047758845, 43.0065377958 ], [ -83.7048579255, 43.0068248242 ] ] } },
{ "type": "Feature", "properties": { "PR": "1531701", "Aadt": 1579, "AadtCommercial": 47, "FacilityType": 2, "Year": "2024", "LocationId": "25-5617" }, "geometry": { "type": "LineString", "coordinates": [ [ -83.5333425958, 42.9035025526 ], [ -83.5331573162, 42.9035065478 ], [ -83.5241693267, 42.9036472785 ], [ -83.5186310828, 42.9037407177 ], [ -83.5137152632, 42.9038570231 ], [ -83.5114579045, 42.9039042018 ], [ -83.5054326014, 42.904029523 ], [ -83.5047833111, 42.9040270248 ], [ -83.5038202273, 42.9040550286 ], [ -83.4999439337, 42.9041475486 ], [ -83.4972491802, 42.9042035588 ] ] } },
{ "type": "Feature", "properties": { "PR": "1512407", "Aadt": 4671, "AadtCommercial": 127, "FacilityType": 2, "Year": "2024", "LocationId": "25-7021" }, "geometry": { "type": "LineString", "coordinates": [ [ -83.6843977311, 43.0612417548 ], [ -83.6824709797, 43.0613002384 ], [ -83.6777020925, 43.0613273 ], [ -83.6776092866, 43.0613272088 ], [ -83.6773109706, 43.061331689 ], [ -83.6751620191, 43.0613348971 ], [ -83.6747675494, 43.0613387331 ], [ -83.6738606465, 43.0613475463 ] ] } },
{ "type": "Feature", "properties": { "PR": "1497903", "Aadt": 27778, "AadtCommercial": 1333, "FacilityType": 2, "Year": "2024", "LocationId": "25-0470" }, "geometry": { "type": "LineString", "coordinates": [ [ -83.6813841121, 42.9440534412 ], [ -83.6815282399, 42.9468041703 ], [ -83.6817294802, 42.9493032834 ], [ -83.6818696727, 42.9513632833 ], [ -83.6820631958, 42.9540044866 ], [ -83.6821636556, 42.9553336245 ], [ -83.6822013502, 42.9558323327 ], [ -83.6824090667, 42.9585803438 ], [ -83.6824566202, 42.9597722638 ], [ -83.6825226996, 42.9606882475 ], [ -83.6825592931, 42.9618671039 ], [ -83.6825801098, 42.9628492856 ], [ -83.6825472499, 42.9635614512 ], [ -83.6824299001, 42.9648360767 ], [ -83.6820629379, 42.9679454252 ], [ -83.6818394837, 42.9696330649 ], [ -83.6817934032, 42.9701768079 ], [ -83.6817727697, 42.9705964224 ], [ -83.6817361149, 42.9720604771 ], [ -83.6817324417, 42.9727689712 ], [ -83.6817905753, 42.9742652021 ] ] } },
{ "type": "Feature", "properties": { "PR": "3780745", "Aadt": 3679, "AadtCommercial": 103, "FacilityType": 2, "Year": "2024", "LocationId": "76-5158" }, "geometry": { "type": "LineString", "coordinates": [ [ -83.9685550839, 42.9255526762 ], [ -83.9674399172, 42.9256053492 ], [ -83.9666853821, 42.9256666787 ], [ -83.966208719, 42.9257051678 ], [ -83.9659320751, 42.9257778277 ], [ -83.9653049395, 42.9259224266 ], [ -83.9646052177, 42.9261228799 ], [ -83.9637617125, 42.9263934895 ], [ -83.9630162504, 42.9267172872 ], [ -83.9618209792, 42.9272602968 ], [ -83.9586755954, 42.9287186118 ], [ -83.9490066675, 42.9332680703 ] ] } },
{ "type": "Feature", "properties": { "PR": "1519805", "Aadt": 11284, "AadtCommercial": 316, "FacilityType": 2, "Year": "2024", "LocationId": "25-5199" }, "geometry": { "type": "LineString", "coordinates": [ [ -83.8408965888, 42.9570395015 ], [ -83.8395569322, 42.9570865045 ], [ -83.8376490606, 42.9571110484 ], [ -83.8371018695, 42.9571254752 ], [ -83.8359545168, 42.9571376322 ], [ -83.8347730954, 42.9571472459 ], [ -83.8336453249, 42.9571716687 ] ] } },
{ "type": "Feature", "properties": { "PR": "1505403", "Aadt": 3289, "AadtCommercial": 92, "FacilityType": 2, "Year": "2024", "LocationId": "25-7042" }, "geometry": { "type": "LineString", "coordinates": [ [ -83.7346463273, 43.1854488487 ], [ -83.7346712904, 43.188337557 ], [ -83.7346794398, 43.1919308861 ], [ -83.7347424933, 43.1973984276 ], [ -83.7347778577, 43.2025746396 ], [ -83.7347847202, 43.2043205388 ] ] } },
{ "type": "Feature", "properties": { "PR": "1519805", "Aadt": 13186, "AadtCommercial": 369, "FacilityType": 2, "Year": "2024", "LocationId": "25-5218" }, "geometry": { "type": "LineString", "coordinates": [ [ -83.8336453249, 42.9571716687 ], [ -83.8334225035, 42.9571702243 ], [ -83.8319432469, 42.9571768248 ], [ -83.830722666, 42.9571793753 ], [ -83.8300737914, 42.9572086485 ], [ -83.8288629566, 42.9572204957 ], [ -83.8286931907, 42.9572269389 ], [ -83.8276497344, 42.9572266715 ], [ -83.8269492748, 42.9572799159 ], [ -83.8262854072, 42.9573456384 ], [ -83.8254502698, 42.9575138741 ], [ -83.8236854533, 42.9579005917 ], [ -83.8224839459, 42.9582460518 ], [ -83.8220289417, 42.9584199445 ], [ -83.8213426201, 42.9588002548 ], [ -83.8200777978, 42.9595056859 ], [ -83.8192991071, 42.959951314 ], [ -83.8190994115, 42.9600655967 ], [ -83.8180445645, 42.9606673911 ], [ -83.8172137448, 42.9611325581 ], [ -83.81640922, 42.9615923902 ], [ -83.8156614824, 42.9620199539 ], [ -83.8139366288, 42.9629690425 ], [ -83.8119608654, 42.9640733734 ], [ -83.8115346467, 42.9643053105 ], [ -83.811306335, 42.9643877346 ], [ -83.8093475342, 42.9652886521 ], [ -83.8092330058, 42.9653400377 ] ] } },
{ "type": "Feature", "properties": { "PR": "1497409", "Aadt": 5205, "AadtCommercial": 145, "FacilityType": 2, "Year": "2024", "LocationId": "25-6941" }, "geometry": { "type": "LineString", "coordinates": [ [ -83.6751465828, 43.0330502991 ], [ -83.6750537077, 43.0330270418 ], [ -83.6749312462, 43.0330120775 ], [ -83.6746686545, 43.0330004589 ], [ -83.6725850772, 43.033031048 ], [ -83.6725521911, 43.0330315302 ], [ -83.670226451, 43.0330651097 ], [ -83.6678237118, 43.0331223916 ], [ -83.66613649, 43.0331205097 ], [ -83.6651670557, 43.0331746358 ], [ -83.6642267449, 43.0331590676 ], [ -83.6632278006, 43.0331326897 ], [ -83.6622254617, 43.033100167 ], [ -83.6617376829, 43.0330936229 ], [ -83.6610924666, 43.0330682826 ], [ -83.6608216716, 43.0330549054 ], [ -83.6600027438, 43.033013777 ], [ -83.659811275, 43.0330112829 ], [ -83.6590997857, 43.0329953619 ], [ -83.6586527895, 43.0329872843 ], [ -83.6574795679, 43.0329324799 ], [ -83.6564528756, 43.0329036069 ], [ -83.6553050392, 43.0329061108 ] ] } },
{ "type": "Feature", "properties": { "PR": "1537804", "Aadt": 1336, "AadtCommercial": 38, "FacilityType": 1, "Year": "2024", "LocationId": "25-7030" }, "geometry": { "type": "LineString", "coordinates": [ [ -83.6846866168, 43.0757809252 ], [ -83.6846409766, 43.0768458858 ], [ -83.6846474984, 43.0777218722 ], [ -83.6848319187, 43.0788269216 ], [ -83.6849342869, 43.0791063109 ], [ -83.685022758, 43.0792727112 ], [ -83.6852075112, 43.0797213729 ], [ -83.6853844457, 43.0801297419 ], [ -83.6854569014, 43.0803199481 ], [ -83.6854401858, 43.0805982007 ], [ -83.6853868893, 43.0808712125 ], [ -83.685249888, 43.0810885907 ], [ -83.6850758699, 43.0813108698 ], [ -83.6849523986, 43.0815406253 ], [ -83.6848590005, 43.0818328214 ], [ -83.6848146055, 43.0820785258 ], [ -83.6848404283, 43.0824130063 ], [ -83.6850742952, 43.0831729256 ] ] } },
{ "type": "Feature", "properties": { "PR": "1495110", "Aadt": 6127, "AadtCommercial": 171, "FacilityType": 2, "Year": "2024", "LocationId": "25-5433" }, "geometry": { "type": "LineString", "coordinates": [ [ -83.5933406082, 42.9611509295 ], [ -83.593344599, 42.9612878101 ], [ -83.5933660926, 42.9623184887 ], [ -83.5934741355, 42.9660082395 ], [ -83.5935495595, 42.9683833052 ], [ -83.5935790734, 42.9693126357 ], [ -83.5936466099, 42.9714553685 ], [ -83.5936542292, 42.9718597819 ], [ -83.5936799198, 42.972781068 ], [ -83.5937657934, 42.9756354404 ] ] } },
{ "type": "Feature", "properties": { "PR": "1497008", "Aadt": 15455, "AadtCommercial": 758, "FacilityType": 2, "Year": "2024", "LocationId": "25-4700" }, "geometry": { "type": "LineString", "coordinates": [ [ -83.6540134997, 43.0037515688 ], [ -83.6541202146, 43.0074451378 ], [ -83.6542376752, 43.0096742067 ] ] } },
{ "type": "Feature", "properties": { "PR": "1500910", "Aadt": 2775, "AadtCommercial": 81, "FacilityType": 2, "Year": "2024", "LocationId": "25-7102" }, "geometry": { "type": "LineString", "coordinates": [ [ -83.5788093237, 43.1206368502 ], [ -83.5751076109, 43.120709074 ], [ -83.568577418, 43.1208035314 ], [ -83.5585937474, 43.1208515009 ] ] } },
{ "type": "Feature", "properties": { "PR": "1844404", "Aadt": 5120, "AadtCommercial": null, "FacilityType": 4, "Year": "2024", "LocationId": "25-4127" }, "geometry": { "type": "LineString", "coordinates": [ [ -83.6746548224, 43.0540844702 ], [ -83.674597378, 43.0534730352 ], [ -83.6745856669, 43.0531519059 ], [ -83.6744691661, 43.0527495007 ], [ -83.6741280295, 43.0519512601 ], [ -83.6739755991, 43.051548117 ], [ -83.673789411, 43.0508975719 ] ] } },
{ "type": "Feature", "properties": { "PR": "1498104", "Aadt": 435, "AadtCommercial": 11, "FacilityType": 2, "Year": "2024", "LocationId": "25-5453" }, "geometry": { "type": "LineString", "coordinates": [ [ -83.6461607929, 43.0764005299 ], [ -83.6429306867, 43.0763990705 ], [ -83.6364273765, 43.076395171 ] ] } },
{ "type": "Feature", "properties": { "PR": "1502310", "Aadt": 5030, "AadtCommercial": 140, "FacilityType": 2, "Year": "2024", "LocationId": "25-6879" }, "geometry": { "type": "LineString", "coordinates": [ [ -83.6834230109, 42.9939448165 ], [ -83.6834436698, 42.9944475455 ], [ -83.68345721, 42.9951622225 ], [ -83.6834642403, 42.9952742035 ], [ -83.6834668762, 42.9953666114 ], [ -83.6834769136, 42.9956948237 ], [ -83.6835441134, 42.9969497662 ], [ -83.6836201241, 42.9988117671 ], [ -83.6836704012, 43.0001851525 ], [ -83.6837249086, 43.001489701 ], [ -83.6837170517, 43.0023568556 ], [ -83.683743957, 43.0029454041 ], [ -83.6837741665, 43.0032912289 ], [ -83.6838071765, 43.0034332902 ], [ -83.6838279423, 43.0034896386 ], [ -83.6838513725, 43.0035492529 ], [ -83.6838812321, 43.0036103085 ], [ -83.6839186241, 43.0036796903 ], [ -83.684001239, 43.0038207761 ], [ -83.6840827055, 43.0039485497 ], [ -83.6841520088, 43.0040486884 ], [ -83.6845114699, 43.0045316666 ], [ -83.6846006792, 43.0046452909 ], [ -83.6846946713, 43.004756507 ], [ -83.6847963613, 43.0048665716 ], [ -83.6849222886, 43.0049954372 ] ] } },
{ "type": "Feature", "properties": { "PR": "1521106", "Aadt": 2596, "AadtCommercial": 76, "FacilityType": 2, "Year": "2024", "LocationId": "25-5378" }, "geometry": { "type": "LineString", "coordinates": [ [ -83.6330519811, 42.9275488574 ], [ -83.6329034667, 42.9275742295 ], [ -83.6322368875, 42.9276881027 ], [ -83.6321064657, 42.9277103825 ], [ -83.631838539, 42.9277514578 ], [ -83.631661295, 42.9277854529 ], [ -83.6315720804, 42.9278177005 ], [ -83.6314502926, 42.9278708126 ], [ -83.6309910463, 42.9281197563 ], [ -83.6307962666, 42.9281963149 ] ] } },
{ "type": "Feature", "properties": { "PR": "1502807", "Aadt": 5713, "AadtCommercial": 160, "FacilityType": 2, "Year": "2024", "LocationId": "25-5296" }, "geometry": { "type": "LineString", "coordinates": [ [ -83.7292739633, 42.8629492999 ], [ -83.7248853273, 42.8631448865 ], [ -83.7245092747, 42.8631740659 ], [ -83.7148251717, 42.8635944583 ], [ -83.7095045313, 42.8638455738 ], [ -83.7039434654, 42.8638762859 ], [ -83.6971066868, 42.8638713646 ], [ -83.6968415184, 42.8638345959 ] ] } },
{ "type": "Feature", "properties": { "PR": "1496510", "Aadt": 3063, "AadtCommercial": null, "FacilityType": 4, "Year": "2024", "LocationId": "25-0598" }, "geometry": { "type": "LineString", "coordinates": [ [ -83.7689683127, 43.1823521551 ], [ -83.7691549696, 43.1814544565 ], [ -83.7691699998, 43.1813911203 ], [ -83.7691870344, 43.1813263941 ], [ -83.7692091871, 43.1812553329 ], [ -83.7692313661, 43.1811835579 ], [ -83.7692564485, 43.1811125552 ], [ -83.7692822698, 43.181048002 ], [ -83.7693122325, 43.1809770955 ], [ -83.7693461003, 43.1809062658 ], [ -83.7693829753, 43.1808333498 ], [ -83.7694259187, 43.1807548344 ], [ -83.7694717116, 43.1806785198 ], [ -83.7695173469, 43.1806064914 ], [ -83.7695637747, 43.180539484 ], [ -83.7696080392, 43.1804781529 ], [ -83.7696542567, 43.1804168611 ], [ -83.7697044842, 43.1803527874 ], [ -83.769761624, 43.180286706 ], [ -83.7698258599, 43.1802136143 ], [ -83.7699011243, 43.1801328743 ], [ -83.7699834059, 43.1800472678 ], [ -83.7700634715, 43.1799687678 ], [ -83.7701403984, 43.1798959256 ], [ -83.770213315, 43.1798258644 ], [ -83.7702893187, 43.1797515736 ], [ -83.77036234, 43.1796786544 ], [ -83.7704455444, 43.1795944962 ], [ -83.7705155568, 43.1795236624 ], [ -83.7705826157, 43.1794534856 ], [ -83.770644714, 43.1793853558 ], [ -83.7707009804, 43.1793163961 ], [ -83.7707583281, 43.1792445986 ], [ -83.7708097401, 43.179174828 ], [ -83.7708552677, 43.1791056577 ], [ -83.7708990532, 43.1790307325 ], [ -83.7709379821, 43.1789549966 ], [ -83.7709729809, 43.1788798993 ], [ -83.771005235, 43.1787997426 ], [ -83.771028465, 43.1787258433 ], [ -83.7710498493, 43.1786490477 ], [ -83.7710663508, 43.1785721552 ], [ -83.7710790798, 43.1784916143 ], [ -83.7710880076, 43.1784081387 ], [ -83.7710929266, 43.178327445 ], [ -83.7710933316, 43.1782366516 ], [ -83.7710725113, 43.1775664806 ] ] } },
{ "type": "Feature", "properties": { "PR": "1494906", "Aadt": 2068, "AadtCommercial": null, "FacilityType": 4, "Year": "2024", "LocationId": "25-4461" }, "geometry": { "type": "LineString", "coordinates": [ [ -83.6833851968, 43.00834267 ], [ -83.6825390884, 43.0088700814 ], [ -83.6818932722, 43.0092688458 ], [ -83.681457112, 43.0095125586 ], [ -83.6809800536, 43.0097453265 ], [ -83.6800783464, 43.0101185579 ] ] } },
{ "type": "Feature", "properties": { "PR": "1844410", "Aadt": 606, "AadtCommercial": null, "FacilityType": 4, "Year": "2024", "LocationId": "25-4135" }, "geometry": { "type": "LineString", "coordinates": [ [ -83.6848929788, 43.0808059086 ], [ -83.6845690652, 43.0795671549 ], [ -83.6844831837, 43.0792909399 ], [ -83.6844808615, 43.0790897255 ], [ -83.6844569285, 43.0789319598 ], [ -83.6844584789, 43.0787600855 ], [ -83.6844995198, 43.0784683178 ], [ -83.6846474984, 43.0777218722 ] ] } },
{ "type": "Feature", "properties": { "PR": "0556307", "Aadt": 1653, "AadtCommercial": 49, "FacilityType": 2, "Year": "2024", "LocationId": "76-5281" }, "geometry": { "type": "LineString", "coordinates": [ [ -83.9878917092, 43.1167824492 ], [ -83.9879316141, 43.1250277557 ], [ -83.9879931113, 43.1277357434 ], [ -83.9880567107, 43.132206374 ], [ -83.988059177, 43.1322734171 ] ] } },
{ "type": "Feature", "properties": { "PR": "1534604", "Aadt": 1745, "AadtCommercial": 51, "FacilityType": 2, "Year": "2024", "LocationId": "25-5201" }, "geometry": { "type": "LineString", "coordinates": [ [ -83.8478967462, 42.9529775661 ], [ -83.8467585666, 42.9529933314 ], [ -83.844354959, 42.9530201272 ], [ -83.843428319, 42.9530415518 ], [ -83.840800778, 42.9530656554 ] ] } },
{ "type": "Feature", "properties": { "PR": "3253025", "Aadt": 1842, "AadtCommercial": 55, "FacilityType": 2, "Year": "2024", "LocationId": "25-5283" }, "geometry": { "type": "LineString", "coordinates": [ [ -83.6312293832, 42.9266277266 ], [ -83.6319602813, 42.927119933 ], [ -83.6320590895, 42.927217494 ], [ -83.6321157271, 42.9273443296 ], [ -83.6322368875, 42.9276881027 ] ] } },
{ "type": "Feature", "properties": { "PR": "1501309", "Aadt": 7034, "AadtCommercial": 196, "FacilityType": 2, "Year": "2024", "LocationId": "25-7056" }, "geometry": { "type": "LineString", "coordinates": [ [ -83.7347847202, 43.2043205388 ], [ -83.7363893264, 43.2064520061 ], [ -83.7470239036, 43.2205466276 ], [ -83.7476285113, 43.2213431325 ] ] } },
{ "type": "Feature", "properties": { "PR": "3251555", "Aadt": 6666, "AadtCommercial": 187, "FacilityType": 2, "Year": "2024", "LocationId": "25-5183" }, "geometry": { "type": "LineString", "coordinates": [ [ -83.783791505, 42.8144417176 ], [ -83.7832361566, 42.8145595295 ], [ -83.782313756, 42.8147773635 ], [ -83.7810209842, 42.8148028545 ], [ -83.7774190045, 42.8148851949 ], [ -83.7739639472, 42.814874766 ], [ -83.7737548142, 42.8148147904 ], [ -83.7737291247, 42.8147687603 ], [ -83.7736848524, 42.8146267026 ], [ -83.7736297972, 42.8139518728 ] ] } },
{ "type": "Feature", "properties": { "PR": "1494503", "Aadt": 18621, "AadtCommercial": 559, "FacilityType": 2, "Year": "2024", "LocationId": "25-0538" }, "geometry": { "type": "LineString", "coordinates": [ [ -83.7686131994, 43.1775924954 ], [ -83.7673409438, 43.1776102672 ], [ -83.7669113318, 43.177616446 ], [ -83.7656807944, 43.1776155054 ], [ -83.7647580144, 43.1776086916 ], [ -83.7641020006, 43.1775874332 ], [ -83.7601581403, 43.17746849 ], [ -83.7581793265, 43.1774293477 ], [ -83.7561292057, 43.1774195942 ], [ -83.7540935017, 43.1773998115 ] ] } },
{ "type": "Feature", "properties": { "PR": "1497804", "Aadt": 114067, "AadtCommercial": 9404, "FacilityType": 2, "Year": "2024", "LocationId": "25-0115" }, "geometry": { "type": "LineString", "coordinates": [ [ -83.7238266415, 42.9545549442 ], [ -83.7240070333, 42.9549517698 ], [ -83.7241568759, 42.9552809718 ], [ -83.7245255249, 42.956160018 ], [ -83.7247459415, 42.9566855892 ], [ -83.7248917404, 42.9571234371 ], [ -83.7249945085, 42.9575811291 ], [ -83.7250500909, 42.9579809189 ], [ -83.7251195695, 42.9583861659 ], [ -83.7250971885, 42.9590302612 ], [ -83.7253669579, 42.9652003931 ], [ -83.7254074988, 42.9662559142 ], [ -83.7254576029, 42.967585077 ], [ -83.7255530737, 42.9700227634 ], [ -83.7255817503, 42.9715479626 ], [ -83.7256289979, 42.9729591821 ], [ -83.7256376658, 42.9734981757 ] ] } },
{ "type": "Feature", "properties": { "PR": "1499503", "Aadt": 264, "AadtCommercial": 7, "FacilityType": 2, "Year": "2024", "LocationId": "25-6706" }, "geometry": { "type": "LineString", "coordinates": [ [ -83.6988938725, 43.0181238307 ], [ -83.698595481, 43.0182682713 ], [ -83.6974384153, 43.0187450144 ], [ -83.6964307173, 43.0191997339 ], [ -83.6953845919, 43.0196595613 ], [ -83.6944195497, 43.0201038209 ], [ -83.6942729061, 43.0201294081 ] ] } },
{ "type": "Feature", "properties": { "PR": "0552101", "Aadt": 930, "AadtCommercial": 28, "FacilityType": 2, "Year": "2024", "LocationId": "76-5147" }, "geometry": { "type": "LineString", "coordinates": [ [ -84.0098934595, 42.8227058048 ], [ -84.0082503752, 42.822749566 ], [ -84.0008080324, 42.8228743748 ], [ -83.9963486584, 42.8229095102 ], [ -83.9837175497, 42.8231439134 ], [ -83.9787366347, 42.8232831074 ], [ -83.9738209005, 42.8233774811 ], [ -83.9689008712, 42.8234704096 ], [ -83.9639848108, 42.8235633271 ] ] } },
{ "type": "Feature", "properties": { "PR": "1515207", "Aadt": 2167, "AadtCommercial": 63, "FacilityType": 2, "Year": "2024", "LocationId": "73-5247" }, "geometry": { "type": "LineString", "coordinates": [ [ -83.7746657002, 43.2212864667 ], [ -83.7744610825, 43.221283874 ] ] } },
{ "type": "Feature", "properties": { "PR": "1525107", "Aadt": 484, "AadtCommercial": 11, "FacilityType": 2, "Year": "2024", "LocationId": "25-6911" }, "geometry": { "type": "LineString", "coordinates": [ [ -83.6844846322, 43.0127969116 ], [ -83.6845092276, 43.0128386947 ], [ -83.6852295106, 43.0137086303 ] ] } },
{ "type": "Feature", "properties": { "PR": "1500003", "Aadt": 6401, "AadtCommercial": 185, "FacilityType": 2, "Year": "2024", "LocationId": "25-6623" }, "geometry": { "type": "LineString", "coordinates": [ [ -83.7326844838, 43.0538231088 ], [ -83.7316606544, 43.053825578 ], [ -83.7312874636, 43.0538257767 ], [ -83.7307004131, 43.0538209809 ], [ -83.7297292395, 43.0538404974 ], [ -83.7287520398, 43.0538378021 ], [ -83.7276642052, 43.0538686977 ], [ -83.7264416939, 43.0538907037 ], [ -83.726015146, 43.0538996932 ], [ -83.7254494537, 43.0539150538 ], [ -83.7245416007, 43.0539250815 ], [ -83.724453725, 43.0539293905 ], [ -83.7234858401, 43.0539360212 ], [ -83.720584853, 43.0539670455 ], [ -83.7198051539, 43.0539827091 ], [ -83.7184772304, 43.0539852225 ], [ -83.7153955817, 43.0540180535 ], [ -83.7134760154, 43.0540404272 ], [ -83.7097339895, 43.0540890666 ], [ -83.704720803, 43.054133727 ], [ -83.7019708322, 43.054170302 ], [ -83.6997007429, 43.0541906528 ], [ -83.6968083119, 43.0542194532 ], [ -83.6937633308, 43.0542594405 ] ] } },
{ "type": "Feature", "properties": { "PR": "1494105", "Aadt": 3857, "AadtCommercial": 113, "FacilityType": 2, "Year": "2024", "LocationId": "25-5217" }, "geometry": { "type": "LineString", "coordinates": [ [ -83.8117357154, 42.986581489 ], [ -83.8116553451, 42.9866762611 ], [ -83.8114626313, 42.986788705 ], [ -83.8112651173, 42.9868653085 ], [ -83.8110128637, 42.9869408526 ], [ -83.8108542481, 42.9869511856 ], [ -83.8030752789, 42.9870634311 ], [ -83.8030748087, 42.9870634382 ], [ -83.8000181413, 42.9871073996 ], [ -83.7999992532, 42.9871076707 ], [ -83.7981329707, 42.9871344713 ], [ -83.7972233496, 42.987129993 ], [ -83.7891543854, 42.9872497298 ], [ -83.7822843497, 42.9873374126 ] ] } },
{ "type": "Feature", "properties": { "PR": "1519309", "Aadt": 8781, "AadtCommercial": 246, "FacilityType": 2, "Year": "2024", "LocationId": "25-5413" }, "geometry": { "type": "LineString", "coordinates": [ [ -83.6305936778, 42.886886783 ], [ -83.6286833497, 42.8869059045 ], [ -83.6276595833, 42.8869204394 ], [ -83.6252088807, 42.8869151689 ], [ -83.6214749738, 42.8869482106 ], [ -83.6206083395, 42.8869455648 ], [ -83.6201843027, 42.886956468 ], [ -83.6177124567, 42.8870123798 ], [ -83.6167367187, 42.8870344362 ], [ -83.6120963784, 42.8871392154 ], [ -83.6091460578, 42.8871843623 ], [ -83.603240872, 42.8872745004 ], [ -83.5990880159, 42.8873377082 ] ] } },
{ "type": "Feature", "properties": { "PR": "3780745", "Aadt": 4880, "AadtCommercial": 137, "FacilityType": 2, "Year": "2024", "LocationId": "76-5205" }, "geometry": { "type": "LineString", "coordinates": [ [ -83.9490066675, 42.9332680703 ], [ -83.9467084411, 42.9344180724 ], [ -83.9461661264, 42.9347030573 ], [ -83.9455214274, 42.9350870717 ], [ -83.9446042106, 42.9357540619 ], [ -83.9439387082, 42.9363260378 ], [ -83.9424730466, 42.9376242578 ], [ -83.9393443179, 42.9407250127 ], [ -83.9356575843, 42.944349915 ], [ -83.9349112201, 42.9450598016 ], [ -83.9334435491, 42.9465172739 ], [ -83.9334088268, 42.9465504656 ], [ -83.9298188834, 42.9499818984 ] ] } },
{ "type": "Feature", "properties": { "PR": "1497409", "Aadt": 13540, "AadtCommercial": 366, "FacilityType": 2, "Year": "2024", "LocationId": "25-7112" }, "geometry": { "type": "LineString", "coordinates": [ [ -83.5564197929, 43.0339809819 ], [ -83.5490781497, 43.0341993832 ], [ -83.5433318299, 43.034302629 ], [ -83.5431374129, 43.0343200017 ], [ -83.5415755267, 43.0343184808 ], [ -83.5398785424, 43.034325831 ], [ -83.5387863722, 43.0343376081 ], [ -83.537713751, 43.0343491646 ], [ -83.5296462101, 43.0344759662 ], [ -83.5279653591, 43.0345023141 ], [ -83.5272259926, 43.0345305726 ], [ -83.5230126557, 43.034592938 ], [ -83.5223855232, 43.0346197734 ], [ -83.5209503955, 43.0346317137 ], [ -83.5192169735, 43.034651121 ], [ -83.5180096221, 43.0346713545 ] ] } },
{ "type": "Feature", "properties": { "PR": "1495201", "Aadt": 947, "AadtCommercial": null, "FacilityType": 4, "Year": "2024", "LocationId": "25-0309" }, "geometry": { "type": "LineString", "coordinates": [ [ -83.5952565352, 43.0172498147 ], [ -83.5951065405, 43.0175493085 ], [ -83.595019309, 43.0178060874 ], [ -83.5947450731, 43.0181962929 ], [ -83.5944545571, 43.018440671 ], [ -83.5940890707, 43.0186309212 ], [ -83.5915522202, 43.019276108 ], [ -83.5900087157, 43.0195309642 ] ] } },
{ "type": "Feature", "properties": { "PR": "3250252", "Aadt": 1631, "AadtCommercial": 48, "FacilityType": 2, "Year": "2024", "LocationId": "25-7125" }, "geometry": { "type": "LineString", "coordinates": [ [ -83.6194686865, 43.1505420826 ], [ -83.6105755467, 43.1506026821 ], [ -83.6045478844, 43.1506721629 ], [ -83.5995775929, 43.1507330282 ], [ -83.5946122732, 43.1507850403 ], [ -83.5933299018, 43.150812389 ], [ -83.5895869879, 43.1508535517 ], [ -83.5846097446, 43.1508844471 ], [ -83.5804701242, 43.1509370485 ], [ -83.5800849398, 43.1509639829 ], [ -83.5796492299, 43.1510141424 ], [ -83.5792311335, 43.1510461976 ], [ -83.5789356409, 43.1510599766 ], [ -83.5710586756, 43.1510360305 ], [ -83.564432518, 43.1509603004 ], [ -83.5585379216, 43.1508611925 ] ] } },
{ "type": "Feature", "properties": { "PR": "4411913", "Aadt": 3203, "AadtCommercial": 92, "FacilityType": 2, "Year": "2024", "LocationId": "63-5592" }, "geometry": { "type": "LineString", "coordinates": [ [ -83.4482328202, 42.8446377402 ], [ -83.4481385769, 42.8445963874 ], [ -83.4480410634, 42.8445864671 ], [ -83.4479492526, 42.844607559 ], [ -83.4478648114, 42.8446531425 ] ] } },
{ "type": "Feature", "properties": { "PR": "1497601", "Aadt": 9437, "AadtCommercial": 263, "FacilityType": 2, "Year": "2024", "LocationId": "25-7093" }, "geometry": { "type": "LineString", "coordinates": [ [ -83.6159579595, 43.0512581522 ], [ -83.613802633, 43.0512990734 ], [ -83.6121801002, 43.0513326393 ], [ -83.6113122018, 43.0513514707 ], [ -83.6111313815, 43.0513842015 ], [ -83.6107495857, 43.0514781778 ], [ -83.6100351824, 43.0516435386 ], [ -83.6086173614, 43.0520344506 ], [ -83.6069751472, 43.0525105007 ], [ -83.6066535229, 43.0525851021 ], [ -83.6049347519, 43.0531077624 ], [ -83.6004285213, 43.0543514209 ], [ -83.6000522032, 43.0544604801 ], [ -83.5964457533, 43.055471974 ] ] } },
{ "type": "Feature", "properties": { "PR": "1519606", "Aadt": 3208, "AadtCommercial": 92, "FacilityType": 2, "Year": "2024", "LocationId": "25-5191" }, "geometry": { "type": "LineString", "coordinates": [ [ -83.8500691459, 42.9127793885 ], [ -83.841363558, 42.912797542 ], [ -83.8364110081, 42.9127980436 ], [ -83.8318242356, 42.9128052108 ], [ -83.8316661259, 42.9128073824 ], [ -83.8315452933, 42.9128102163 ], [ -83.8314446985, 42.9128134376 ], [ -83.8313471773, 42.9128178628 ], [ -83.8312480576, 42.912823403 ], [ -83.8309970708, 42.9128388742 ], [ -83.8307303299, 42.9128180441 ], [ -83.830701287, 42.9128135887 ], [ -83.8306701866, 42.9128056455 ], [ -83.830642024, 42.912796558 ], [ -83.8306138658, 42.9127861068 ], [ -83.830544226, 42.9127576133 ], [ -83.8305038387, 42.9127420566 ], [ -83.8304787468, 42.912734636 ], [ -83.8304546342, 42.9127300401 ], [ -83.8304330313, 42.9127281028 ], [ -83.8304142907, 42.9127275906 ], [ -83.8303934935, 42.9127290837 ], [ -83.8303735584, 42.9127321491 ], [ -83.8303571355, 42.9127365573 ], [ -83.8303404419, 42.9127422377 ], [ -83.8303259185, 42.9127483048 ], [ -83.8302812186, 42.9127686985 ], [ -83.8302371183, 42.9127898414 ], [ -83.8302168814, 42.912798874 ], [ -83.8301952831, 42.9128072842 ], [ -83.8301730704, 42.9128146006 ], [ -83.8301515764, 42.9128201113 ], [ -83.8301256561, 42.9128246858 ], [ -83.8298804534, 42.9128518713 ], [ -83.8295767145, 42.9128420056 ], [ -83.8295209198, 42.9128409335 ], [ -83.829463605, 42.9128405646 ], [ -83.829399762, 42.9128415366 ], [ -83.8292973079, 42.9128450312 ], [ -83.8224553791, 42.9130926665 ], [ -83.8200799529, 42.9131675852 ], [ -83.8124416763, 42.913426679 ], [ -83.8114592603, 42.9134560633 ], [ -83.8106895425, 42.9134314675 ], [ -83.8098586829, 42.913411241 ] ] } },
{ "type": "Feature", "properties": { "PR": "1497102", "Aadt": 6831, "AadtCommercial": 184, "FacilityType": 2, "Year": "2024", "LocationId": "25-7051" }, "geometry": { "type": "LineString", "coordinates": [ [ -83.6945732054, 43.1343281743 ], [ -83.6945987595, 43.1371736365 ], [ -83.694643955, 43.1380638528 ], [ -83.6946535787, 43.1392862267 ], [ -83.6946453256, 43.1397196576 ], [ -83.6946954994, 43.1461238719 ], [ -83.6947202566, 43.1487532982 ], [ -83.6947277018, 43.1489860439 ], [ -83.6947970003, 43.1514989015 ] ] } },
{ "type": "Feature", "properties": { "PR": "1501502", "Aadt": 6945, "AadtCommercial": 240, "FacilityType": 2, "Year": "2024", "LocationId": "25-8601" }, "geometry": { "type": "LineString", "coordinates": [ [ -83.5201092488, 43.1517638478 ], [ -83.5203523405, 43.1520908057 ], [ -83.5205782117, 43.1523255878 ], [ -83.5208817173, 43.1525812208 ], [ -83.5212160601, 43.1528291595 ], [ -83.5237460962, 43.1543532632 ], [ -83.5242245001, 43.1546510124 ], [ -83.5245349568, 43.1548972098 ], [ -83.5249128163, 43.1552550116 ], [ -83.5252088629, 43.1555983617 ], [ -83.5253858881, 43.1558447331 ], [ -83.5255262603, 43.1560659724 ], [ -83.5256184347, 43.1562376697 ], [ -83.5257857757, 43.156637293 ], [ -83.525998714, 43.1576225376 ], [ -83.5262727209, 43.1590083232 ], [ -83.5263034042, 43.1593214014 ], [ -83.5263066867, 43.1597000548 ], [ -83.5262744724, 43.1600323225 ], [ -83.5261721123, 43.1604041111 ], [ -83.5261160317, 43.160589317 ], [ -83.526052188, 43.1607481487 ], [ -83.5259393657, 43.1609669458 ], [ -83.5258306173, 43.1611401428 ], [ -83.52521689, 43.1621347868 ], [ -83.5250951843, 43.1623693152 ], [ -83.5250154378, 43.1625815395 ], [ -83.5248645937, 43.1631154358 ], [ -83.5247697674, 43.1636338727 ], [ -83.5246510171, 43.164286438 ], [ -83.5243596496, 43.1660478585 ], [ -83.5243610494, 43.1661664814 ], [ -83.5243789254, 43.1662600994 ] ] } },
{ "type": "Feature", "properties": { "PR": "3251555", "Aadt": 3561, "AadtCommercial": 101, "FacilityType": 2, "Year": "2024", "LocationId": "25-5107" }, "geometry": { "type": "LineString", "coordinates": [ [ -83.9243086672, 42.8166646332 ], [ -83.9197439793, 42.8159511251 ], [ -83.9150151764, 42.8151927073 ], [ -83.9128278937, 42.814852562 ], [ -83.9049796987, 42.8134886603 ], [ -83.8950937303, 42.8118380815 ] ] } },
{ "type": "Feature", "properties": { "PR": "3251574", "Aadt": 17229, "AadtCommercial": 717, "FacilityType": 2, "Year": "2024", "LocationId": "25-5321" }, "geometry": { "type": "LineString", "coordinates": [ [ -83.7324579578, 42.9734217533 ], [ -83.7322725005, 42.9733915961 ], [ -83.7320819384, 42.9733741869 ], [ -83.7292147857, 42.9734184124 ], [ -83.7284164041, 42.973435215 ], [ -83.7280972984, 42.9734545068 ], [ -83.7273750836, 42.9734531303 ], [ -83.7269936047, 42.9734753775 ], [ -83.7258985119, 42.9734907212 ], [ -83.7256376658, 42.9734981757 ], [ -83.7252447734, 42.9735011891 ], [ -83.7247390872, 42.9735038685 ], [ -83.7244349849, 42.9735111003 ], [ -83.7242162545, 42.9734923239 ], [ -83.7241470801, 42.9734799746 ], [ -83.7240883906, 42.9734532263 ], [ -83.7240008332, 42.9734003308 ], [ -83.723955603, 42.9733768494 ], [ -83.7239276418, 42.9733623334 ], [ -83.7238590125, 42.9733353859 ], [ -83.7237948077, 42.9733231364 ], [ -83.7237449689, 42.973325785 ], [ -83.7236447474, 42.9733456821 ], [ -83.7236273298, 42.9733516442 ], [ -83.7235439808, 42.9733801781 ], [ -83.7234433505, 42.973411024 ], [ -83.7233378856, 42.9734381198 ], [ -83.7232126755, 42.9734611661 ], [ -83.7228885436, 42.9735541999 ], [ -83.7228351199, 42.9735564571 ], [ -83.7214566282, 42.9735721932 ], [ -83.7212697631, 42.9735751398 ], [ -83.7210828967, 42.9735780862 ], [ -83.7198303636, 42.9736028663 ], [ -83.7185852701, 42.9736365143 ], [ -83.717456168, 42.9736516284 ], [ -83.7159961057, 42.9736956707 ], [ -83.712828261, 42.9737985096 ], [ -83.7079118792, 42.973873619 ], [ -83.7065523633, 42.9738812152 ], [ -83.7045376183, 42.9739138541 ], [ -83.7028908174, 42.9739345 ], [ -83.7013428018, 42.9739530026 ], [ -83.7003065758, 42.9739548197 ], [ -83.6961777033, 42.9739912807 ], [ -83.6927480002, 42.9740606371 ] ] } },
{ "type": "Feature", "properties": { "PR": "1918201", "Aadt": 1568, "AadtCommercial": null, "FacilityType": 4, "Year": "2024", "LocationId": "76-0150" }, "geometry": { "type": "LineString", "coordinates": [ [ -83.9288150641, 42.9658449217 ], [ -83.9294191266, 42.9658558891 ] ] } },
{ "type": "Feature", "properties": { "PR": "1494903", "Aadt": 1190, "AadtCommercial": null, "FacilityType": 4, "Year": "2024", "LocationId": "25-4116" }, "geometry": { "type": "LineString", "coordinates": [ [ -83.6818835642, 43.0089372834 ], [ -83.6812816704, 43.0088559087 ], [ -83.6809548262, 43.0087796911 ], [ -83.6806347381, 43.0086872302 ], [ -83.6803375253, 43.0085675521 ], [ -83.6796210594, 43.0081682589 ] ] } },
{ "type": "Feature", "properties": { "PR": "3780745", "Aadt": 2450, "AadtCommercial": 69, "FacilityType": 2, "Year": "2024", "LocationId": "76-5169" }, "geometry": { "type": "LineString", "coordinates": [ [ -84.0106698351, 42.9238141437 ], [ -84.0103393948, 42.9239217841 ], [ -84.0097042383, 42.9241200864 ], [ -84.0082935766, 42.9245314472 ], [ -84.0080232029, 42.9246024315 ], [ -84.0070149401, 42.9248115784 ], [ -84.0060980338, 42.9249536263 ], [ -84.0052640484, 42.9250356234 ], [ -84.0041704674, 42.9250961888 ], [ -84.0015745542, 42.9251226918 ], [ -84.0012628719, 42.9251276334 ], [ -83.9999694877, 42.9251336696 ], [ -83.9994734542, 42.9251543974 ], [ -83.999211432, 42.9252295969 ], [ -83.9989841494, 42.9253497698 ], [ -83.9988708577, 42.9254471708 ] ] } },
{ "type": "Feature", "properties": { "PR": "1503206", "Aadt": 5784, "AadtCommercial": null, "FacilityType": 4, "Year": "2024", "LocationId": "25-0605" }, "geometry": { "type": "LineString", "coordinates": [ [ -83.7643589927, 43.0606222747 ], [ -83.7641500231, 43.0604391727 ], [ -83.7618239418, 43.057035639 ], [ -83.7609983462, 43.0559084338 ] ] } },
{ "type": "Feature", "properties": { "PR": "3252775", "Aadt": 2982, "AadtCommercial": 87, "FacilityType": 2, "Year": "2024", "LocationId": "25-5345" }, "geometry": { "type": "LineString", "coordinates": [ [ -83.629229849, 42.9032729489 ], [ -83.6290618265, 42.9032179095 ], [ -83.6290081539, 42.9031919555 ], [ -83.628969309, 42.9031568547 ], [ -83.6289483248, 42.903117399 ], [ -83.628932665, 42.9030650489 ], [ -83.6289407294, 42.9029321842 ], [ -83.6289882224, 42.9025331057 ], [ -83.6289620074, 42.9022919889 ], [ -83.6288879692, 42.9020917062 ], [ -83.6287283325, 42.9018974737 ], [ -83.6284892944, 42.901732954 ], [ -83.6282443715, 42.9016284513 ], [ -83.6280294061, 42.9015768748 ], [ -83.6277596127, 42.9015633705 ] ] } },
{ "type": "Feature", "properties": { "PR": "1495406", "Aadt": 7551, "AadtCommercial": null, "FacilityType": 4, "Year": "2024", "LocationId": "25-4111" }, "geometry": { "type": "LineString", "coordinates": [ [ -83.6757872442, 43.0111631638 ], [ -83.67623364, 43.0113441399 ], [ -83.6770180739, 43.0117022439 ], [ -83.6781907043, 43.0123014752 ], [ -83.6796727292, 43.0129982898 ] ] } },
{ "type": "Feature", "properties": { "PR": "1523901", "Aadt": 9230, "AadtCommercial": 258, "FacilityType": 2, "Year": "2024", "LocationId": "25-5507" }, "geometry": { "type": "LineString", "coordinates": [ [ -83.8121063358, 43.0011906518 ], [ -83.8121364627, 43.0045834536 ], [ -83.8122260941, 43.0092170758 ], [ -83.8122809813, 43.0120543345 ], [ -83.8122900607, 43.0124922847 ], [ -83.8123091537, 43.0139828288 ], [ -83.8123259091, 43.0145805254 ], [ -83.8123464534, 43.0151952604 ], [ -83.8123490463, 43.0153093584 ], [ -83.8123491008, 43.0153179186 ], [ -83.8123494533, 43.0153733266 ], [ -83.8123581177, 43.0156413312 ], [ -83.8123651902, 43.0159514548 ], [ -83.8124315517, 43.0188608152 ], [ -83.8125228762, 43.0222379165 ], [ -83.8125828787, 43.026240674 ], [ -83.8126350042, 43.0274336708 ], [ -83.8126376762, 43.0290461994 ], [ -83.812724796, 43.0308116243 ] ] } },
{ "type": "Feature", "properties": { "PR": "1501003", "Aadt": 1138, "AadtCommercial": 32, "FacilityType": 2, "Year": "2024", "LocationId": "25-6827" }, "geometry": { "type": "LineString", "coordinates": [ [ -83.6944302984, 43.1206028218 ], [ -83.6942420468, 43.1206058908 ], [ -83.6933144261, 43.1206357625 ] ] } },
{ "type": "Feature", "properties": { "PR": "1498307", "Aadt": 5660, "AadtCommercial": 165, "FacilityType": 2, "Year": "2024", "LocationId": "25-5419" }, "geometry": { "type": "LineString", "coordinates": [ [ -83.6206418694, 42.9201753002 ], [ -83.6204540555, 42.9202492979 ], [ -83.6202551655, 42.9203981054 ], [ -83.6198744968, 42.9206836498 ], [ -83.6196869447, 42.9208221589 ], [ -83.6196507271, 42.9208652686 ], [ -83.619624702, 42.9209138049 ], [ -83.6196089668, 42.920964099 ], [ -83.6188985412, 42.9214692719 ], [ -83.6186473056, 42.921633502 ], [ -83.6182565471, 42.9218056981 ], [ -83.6180971128, 42.9218737956 ], [ -83.6179680032, 42.9219434244 ], [ -83.6177925784, 42.922064591 ], [ -83.6171185986, 42.9225828953 ], [ -83.6167762889, 42.9228336418 ], [ -83.6166421835, 42.9229564007 ], [ -83.6165037183, 42.9231316783 ], [ -83.6164404782, 42.9232729008 ], [ -83.616388721, 42.9234682877 ], [ -83.6164227228, 42.9252002062 ] ] } },
{ "type": "Feature", "properties": { "PR": "1523901", "Aadt": 9318, "AadtCommercial": 261, "FacilityType": 2, "Year": "2024", "LocationId": "25-5223" }, "geometry": { "type": "LineString", "coordinates": [ [ -83.811259446, 42.9613522568 ], [ -83.811306335, 42.9643877346 ] ] } },
{ "type": "Feature", "properties": { "PR": "1519606", "Aadt": 8960, "AadtCommercial": 252, "FacilityType": 2, "Year": "2024", "LocationId": "25-5303" }, "geometry": { "type": "LineString", "coordinates": [ [ -83.7305213799, 42.9146630269 ], [ -83.7269698102, 42.9147104017 ] ] } },
{ "type": "Feature", "properties": { "PR": "1523507", "Aadt": 4323, "AadtCommercial": 121, "FacilityType": 2, "Year": "2024", "LocationId": "25-6731" }, "geometry": { "type": "LineString", "coordinates": [ [ -83.7145568405, 43.0306102013 ], [ -83.7130373228, 43.0306587953 ], [ -83.7120419956, 43.0306726022 ], [ -83.7110184887, 43.0306924107 ], [ -83.7100481908, 43.0307376496 ], [ -83.7099797914, 43.0307263802 ], [ -83.7099116796, 43.0307163444 ], [ -83.7098367611, 43.0307110594 ], [ -83.7097622358, 43.030708609 ], [ -83.7096915711, 43.0307094209 ], [ -83.708948229, 43.0307548684 ], [ -83.7087802061, 43.0307678024 ], [ -83.708610485, 43.0307808666 ], [ -83.7076862846, 43.0308490892 ], [ -83.7074754717, 43.0308608329 ] ] } },
{ "type": "Feature", "properties": { "PR": "1502802", "Aadt": 7693, "AadtCommercial": 223, "FacilityType": 2, "Year": "2024", "LocationId": "25-5263" }, "geometry": { "type": "LineString", "coordinates": [ [ -83.7101570988, 42.8049790249 ], [ -83.7143519766, 42.8049558042 ], [ -83.7153524537, 42.8049235491 ], [ -83.7162131575, 42.8049063281 ], [ -83.7176068122, 42.8048566883 ], [ -83.7202704551, 42.8047783963 ], [ -83.7209457481, 42.8047682111 ], [ -83.7215950315, 42.8047338926 ], [ -83.7221441363, 42.8047165021 ], [ -83.7222438189, 42.8047146943 ] ] } },
{ "type": "Feature", "properties": { "PR": "1534504", "Aadt": 442, "AadtCommercial": 11, "FacilityType": 2, "Year": "2024", "LocationId": "25-5619" }, "geometry": { "type": "LineString", "coordinates": [ [ -83.8892144917, 43.1786059083 ], [ -83.889281352, 43.178676684 ], [ -83.88932766, 43.1787792351 ], [ -83.8893397474, 43.1789437232 ], [ -83.8893284982, 43.1792668247 ], [ -83.8893123952, 43.1795246519 ], [ -83.8893203096, 43.1798090003 ], [ -83.8893463659, 43.1799815717 ], [ -83.8894028348, 43.1802016416 ], [ -83.8894132736, 43.1804067092 ] ] } },
{ "type": "Feature", "properties": { "PR": "1497904", "Aadt": 7565, "AadtCommercial": null, "FacilityType": 4, "Year": "2024", "LocationId": "25-0654" }, "geometry": { "type": "LineString", "coordinates": [ [ -83.7582194323, 43.0959891676 ], [ -83.7589524389, 43.0959998061 ], [ -83.7597128673, 43.0960758098 ], [ -83.7602909736, 43.0961751539 ], [ -83.7607365842, 43.0962894554 ], [ -83.7610804724, 43.0963973475 ], [ -83.7615477954, 43.0965736082 ], [ -83.7623567591, 43.0969771566 ], [ -83.7629921849, 43.0973934773 ], [ -83.7633053952, 43.097643585 ] ] } },
{ "type": "Feature", "properties": { "PR": "1524409", "Aadt": 7612, "AadtCommercial": 222, "FacilityType": 2, "Year": "2024", "LocationId": "25-6630" }, "geometry": { "type": "LineString", "coordinates": [ [ -83.7074743449, 43.007846639 ], [ -83.7077369266, 43.0079230939 ], [ -83.7079425454, 43.0080095119 ], [ -83.7081366815, 43.0081393565 ], [ -83.7082749226, 43.0082788349 ], [ -83.7092937347, 43.0095443525 ], [ -83.7095020473, 43.0097980748 ], [ -83.7098048993, 43.0101554846 ], [ -83.710349112, 43.0107916548 ], [ -83.710559673, 43.011044108 ], [ -83.711034837, 43.0116318012 ], [ -83.7114005567, 43.0122186972 ], [ -83.7123862357, 43.0134107559 ], [ -83.7127697187, 43.0138588394 ], [ -83.7127765317, 43.0139264572 ], [ -83.7128351751, 43.0140042729 ], [ -83.7129022339, 43.0140862609 ], [ -83.7139004304, 43.0152532263 ], [ -83.7142829657, 43.0156680992 ], [ -83.714334642, 43.0157189622 ], [ -83.7143902053, 43.0157672959 ], [ -83.7144518454, 43.0158099621 ], [ -83.7145208886, 43.015853883 ], [ -83.714585061, 43.015890538 ], [ -83.714656116, 43.0159283173 ], [ -83.7169856709, 43.0170628903 ], [ -83.7183424835, 43.0177230667 ], [ -83.7194724517, 43.0182730316 ], [ -83.7206084099, 43.0188263973 ], [ -83.7212473107, 43.0191353117 ], [ -83.7213728604, 43.0191997802 ], [ -83.7214843592, 43.0192609272 ], [ -83.7215796117, 43.0193188879 ], [ -83.7216775943, 43.0193871968 ], [ -83.7217669896, 43.0194559047 ], [ -83.7218681195, 43.0195442923 ], [ -83.7219658347, 43.0196406172 ], [ -83.7220361545, 43.0197192341 ], [ -83.7220933437, 43.0197947275 ], [ -83.7221530696, 43.0198857123 ], [ -83.7222065663, 43.0199765717 ], [ -83.7222550915, 43.0200753372 ], [ -83.7222914975, 43.0201647085 ], [ -83.7223242335, 43.0202688742 ], [ -83.7223492237, 43.020371741 ], [ -83.7223627253, 43.0204692294 ], [ -83.7223701875, 43.020561449 ], [ -83.7223707805, 43.0206706859 ], [ -83.722359769, 43.0207853264 ], [ -83.7223406198, 43.0208936767 ], [ -83.7223153518, 43.0209858104 ], [ -83.7222813251, 43.0210829131 ], [ -83.7222379529, 43.0211798285 ], [ -83.7221934712, 43.0212647123 ], [ -83.7221363797, 43.0213533453 ], [ -83.7220705922, 43.0214452343 ], [ -83.7220034614, 43.021531378 ], [ -83.7218649632, 43.0216942271 ], [ -83.7212244582, 43.0224586715 ], [ -83.7207103954, 43.0230735408 ], [ -83.7201783592, 43.0237007469 ], [ -83.7196569082, 43.0243186534 ], [ -83.7191358309, 43.0249310829 ], [ -83.7186212534, 43.0255566403 ], [ -83.7180901567, 43.0261471973 ], [ -83.7175406044, 43.0268179353 ], [ -83.7170147588, 43.0274378959 ], [ -83.7168392454, 43.0276508489 ], [ -83.7167487497, 43.0277706715 ], [ -83.7166669446, 43.027886777 ], [ -83.7166041654, 43.0279804793 ], [ -83.7165555, 43.0280600267 ], [ -83.7164868402, 43.0281695208 ], [ -83.716414263, 43.0282928151 ], [ -83.716342587, 43.0284243508 ], [ -83.7162883008, 43.0285343619 ], [ -83.7162413992, 43.0286405242 ], [ -83.7162057522, 43.0287292844 ], [ -83.7161574045, 43.0288338286 ], [ -83.7161047565, 43.0289773756 ], [ -83.7160586972, 43.0291150166 ], [ -83.7160174379, 43.0292462257 ], [ -83.715971526, 43.0294260598 ], [ -83.7159413339, 43.0295301641 ], [ -83.7159207672, 43.0296389711 ], [ -83.7158976363, 43.029781478 ], [ -83.7158785603, 43.0299286489 ], [ -83.715862137, 43.0301563749 ], [ -83.7158518232, 43.0303091662 ], [ -83.7158510784, 43.0304637828 ], [ -83.7158567617, 43.0310551357 ], [ -83.7158642255, 43.0315882788 ], [ -83.7159023996, 43.0331619349 ], [ -83.7159056237, 43.0332516209 ], [ -83.7159732391, 43.0359691876 ], [ -83.7159709866, 43.0360781569 ], [ -83.7160322257, 43.0385711733 ], [ -83.716082699, 43.0401855731 ], [ -83.7161505476, 43.0402659573 ], [ -83.7161384798, 43.0415429506 ], [ -83.7161625892, 43.0422429308 ], [ -83.7161821679, 43.0429970853 ], [ -83.7162027205, 43.0438249785 ] ] } },
{ "type": "Feature", "properties": { "PR": "1495406", "Aadt": 14244, "AadtCommercial": null, "FacilityType": 4, "Year": "2024", "LocationId": "25-0161" }, "geometry": { "type": "LineString", "coordinates": [ [ -83.6708752315, 43.0106947258 ], [ -83.674013493, 43.0109239942 ], [ -83.6748360481, 43.0109707164 ], [ -83.675517942, 43.0110864102 ], [ -83.6757872442, 43.0111631638 ] ] } },
{ "type": "Feature", "properties": { "PR": "1514606", "Aadt": 424, "AadtCommercial": 11, "FacilityType": 2, "Year": "2024", "LocationId": "25-6765" }, "geometry": { "type": "LineString", "coordinates": [ [ -83.7046425218, 43.0463857312 ], [ -83.703483169, 43.0464141868 ], [ -83.7031692977, 43.0464376025 ], [ -83.7023152608, 43.0465209451 ], [ -83.7011289703, 43.0466094062 ], [ -83.6999721382, 43.0467072228 ], [ -83.6988327764, 43.0467315745 ], [ -83.6975445974, 43.046807415 ], [ -83.6962668585, 43.046871884 ], [ -83.6937971358, 43.0469853432 ], [ -83.6936378018, 43.0469203119 ], [ -83.6904766118, 43.0469114145 ], [ -83.687584354, 43.0469394032 ], [ -83.6872835075, 43.0469370548 ] ] } },
{ "type": "Feature", "properties": { "PR": "3251566", "Aadt": 3551, "AadtCommercial": 105, "FacilityType": 2, "Year": "2024", "LocationId": "25-5394" }, "geometry": { "type": "LineString", "coordinates": [ [ -83.5721745929, 42.9100156386 ], [ -83.5722552964, 42.9132344234 ], [ -83.5723526645, 42.9158230957 ], [ -83.5724081462, 42.9172981126 ], [ -83.5724185808, 42.917499525 ], [ -83.5726240158, 42.9239880195 ], [ -83.5726385577, 42.9244472664 ], [ -83.5726804095, 42.9255073041 ], [ -83.5727608364, 42.928027134 ], [ -83.5727657173, 42.9309823945 ], [ -83.5727710483, 42.9311072441 ], [ -83.5727866785, 42.9312398059 ], [ -83.572812938, 42.9313546116 ], [ -83.5728631481, 42.9314937814 ], [ -83.5729467424, 42.9316542358 ], [ -83.5730188197, 42.9317714088 ], [ -83.57312564, 42.9318973587 ], [ -83.5732652288, 42.9320349194 ], [ -83.5734243272, 42.9321612308 ], [ -83.5736451282, 42.9323078897 ], [ -83.5738854748, 42.9324404558 ], [ -83.574116251, 42.9325644169 ] ] } },
{ "type": "Feature", "properties": { "PR": "1537804", "Aadt": 807, "AadtCommercial": 24, "FacilityType": 1, "Year": "2024", "LocationId": "25-5542" }, "geometry": { "type": "LineString", "coordinates": [ [ -83.6843862836, 43.0539856633 ], [ -83.6843956604, 43.055916667 ], [ -83.6844038103, 43.0576380886 ], [ -83.6844074109, 43.0583758994 ], [ -83.6844277715, 43.0590633827 ], [ -83.6844535126, 43.0597670576 ], [ -83.68444648, 43.0604786745 ], [ -83.6843977311, 43.0612417548 ], [ -83.6844330439, 43.0619810719 ], [ -83.6844169482, 43.062710889 ], [ -83.6844520679, 43.0633901971 ], [ -83.6844562223, 43.0641199993 ], [ -83.6844398022, 43.0648141149 ], [ -83.6844603569, 43.0655129996 ], [ -83.684502063, 43.0663487178 ], [ -83.6845299217, 43.0670290865 ], [ -83.6845408357, 43.0678770397 ], [ -83.6845533081, 43.0688459583 ], [ -83.684566689, 43.0696041751 ], [ -83.6845899624, 43.070302638 ], [ -83.6845485374, 43.0706787883 ], [ -83.6846035822, 43.0710496465 ], [ -83.6846201436, 43.0717446624 ], [ -83.6846264252, 43.072487494 ], [ -83.6846371252, 43.0731964825 ], [ -83.684650854, 43.0739238475 ], [ -83.6846213166, 43.0744036756 ], [ -83.6846866168, 43.0757809252 ] ] } },
{ "type": "Feature", "properties": { "PR": "1498006", "Aadt": 4468, "AadtCommercial": 94, "FacilityType": 1, "Year": "2024", "LocationId": "25-4722" }, "geometry": { "type": "LineString", "coordinates": [ [ -83.6957725624, 43.0089074986 ], [ -83.6956400329, 43.0090101611 ], [ -83.6948219174, 43.0093782868 ], [ -83.693770257, 43.0098520475 ], [ -83.6927177318, 43.0103034755 ], [ -83.6916577203, 43.010797267 ], [ -83.6904015764, 43.0113618885 ], [ -83.6897813013, 43.0116408807 ], [ -83.6891174838, 43.0119419444 ], [ -83.6884929411, 43.0122252431 ], [ -83.6878063024, 43.0125436842 ] ] } },
{ "type": "Feature", "properties": { "PR": "0646205", "Aadt": 1045, "AadtCommercial": null, "FacilityType": 4, "Year": "2024", "LocationId": "63-0583" }, "geometry": { "type": "LineString", "coordinates": [ [ -83.5675495792, 42.8155615725 ], [ -83.5675432632, 42.815407263 ], [ -83.5675624419, 42.8152284179 ], [ -83.5676390294, 42.8150078853 ], [ -83.5676718759, 42.8148909287 ], [ -83.567742844, 42.8147609508 ], [ -83.5678366091, 42.8146487663 ], [ -83.5679914309, 42.8145378957 ], [ -83.5681687738, 42.8144517345 ], [ -83.5683680913, 42.8144041133 ], [ -83.5685805371, 42.8143809983 ], [ -83.5687584586, 42.8143986696 ], [ -83.5688655209, 42.8144251969 ], [ -83.5690371005, 42.8144842591 ], [ -83.5691417138, 42.8145362502 ], [ -83.5692388122, 42.8146131829 ], [ -83.5692837216, 42.8146660589 ], [ -83.569351016, 42.8147471015 ], [ -83.5693952385, 42.8148172663 ], [ -83.5695395057, 42.8150569043 ] ] } },
{ "type": "Feature", "properties": { "PR": "1519309", "Aadt": 3520, "AadtCommercial": 105, "FacilityType": 2, "Year": "2024", "LocationId": "25-5396" }, "geometry": { "type": "LineString", "coordinates": [ [ -83.5714703881, 42.8881630788 ], [ -83.5701249988, 42.8882542229 ], [ -83.5688214493, 42.8883283466 ], [ -83.5680177234, 42.8883760635 ], [ -83.5670071159, 42.888386826 ], [ -83.5653638403, 42.8884303891 ], [ -83.5567166111, 42.8885271226 ], [ -83.5524927243, 42.8885779663 ], [ -83.5464239902, 42.8886922355 ], [ -83.544902386, 42.8887262257 ], [ -83.5438404646, 42.8887509944 ], [ -83.5415656429, 42.8888040207 ], [ -83.5403511735, 42.8888220897 ], [ -83.5386107349, 42.8888700552 ], [ -83.5361015412, 42.8889273129 ], [ -83.5357206742, 42.8889533166 ], [ -83.5352974567, 42.8889901938 ], [ -83.5351267876, 42.8890307266 ], [ -83.5347104185, 42.889132457 ], [ -83.5344149586, 42.8892517373 ], [ -83.5341352288, 42.8894048857 ], [ -83.5339018954, 42.8895380912 ], [ -83.5335333934, 42.8897926148 ] ] } },
{ "type": "Feature", "properties": { "PR": "1519910", "Aadt": 1739, "AadtCommercial": 51, "FacilityType": 2, "Year": "2024", "LocationId": "25-5153" }, "geometry": { "type": "LineString", "coordinates": [ [ -83.7715915611, 42.9582149233 ], [ -83.7687193982, 42.9582839307 ], [ -83.7668935154, 42.958293597 ], [ -83.7656605768, 42.958311705 ], [ -83.7642141643, 42.9583408467 ], [ -83.7637690433, 42.9583396812 ], [ -83.7634956584, 42.9583433561 ], [ -83.7601614712, 42.9583881274 ], [ -83.758385301, 42.9584344119 ], [ -83.7565998667, 42.9584571935 ], [ -83.7535647359, 42.958495857 ], [ -83.7518055095, 42.9585282683 ] ] } },
{ "type": "Feature", "properties": { "PR": "1502610", "Aadt": 3510, "AadtCommercial": null, "FacilityType": 4, "Year": "2024", "LocationId": "25-4108" }, "geometry": { "type": "LineString", "coordinates": [ [ -83.6812781367, 42.9925863668 ], [ -83.6817968866, 42.9921664871 ], [ -83.6821305451, 42.9918762067 ], [ -83.6824915701, 42.9914831423 ], [ -83.6827452894, 42.9911352455 ], [ -83.6829260939, 42.9908220948 ], [ -83.6832750635, 42.9899440994 ] ] } },
{ "type": "Feature", "properties": { "PR": "1510803", "Aadt": 4630, "AadtCommercial": 126, "FacilityType": 2, "Year": "2024", "LocationId": "25-6631" }, "geometry": { "type": "LineString", "coordinates": [ [ -83.692891869, 42.9812138659 ], [ -83.6928969812, 42.9821680803 ], [ -83.6928989949, 42.9824176333 ], [ -83.6929049772, 42.9828781686 ], [ -83.692928266, 42.9835723552 ], [ -83.6929438806, 42.9838389629 ], [ -83.6929466405, 42.9842924781 ], [ -83.6929528932, 42.9845097672 ], [ -83.6929550051, 42.9850219577 ], [ -83.6929598464, 42.985194308 ], [ -83.6929606682, 42.9857361866 ], [ -83.6929567355, 42.9860717304 ], [ -83.692974288, 42.9864546384 ], [ -83.6929764202, 42.9868469099 ], [ -83.6929937737, 42.9871819627 ], [ -83.6930015082, 42.987615884 ], [ -83.692994293, 42.9879325901 ], [ -83.6930264538, 42.9883720304 ], [ -83.6930066987, 42.9886941386 ], [ -83.6930139846, 42.9890992522 ], [ -83.6930263354, 42.989424494 ], [ -83.6930380341, 42.9898393631 ], [ -83.6930208523, 42.9901539308 ], [ -83.6930325352, 42.9905575108 ], [ -83.6930343751, 42.9908329062 ], [ -83.6930525983, 42.991271518 ], [ -83.6930302286, 42.9915480582 ], [ -83.6930416859, 42.9919612692 ], [ -83.6930427237, 42.9921317059 ], [ -83.6930635263, 42.9924181551 ], [ -83.6930410776, 42.9931379645 ], [ -83.6930625268, 42.9935052757 ], [ -83.6930723817, 42.9939428139 ], [ -83.693065869, 42.9942347367 ], [ -83.6930857487, 42.9946784984 ], [ -83.6930853177, 42.994892034 ], [ -83.6930822078, 42.9953690074 ], [ -83.6930874011, 42.9955901901 ], [ -83.6930891, 42.9960917576 ], [ -83.693119918, 42.9963027965 ], [ -83.6931272311, 42.99680055 ], [ -83.693108366, 42.9970174984 ], [ -83.6931223253, 42.9977330329 ], [ -83.6931477318, 42.9984826362 ], [ -83.6931658168, 42.9989633886 ], [ -83.6931728854, 42.9996348273 ], [ -83.6931609047, 43.0001696494 ], [ -83.6932274517, 43.0008595761 ], [ -83.6934504546, 43.001704971 ], [ -83.6936253088, 43.0022271446 ], [ -83.693635079, 43.0022592634 ], [ -83.6936434163, 43.0022884516 ], [ -83.6936500875, 43.0023154809 ], [ -83.6936552427, 43.0023411884 ], [ -83.693657037, 43.0023615262 ], [ -83.6936578372, 43.0023845246 ], [ -83.6936563726, 43.00240682 ], [ -83.6936520975, 43.0024327461 ], [ -83.6936450123, 43.0024580104 ], [ -83.6936358601, 43.0024816616 ], [ -83.6936255018, 43.0025031606 ], [ -83.6936128881, 43.0025242289 ], [ -83.6935973404, 43.0025474876 ], [ -83.693579644, 43.0025696666 ], [ -83.6935582616, 43.0025920191 ], [ -83.69353585, 43.0026115662 ], [ -83.6935096364, 43.0026316619 ], [ -83.6934784342, 43.0026528458 ], [ -83.6934491201, 43.0026715523 ], [ -83.6934120119, 43.0026944588 ], [ -83.6932527531, 43.0027895466 ], [ -83.6931356202, 43.0028561929 ], [ -83.6931128052, 43.00286989 ], [ -83.6930912904, 43.0028844469 ], [ -83.6930700334, 43.0029001387 ], [ -83.6930511815, 43.0029167487 ], [ -83.6930319668, 43.0029359403 ], [ -83.693015118, 43.0029542973 ], [ -83.6929994727, 43.0029741597 ], [ -83.6929868974, 43.0029941082 ], [ -83.6929750947, 43.0030187403 ], [ -83.6929655095, 43.0030411098 ], [ -83.6929559621, 43.0030675057 ], [ -83.6929491692, 43.0030938272 ], [ -83.6929458593, 43.003118855 ], [ -83.6929444032, 43.0031407219 ], [ -83.6929455653, 43.0031655328 ], [ -83.6929491177, 43.0031912662 ], [ -83.6929575776, 43.0032231098 ], [ -83.6929702126, 43.0032586237 ], [ -83.6929913349, 43.0033052211 ], [ -83.6930165319, 43.0033509431 ], [ -83.693046158, 43.0033992344 ], [ -83.6930746528, 43.0034399656 ], [ -83.693147027, 43.0035391713 ], [ -83.6931735176, 43.0035771476 ], [ -83.6933469226, 43.0038373718 ], [ -83.6933628039, 43.0038624846 ], [ -83.6933781977, 43.0038909123 ], [ -83.6933924303, 43.0039215826 ], [ -83.6934031455, 43.0039539676 ], [ -83.6934105012, 43.0039874974 ], [ -83.6934140129, 43.0040191744 ], [ -83.6934128442, 43.0040509991 ], [ -83.6934071838, 43.0040815144 ], [ -83.6933963962, 43.0041147041 ], [ -83.6933825372, 43.0041470358 ], [ -83.6933665719, 43.0041782345 ], [ -83.6930370436, 43.0047858168 ], [ -83.6924034313, 43.0061001218 ], [ -83.692359827, 43.006253365 ], [ -83.6923396561, 43.0063423504 ], [ -83.6923664969, 43.0064888681 ] ] } },
{ "type": "Feature", "properties": { "PR": "3252775", "Aadt": 2417, "AadtCommercial": 69, "FacilityType": 2, "Year": "2024", "LocationId": "25-5141" }, "geometry": { "type": "LineString", "coordinates": [ [ -83.6277596127, 42.9015633705 ], [ -83.6260239845, 42.9016052175 ], [ -83.6247726179, 42.9016411365 ], [ -83.6236466704, 42.901673445 ], [ -83.6234599752, 42.9016788007 ], [ -83.6208618074, 42.9017647511 ], [ -83.6182322342, 42.90174183 ], [ -83.6151419493, 42.9017148166 ], [ -83.610793415, 42.9017050379 ], [ -83.6090285388, 42.9017341044 ], [ -83.6081697769, 42.9017385264 ], [ -83.6076094781, 42.901743438 ], [ -83.6070949661, 42.9017479455 ], [ -83.6061554612, 42.9017584361 ], [ -83.6059308368, 42.9017500264 ], [ -83.6031343434, 42.9018011002 ], [ -83.6023847673, 42.9017886351 ] ] } },
{ "type": "Feature", "properties": { "PR": "1520305", "Aadt": 4484, "AadtCommercial": 127, "FacilityType": 2, "Year": "2024", "LocationId": "25-7062" }, "geometry": { "type": "LineString", "coordinates": [ [ -83.6177579386, 43.1205379519 ], [ -83.6179733935, 43.1276118807 ], [ -83.6180617648, 43.1292565454 ], [ -83.6182602969, 43.13195044 ], [ -83.6185533649, 43.1357988125 ] ] } },
{ "type": "Feature", "properties": { "PR": "1500910", "Aadt": 5404, "AadtCommercial": 151, "FacilityType": 2, "Year": "2024", "LocationId": "25-5555" }, "geometry": { "type": "LineString", "coordinates": [ [ -83.694418618, 43.1193437579 ], [ -83.6933160996, 43.1193129101 ], [ -83.6924034584, 43.1193462554 ], [ -83.6898949433, 43.1193607162 ], [ -83.6884476245, 43.1194062421 ], [ -83.6879604388, 43.1194152102 ], [ -83.6873877046, 43.1194178448 ], [ -83.6862217186, 43.1194496573 ], [ -83.684630392, 43.1194962265 ], [ -83.6840539122, 43.1195172932 ], [ -83.6773799764, 43.1197539017 ] ] } },
{ "type": "Feature", "properties": { "PR": "1523901", "Aadt": 10584, "AadtCommercial": 297, "FacilityType": 2, "Year": "2024", "LocationId": "25-5526" }, "geometry": { "type": "LineString", "coordinates": [ [ -83.8131740928, 43.0601834082 ], [ -83.8131904595, 43.0637235465 ], [ -83.8132430452, 43.0673610328 ] ] } },
{ "type": "Feature", "properties": { "PR": "1499702", "Aadt": 2627, "AadtCommercial": 74, "FacilityType": 1, "Year": "2024", "LocationId": "25-6958" }, "geometry": { "type": "LineString", "coordinates": [ [ -83.6811689667, 43.0341350787 ], [ -83.6800823413, 43.0340931538 ], [ -83.6780736482, 43.0341357727 ], [ -83.6775816489, 43.0341457245 ], [ -83.6769160884, 43.034160923 ], [ -83.6766873111, 43.0341714356 ], [ -83.6762342294, 43.0341785916 ], [ -83.6750246616, 43.0341573534 ] ] } },
{ "type": "Feature", "properties": { "PR": "1520110", "Aadt": 14604, "AadtCommercial": 409, "FacilityType": 2, "Year": "2024", "LocationId": "25-5324" }, "geometry": { "type": "LineString", "coordinates": [ [ -83.712828261, 42.9737985096 ], [ -83.7129067887, 42.9763121406 ], [ -83.7129244395, 42.9774677829 ], [ -83.7129517303, 42.9785483712 ], [ -83.71297537, 42.9798617904 ], [ -83.7129950147, 42.9810053879 ] ] } },
{ "type": "Feature", "properties": { "PR": "3252002", "Aadt": 887, "AadtCommercial": 26, "FacilityType": 2, "Year": "2024", "LocationId": "25-5620" }, "geometry": { "type": "LineString", "coordinates": [ [ -83.8326585002, 43.0454435427 ], [ -83.8326784057, 43.0485398403 ], [ -83.8326798591, 43.0498596662 ], [ -83.8326673927, 43.050889691 ], [ -83.8327336845, 43.052378177 ], [ -83.8327610535, 43.0525818513 ], [ -83.8327811367, 43.0526614204 ], [ -83.8329719925, 43.0532344888 ], [ -83.8338198953, 43.0547994934 ], [ -83.8341296807, 43.0553548196 ], [ -83.8343030295, 43.0557676639 ], [ -83.8344684558, 43.0562430393 ], [ -83.8345074768, 43.0564515434 ], [ -83.8345163324, 43.0564988642 ], [ -83.8345180388, 43.05718503 ], [ -83.8345995741, 43.0573462762 ] ] } },
{ "type": "Feature", "properties": { "PR": "1523901", "Aadt": 7948, "AadtCommercial": 224, "FacilityType": 2, "Year": "2024", "LocationId": "25-5222" }, "geometry": { "type": "LineString", "coordinates": [ [ -83.811306335, 42.9643877346 ], [ -83.8113264459, 42.9659103777 ], [ -83.8113263759, 42.9661787207 ], [ -83.8113807732, 42.9676826739 ], [ -83.8113834766, 42.9690839665 ], [ -83.8114434205, 42.9719232085 ], [ -83.8114429268, 42.972194884 ] ] } },
{ "type": "Feature", "properties": { "PR": "1497008", "Aadt": 14066, "AadtCommercial": 689, "FacilityType": 2, "Year": "2024", "LocationId": "25-4698" }, "geometry": { "type": "LineString", "coordinates": [ [ -83.6534065671, 42.9891629558 ], [ -83.6535395991, 42.9932272561 ], [ -83.6536403112, 42.9960671651 ], [ -83.6536849501, 42.9972599939 ], [ -83.6537577743, 42.9986044381 ], [ -83.6538220035, 42.9999847176 ], [ -83.6538143874, 43.0000997832 ], [ -83.6538293087, 43.0002596654 ], [ -83.6539275447, 43.0018606218 ], [ -83.6540134997, 43.0037515688 ] ] } },
{ "type": "Feature", "properties": { "PR": "1520305", "Aadt": 2060, "AadtCommercial": 59, "FacilityType": 2, "Year": "2024", "LocationId": "25-7126" }, "geometry": { "type": "LineString", "coordinates": [ [ -83.6194686865, 43.1505420826 ], [ -83.6197315978, 43.1569488027 ], [ -83.6197627089, 43.1582347973 ], [ -83.619947886, 43.1651911739 ], [ -83.6200700871, 43.1687396472 ], [ -83.6201618121, 43.1723523905 ], [ -83.620266255, 43.1796671417 ] ] } },
{ "type": "Feature", "properties": { "PR": "1522902", "Aadt": 7774, "AadtCommercial": 226, "FacilityType": 2, "Year": "2024", "LocationId": "25-7121" }, "geometry": { "type": "LineString", "coordinates": [ [ -83.5574868887, 43.0629158936 ], [ -83.557597813, 43.0725149333 ], [ -83.5576079738, 43.0733020171 ], [ -83.5576546647, 43.0774539007 ], [ -83.5577699987, 43.0867590101 ], [ -83.5578495181, 43.0919713313 ] ] } },
{ "type": "Feature", "properties": { "PR": "1505403", "Aadt": 4590, "AadtCommercial": 129, "FacilityType": 2, "Year": "2024", "LocationId": "25-7050" }, "geometry": { "type": "LineString", "coordinates": [ [ -83.7345443132, 43.171768954 ], [ -83.7345596548, 43.1733671653 ], [ -83.7345778494, 43.1738046287 ], [ -83.7345674252, 43.1741557394 ], [ -83.7345804202, 43.1755556574 ], [ -83.7345894009, 43.1764680562 ], [ -83.7345819995, 43.1773795138 ], [ -83.7346071487, 43.1782882325 ], [ -83.7346084745, 43.1791817213 ], [ -83.7346132758, 43.1800216739 ], [ -83.7346085919, 43.1807629866 ], [ -83.7346095517, 43.1814284536 ], [ -83.7346078307, 43.1821654638 ], [ -83.7346074706, 43.1823194811 ], [ -83.7345958476, 43.1832211475 ], [ -83.7346433747, 43.183639149 ], [ -83.7346487509, 43.1846117286 ], [ -83.7346463273, 43.1854488487 ] ] } },
{ "type": "Feature", "properties": { "PR": "1501410", "Aadt": 587, "AadtCommercial": null, "FacilityType": 4, "Year": "2024", "LocationId": "25-0496" }, "geometry": { "type": "LineString", "coordinates": [ [ -83.7337871806, 43.097242574 ], [ -83.7336185922, 43.0977008045 ], [ -83.7335398967, 43.0978592525 ], [ -83.7334024119, 43.0979971264 ], [ -83.7332470767, 43.098081302 ], [ -83.7330118507, 43.0981784261 ], [ -83.7327523435, 43.098216872 ], [ -83.7325734483, 43.0982229881 ], [ -83.7324020697, 43.0982050085 ], [ -83.7322323166, 43.0981434181 ], [ -83.7320502438, 43.0980573346 ], [ -83.731881758, 43.0979618253 ], [ -83.7317731443, 43.0978578167 ], [ -83.731718515, 43.0977257937 ], [ -83.73167104, 43.0975793667 ], [ -83.731648929, 43.0974625425 ], [ -83.7316740079, 43.0973224188 ], [ -83.731730521, 43.097226567 ], [ -83.7318353082, 43.0970783414 ], [ -83.7322289996, 43.096776273 ] ] } },
{ "type": "Feature", "properties": { "PR": "1520305", "Aadt": 3431, "AadtCommercial": 98, "FacilityType": 2, "Year": "2024", "LocationId": "25-5432" }, "geometry": { "type": "LineString", "coordinates": [ [ -83.6133426607, 42.9608682065 ], [ -83.613272099, 42.9610634832 ], [ -83.6132186674, 42.9612865538 ], [ -83.6131904137, 42.9614965675 ], [ -83.6131780098, 42.9618210218 ], [ -83.6132866381, 42.9644285304 ], [ -83.6134374281, 42.9686392565 ], [ -83.6136668683, 42.9752762434 ] ] } },
{ "type": "Feature", "properties": { "PR": "4410127", "Aadt": 9661, "AadtCommercial": 271, "FacilityType": 2, "Year": "2024", "LocationId": "63-5364" }, "geometry": { "type": "LineString", "coordinates": [ [ -83.6289534224, 42.8280571904 ], [ -83.6292628686, 42.8284834627 ], [ -83.6295428103, 42.828886922 ], [ -83.6296851168, 42.8291599654 ], [ -83.6297555592, 42.8294465044 ], [ -83.6298210681, 42.8298604674 ], [ -83.6299030239, 42.8316925784 ], [ -83.6299325862, 42.8324246565 ], [ -83.6299935123, 42.8343575452 ], [ -83.6299836462, 42.8346123921 ], [ -83.6299563124, 42.834791857 ], [ -83.6298434402, 42.8350745509 ], [ -83.6297011729, 42.8353266203 ], [ -83.6294821261, 42.8357013017 ], [ -83.6293375285, 42.835918833 ], [ -83.6292061043, 42.8360973316 ], [ -83.6291105373, 42.8362496401 ], [ -83.6290626071, 42.8364316255 ], [ -83.6290395336, 42.8365550121 ], [ -83.6290306301, 42.8374352642 ], [ -83.6291126237, 42.839075892 ], [ -83.6291834807, 42.8405753906 ], [ -83.6292634961, 42.842574255 ], [ -83.6293008415, 42.8435072022 ], [ -83.629410652, 42.8462503384 ], [ -83.6295902267, 42.8497534016 ], [ -83.6299792522, 42.8577013629 ], [ -83.6300677927, 42.8602830407 ], [ -83.6301148076, 42.8642179029 ], [ -83.6303719315, 42.8723626671 ] ] } },
{ "type": "Feature", "properties": { "PR": "1519606", "Aadt": 4723, "AadtCommercial": 138, "FacilityType": 2, "Year": "2024", "LocationId": "25-5211" }, "geometry": { "type": "LineString", "coordinates": [ [ -83.8098586829, 42.913411241 ], [ -83.8091719371, 42.9133245919 ], [ -83.8084621529, 42.913281779 ], [ -83.799756299, 42.9135101736 ], [ -83.791230592, 42.9137337561 ], [ -83.7899155955, 42.9137850252 ] ] } },
{ "type": "Feature", "properties": { "PR": "3780083", "Aadt": 1277, "AadtCommercial": 36, "FacilityType": 2, "Year": "2024", "LocationId": "76-5141" }, "geometry": { "type": "LineString", "coordinates": [ [ -84.0328304615, 42.9391866089 ], [ -84.030733229, 42.9392162635 ], [ -84.0293731583, 42.9392193137 ], [ -84.0279988483, 42.9392582603 ] ] } },
{ "type": "Feature", "properties": { "PR": "1498002", "Aadt": 10504, "AadtCommercial": null, "FacilityType": 4, "Year": "2024", "LocationId": "25-0541" }, "geometry": { "type": "LineString", "coordinates": [ [ -83.7299880581, 42.985814056 ], [ -83.730924748, 42.985659925 ], [ -83.7315810168, 42.9855343417 ], [ -83.732044325, 42.9855202914 ], [ -83.7324600056, 42.9855519685 ], [ -83.7327369543, 42.9856093927 ], [ -83.7330089282, 42.9857056196 ], [ -83.7332979739, 42.985817749 ], [ -83.7335303471, 42.9859339297 ], [ -83.733778541, 42.9860997043 ], [ -83.7340654365, 42.9862957158 ], [ -83.735011144, 42.9870198899 ], [ -83.7351470438, 42.9871247047 ], [ -83.7352113355, 42.9871755444 ] ] } },
{ "type": "Feature", "properties": { "PR": "0654506", "Aadt": 3203, "AadtCommercial": 92, "FacilityType": 2, "Year": "2024", "LocationId": "63-5592" }, "geometry": { "type": "LineString", "coordinates": [ [ -83.4480740389, 42.8442558332 ], [ -83.4479311121, 42.8444553094 ], [ -83.447885328, 42.8445469254 ], [ -83.4478648114, 42.8446531425 ], [ -83.4478641727, 42.8451723864 ], [ -83.4478721674, 42.8453181749 ], [ -83.4479594888, 42.8472586801 ], [ -83.4479678498, 42.8475573577 ], [ -83.4479391039, 42.8477480496 ], [ -83.4478502375, 42.8478838089 ], [ -83.4476996567, 42.8480028704 ], [ -83.4474990287, 42.8480748809 ], [ -83.4468903007, 42.8482196528 ], [ -83.4456733437, 42.8484546351 ], [ -83.4455136428, 42.8485428736 ], [ -83.4454373925, 42.8486253418 ], [ -83.4453910432, 42.8487390993 ], [ -83.4448047316, 42.8508617213 ], [ -83.4447712337, 42.8511854279 ], [ -83.4447079336, 42.8522994939 ] ] } },
{ "type": "Feature", "properties": { "PR": "1494107", "Aadt": 28409, "AadtCommercial": 852, "FacilityType": 2, "Year": "2024", "LocationId": "25-0529" }, "geometry": { "type": "LineString", "coordinates": [ [ -83.7727123301, 43.0020261036 ], [ -83.7702722588, 43.0020471791 ], [ -83.7694579325, 43.0020483435 ], [ -83.767874702, 43.0020494489 ], [ -83.7654369925, 43.0020511087 ], [ -83.7637994601, 43.0020604191 ], [ -83.7622680946, 43.0020620053 ], [ -83.7609703144, 43.002068336 ], [ -83.7605372603, 43.0020714012 ], [ -83.7597330452, 43.0020711205 ], [ -83.7587561722, 43.0020767289 ], [ -83.7584832445, 43.0020776916 ], [ -83.7573857679, 43.0020734288 ], [ -83.7563784604, 43.0020729241 ], [ -83.7553604144, 43.0020746053 ], [ -83.754364466, 43.0020828019 ], [ -83.7530299319, 43.0021123146 ], [ -83.7519778776, 43.0021369125 ], [ -83.7509709418, 43.0021475294 ], [ -83.7505171954, 43.0021449966 ], [ -83.7503626521, 43.0021467378 ], [ -83.7499585626, 43.0021450165 ], [ -83.7495971537, 43.0021445856 ], [ -83.7493673689, 43.0021433688 ] ] } },
{ "type": "Feature", "properties": { "PR": "3251555", "Aadt": 8046, "AadtCommercial": 224, "FacilityType": 2, "Year": "2024", "LocationId": "25-5169" }, "geometry": { "type": "LineString", "coordinates": [ [ -83.8210417216, 42.8030503934 ], [ -83.8204808233, 42.8039702114 ], [ -83.819880522, 42.8049546148 ], [ -83.8195602596, 42.8054797807 ], [ -83.8187824986, 42.8066682829 ], [ -83.8174462686, 42.8090009523 ], [ -83.8170611281, 42.8094265385 ], [ -83.8166585104, 42.8098098797 ], [ -83.8163960794, 42.809986398 ], [ -83.8161441241, 42.8101351807 ], [ -83.8158831855, 42.8102698211 ], [ -83.8156429503, 42.8103559692 ], [ -83.8147764982, 42.8106725448 ], [ -83.8137398348, 42.8107246625 ], [ -83.8119939571, 42.8107951571 ], [ -83.810622171, 42.8108646836 ], [ -83.8079073681, 42.8110022293 ], [ -83.8067876281, 42.8108764895 ], [ -83.8063518551, 42.8108171897 ], [ -83.8058475149, 42.8107736277 ], [ -83.8050322498, 42.8107577775 ], [ -83.8025915733, 42.8108124258 ], [ -83.8020895073, 42.8108236617 ], [ -83.799439309, 42.8108687062 ], [ -83.797071523, 42.8109168717 ] ] } },
{ "type": "Feature", "properties": { "PR": "3253246", "Aadt": 1590, "AadtCommercial": 47, "FacilityType": 2, "Year": "2024", "LocationId": "25-6686" }, "geometry": { "type": "LineString", "coordinates": [ [ -83.6929403144, 43.0123062264 ], [ -83.6916659166, 43.012888291 ], [ -83.690393274, 43.013426607 ], [ -83.6902753455, 43.0135396017 ], [ -83.6890740135, 43.0140584198 ], [ -83.6884266061, 43.0143526121 ], [ -83.6877493702, 43.01465729 ], [ -83.6865128149, 43.0152272 ], [ -83.6852201772, 43.0158538169 ], [ -83.6840551084, 43.0163572108 ], [ -83.6836875773, 43.0165284722 ], [ -83.6835174408, 43.0166153359 ], [ -83.6831784156, 43.016763982 ], [ -83.6827176822, 43.0169643756 ] ] } },
{ "type": "Feature", "properties": { "PR": "1499309", "Aadt": 1488, "AadtCommercial": 56, "FacilityType": 1, "Year": "2024", "LocationId": "25-4086" }, "geometry": { "type": "LineString", "coordinates": [ [ -83.6871708033, 43.0060886728 ], [ -83.6857836951, 43.0069589789 ], [ -83.6850679211, 43.007346143 ], [ -83.6846175038, 43.007637873 ], [ -83.6833851968, 43.00834267 ] ] } },
{ "type": "Feature", "properties": { "PR": "1502609", "Aadt": 8479, "AadtCommercial": null, "FacilityType": 4, "Year": "2024", "LocationId": "25-0806" }, "geometry": { "type": "LineString", "coordinates": [ [ -83.7376337234, 42.9833905721 ], [ -83.7362265966, 42.9837395655 ], [ -83.7356987769, 42.9838863706 ], [ -83.7351126192, 42.9839800233 ], [ -83.7345966015, 42.9840530629 ], [ -83.7341818059, 42.9840914436 ], [ -83.7338639422, 42.9840884095 ], [ -83.7335743045, 42.9840592607 ], [ -83.73324493, 42.9839992996 ], [ -83.7327964696, 42.9838435693 ], [ -83.7324497319, 42.9836398526 ], [ -83.7319271921, 42.9833258715 ] ] } },
{ "type": "Feature", "properties": { "PR": "0553103", "Aadt": 1637, "AadtCommercial": 48, "FacilityType": 2, "Year": "2024", "LocationId": "76-5190" }, "geometry": { "type": "LineString", "coordinates": [ [ -83.98804803, 42.9180276271 ], [ -83.9878202825, 42.9180306257 ], [ -83.9876114958, 42.918038373 ], [ -83.9872042125, 42.9180385661 ], [ -83.9864872314, 42.9180581472 ], [ -83.9860084431, 42.9180660197 ], [ -83.9848715067, 42.9180739176 ], [ -83.9843482721, 42.9180757632 ], [ -83.9838859424, 42.9180864197 ], [ -83.9831209451, 42.9181016259 ], [ -83.9826929086, 42.9181045162 ], [ -83.9818060816, 42.9181186378 ], [ -83.9812464299, 42.9181220995 ] ] } },
{ "type": "Feature", "properties": { "PR": "3251543", "Aadt": 1258, "AadtCommercial": 36, "FacilityType": 2, "Year": "2024", "LocationId": "44-5042" }, "geometry": { "type": "LineString", "coordinates": [ [ -83.4592535744, 43.1081874906 ], [ -83.4587513932, 43.1081569357 ], [ -83.4583418546, 43.1081343324 ], [ -83.4580528115, 43.1081224842 ], [ -83.457861645, 43.1081258215 ], [ -83.4564538239, 43.1081988117 ], [ -83.4551519465, 43.108271073 ], [ -83.4535244864, 43.1083639995 ], [ -83.4515192021, 43.1084594784 ], [ -83.4501283947, 43.1085248087 ], [ -83.4487190883, 43.1085877261 ], [ -83.4473099987, 43.1086285594 ], [ -83.4441098348, 43.1087322874 ], [ -83.4414611603, 43.1088193852 ], [ -83.4410752793, 43.108837843 ], [ -83.4407549992, 43.108893041 ], [ -83.4404399, 43.1089943804 ], [ -83.4401914834, 43.1091182902 ], [ -83.4399408152, 43.1092794424 ], [ -83.4397771306, 43.10943089 ], [ -83.4396375142, 43.1096121805 ], [ -83.4395158789, 43.1098281328 ], [ -83.4394503181, 43.1100621754 ], [ -83.4394337457, 43.1103274028 ], [ -83.4394872604, 43.1111193464 ], [ -83.4394581281, 43.1114203886 ], [ -83.4393960265, 43.1116241426 ], [ -83.4392987992, 43.1117818477 ], [ -83.4390566228, 43.1120569616 ], [ -83.4388229947, 43.1122266719 ], [ -83.4385199346, 43.1123827466 ], [ -83.4382704677, 43.1124657416 ], [ -83.4379644757, 43.1125318338 ], [ -83.4376538736, 43.1125670701 ], [ -83.4363305992, 43.1126013956 ], [ -83.4358728478, 43.1126213008 ], [ -83.4335000044, 43.1126983559 ], [ -83.4324831703, 43.11275419 ], [ -83.4248373868, 43.1129884979 ] ] } },
{ "type": "Feature", "properties": { "PR": "1495607", "Aadt": 6897, "AadtCommercial": 193, "FacilityType": 2, "Year": "2024", "LocationId": "25-5492" }, "geometry": { "type": "LineString", "coordinates": [ [ -83.8624876037, 43.0629928149 ], [ -83.8625514316, 43.0632679473 ], [ -83.8626095393, 43.0633495209 ], [ -83.8626920212, 43.0634315559 ], [ -83.8628694856, 43.0635869203 ], [ -83.8652398698, 43.0656264203 ], [ -83.867490597, 43.0675643782 ] ] } },
{ "type": "Feature", "properties": { "PR": "1502907", "Aadt": 54701, "AadtCommercial": 5361, "FacilityType": 2, "Year": "2024", "LocationId": "25-0104" }, "geometry": { "type": "LineString", "coordinates": [ [ -83.7384140086, 42.7897349342 ], [ -83.7374788044, 42.7909988786 ], [ -83.7361098509, 42.7927804484 ], [ -83.7357549774, 42.7932482557 ], [ -83.7332986857, 42.79657766 ], [ -83.7330589519, 42.7968657842 ], [ -83.7302740863, 42.8005652051 ], [ -83.7286579799, 42.802705997 ], [ -83.7277257902, 42.8039781897 ] ] } },
{ "type": "Feature", "properties": { "PR": "3250181", "Aadt": 9323, "AadtCommercial": 261, "FacilityType": 2, "Year": "2024", "LocationId": "25-5208" }, "geometry": { "type": "LineString", "coordinates": [ [ -83.830722666, 42.9571793753 ], [ -83.8307341804, 42.9582538618 ], [ -83.8307362334, 42.9590912667 ], [ -83.8307773673, 42.9592895804 ], [ -83.8307577905, 42.9599403479 ], [ -83.8307473649, 42.9610070586 ], [ -83.830742826, 42.961471517 ], [ -83.8307463576, 42.9636934113 ] ] } },
{ "type": "Feature", "properties": { "PR": "1536410", "Aadt": 1068, "AadtCommercial": 30, "FacilityType": 2, "Year": "2024", "LocationId": "25-7052" }, "geometry": { "type": "LineString", "coordinates": [ [ -83.7043937132, 43.1230577834 ], [ -83.7034202594, 43.1230508467 ], [ -83.7029745256, 43.1230480553 ], [ -83.7024851771, 43.1230424228 ], [ -83.7014813867, 43.12303789 ], [ -83.7006042318, 43.1230273321 ], [ -83.6998931054, 43.1230311438 ], [ -83.6988495638, 43.1230157219 ], [ -83.6983224853, 43.1230099069 ], [ -83.6977875039, 43.1229991133 ], [ -83.6944446468, 43.1229590868 ] ] } },
{ "type": "Feature", "properties": { "PR": "3252156", "Aadt": 4351, "AadtCommercial": null, "FacilityType": 4, "Year": "2024", "LocationId": "25-0149" }, "geometry": { "type": "LineString", "coordinates": [ [ -83.7703561914, 43.177588342 ], [ -83.7706263175, 43.1777187144 ], [ -83.7706665308, 43.1777409544 ], [ -83.7707040542, 43.1777655257 ], [ -83.770733304, 43.1777892685 ], [ -83.7707583966, 43.1778153813 ], [ -83.7707793112, 43.1778443915 ], [ -83.7707965438, 43.1778739256 ], [ -83.7708096436, 43.1779051654 ], [ -83.7708208415, 43.1779438151 ], [ -83.7708272577, 43.1779796901 ], [ -83.7708429346, 43.1780980971 ], [ -83.7708473401, 43.1781377454 ], [ -83.770849177, 43.1781763892 ], [ -83.7708494225, 43.178218448 ], [ -83.7708486819, 43.1782607459 ], [ -83.7708459107, 43.1783007295 ], [ -83.770841907, 43.1783387828 ], [ -83.770836637, 43.1783758574 ], [ -83.7708292752, 43.1784167036 ], [ -83.7708200128, 43.1784560829 ], [ -83.7708061248, 43.1784972781 ], [ -83.7707889999, 43.1785379322 ], [ -83.7707686382, 43.1785780461 ], [ -83.7707465186, 43.1786150178 ], [ -83.7707196641, 43.1786523926 ], [ -83.7706904011, 43.1786866116 ], [ -83.7706578838, 43.1787207665 ], [ -83.770622182, 43.1787529527 ], [ -83.7705805697, 43.1787864521 ], [ -83.7705371454, 43.178816103 ], [ -83.7704911711, 43.1788442733 ], [ -83.7704473062, 43.1788681957 ], [ -83.7703936607, 43.1788924021 ], [ -83.7703355295, 43.1789146133 ], [ -83.7702788233, 43.1789335162 ], [ -83.7702228903, 43.1789490979 ], [ -83.7701611341, 43.1789636111 ], [ -83.7700988674, 43.1789743013 ], [ -83.7700354219, 43.178981632 ], [ -83.7699708314, 43.1789846507 ], [ -83.7699011748, 43.1789837559 ], [ -83.7698303745, 43.1789785491 ], [ -83.7697642874, 43.1789691449 ], [ -83.7696996049, 43.178956958 ], [ -83.7696322323, 43.1789404386 ], [ -83.7695687311, 43.1789204898 ], [ -83.7695186143, 43.1789018673 ], [ -83.7694717868, 43.1788823556 ], [ -83.7694247345, 43.1788600896 ], [ -83.7693778129, 43.1788342709 ], [ -83.7693345726, 43.1788057737 ], [ -83.7692952711, 43.1787764011 ], [ -83.7692566916, 43.1787451368 ], [ -83.7692220871, 43.1787120429 ], [ -83.7691892636, 43.1786770088 ], [ -83.7691593207, 43.1786388833 ], [ -83.7691330623, 43.1786002349 ], [ -83.76910917, 43.1785591994 ], [ -83.7690879671, 43.1785158838 ], [ -83.7690717187, 43.1784750988 ], [ -83.7690584736, 43.1784323669 ], [ -83.768890371, 43.1777226216 ] ] } },
{ "type": "Feature", "properties": { "PR": "1494203", "Aadt": 10098, "AadtCommercial": 282, "FacilityType": 2, "Year": "2024", "LocationId": "25-5506" }, "geometry": { "type": "LineString", "coordinates": [ [ -83.793429572, 43.0312833772 ], [ -83.7884399324, 43.0313417228 ], [ -83.7879961044, 43.0313469018 ], [ -83.7874322413, 43.0313534802 ], [ -83.7865291473, 43.0313578462 ], [ -83.7848150234, 43.0313507625 ], [ -83.7834139821, 43.0313508282 ] ] } },
{ "type": "Feature", "properties": { "PR": "1497908", "Aadt": 3970, "AadtCommercial": null, "FacilityType": 4, "Year": "2024", "LocationId": "25-0415" }, "geometry": { "type": "LineString", "coordinates": [ [ -83.7240771135, 42.972074498 ], [ -83.7237157679, 42.9723471954 ], [ -83.7232935801, 42.9726567972 ], [ -83.7229085736, 42.9729373238 ], [ -83.7226259775, 42.9731337589 ], [ -83.7225013884, 42.9732074613 ], [ -83.7223179325, 42.9732866059 ], [ -83.7220476916, 42.9733938229 ], [ -83.7218608393, 42.9734430759 ], [ -83.7216285243, 42.9735013529 ], [ -83.7212697631, 42.9735751398 ] ] } },
{ "type": "Feature", "properties": { "PR": "1501502", "Aadt": 13264, "AadtCommercial": 451, "FacilityType": 2, "Year": "2024", "LocationId": "25-0018" }, "geometry": { "type": "LineString", "coordinates": [ [ -83.5181633365, 43.0456929306 ], [ -83.5181605767, 43.0463928715 ], [ -83.5181596876, 43.0466183589 ], [ -83.5181223666, 43.0472245919 ], [ -83.5180067353, 43.0491610367 ], [ -83.5180061221, 43.0544203987 ], [ -83.5180055685, 43.0591162634 ], [ -83.5180052302, 43.0619476028 ], [ -83.5180179832, 43.0636221061 ], [ -83.5180344507, 43.0663610168 ], [ -83.5180529271, 43.0694340958 ], [ -83.5180566199, 43.070806159 ], [ -83.5180435021, 43.0712247336 ], [ -83.5180505602, 43.0726324573 ], [ -83.5180915436, 43.0791559131 ], [ -83.5181628023, 43.0832841643 ], [ -83.5181656972, 43.0835575797 ], [ -83.5182072412, 43.0854836203 ] ] } },
{ "type": "Feature", "properties": { "PR": "3251558", "Aadt": 5874, "AadtCommercial": 165, "FacilityType": 2, "Year": "2024", "LocationId": "25-5531" }, "geometry": { "type": "LineString", "coordinates": [ [ -83.7731628871, 43.0750918575 ], [ -83.7731966479, 43.0787044469 ] ] } },
{ "type": "Feature", "properties": { "PR": "1494105", "Aadt": 8903, "AadtCommercial": 250, "FacilityType": 2, "Year": "2024", "LocationId": "25-5165" }, "geometry": { "type": "LineString", "coordinates": [ [ -83.7643728717, 42.9873290526 ], [ -83.7624432036, 42.9873663803 ], [ -83.7575793416, 42.9873986296 ], [ -83.7562649078, 42.9874063501 ], [ -83.7558535927, 42.9874083759 ], [ -83.7541422438, 42.9874090007 ], [ -83.7537617958, 42.9874127634 ], [ -83.7523158339, 42.9874390047 ], [ -83.7508228498, 42.9874611705 ], [ -83.7505585271, 42.9874650925 ], [ -83.7482065142, 42.9875032083 ], [ -83.7476459831, 42.9875122844 ], [ -83.7462396689, 42.9875490055 ], [ -83.7442916684, 42.987608753 ], [ -83.7441367114, 42.9875630623 ], [ -83.7439686546, 42.9875080391 ], [ -83.7437522817, 42.9873839174 ] ] } },
{ "type": "Feature", "properties": { "PR": "1510803", "Aadt": 9113, "AadtCommercial": 255, "FacilityType": 2, "Year": "2024", "LocationId": "25-5294" }, "geometry": { "type": "LineString", "coordinates": [ [ -83.697135851, 42.8858036773 ], [ -83.6971378969, 42.886534903 ], [ -83.697118034, 42.8871169379 ], [ -83.6970670025, 42.8875519128 ], [ -83.6969611492, 42.8893621252 ], [ -83.6968397795, 42.8914375489 ], [ -83.6968124676, 42.8918981106 ], [ -83.6967904401, 42.8922695508 ], [ -83.6966999038, 42.893148029 ], [ -83.6966207631, 42.893414425 ], [ -83.6963791523, 42.8940010083 ], [ -83.6961562931, 42.894591391 ], [ -83.6958462674, 42.8953829654 ], [ -83.6956683052, 42.8958116514 ], [ -83.6955488206, 42.8960500338 ], [ -83.695442804, 42.8962451698 ], [ -83.6953265883, 42.8964141164 ], [ -83.6950122938, 42.8968401498 ], [ -83.694025892, 42.8979215492 ], [ -83.6933610562, 42.8986167478 ], [ -83.6925025908, 42.8993982787 ], [ -83.6917716192, 42.9000420237 ], [ -83.6912299127, 42.90057713 ] ] } },
{ "type": "Feature", "properties": { "PR": "1494708", "Aadt": 22056, "AadtCommercial": null, "FacilityType": 4, "Year": "2024", "LocationId": "25-0081" }, "geometry": { "type": "LineString", "coordinates": [ [ -83.7259423793, 42.9770321596 ], [ -83.7260481654, 42.9773277729 ], [ -83.7261722622, 42.9775855265 ], [ -83.7262494584, 42.9777564341 ], [ -83.7263931419, 42.9780268535 ], [ -83.7265772993, 42.9783653915 ], [ -83.7268416436, 42.9787628257 ], [ -83.7271504673, 42.9791572158 ] ] } },
{ "type": "Feature", "properties": { "PR": "0654508", "Aadt": 1949, "AadtCommercial": 58, "FacilityType": 2, "Year": "2024", "LocationId": "63-5778" }, "geometry": { "type": "LineString", "coordinates": [ [ -83.4521993234, 42.8527306148 ], [ -83.451685356, 42.8527077882 ], [ -83.4510718079, 42.8526772463 ], [ -83.4483055893, 42.8525475546 ], [ -83.4473316056, 42.8524928281 ], [ -83.4463093343, 42.8524059328 ], [ -83.4452451952, 42.8523321224 ], [ -83.4447079336, 42.8522994939 ], [ -83.4440269643, 42.8522643742 ], [ -83.4426513249, 42.8521809729 ] ] } },
{ "type": "Feature", "properties": { "PR": "1520502", "Aadt": 2692, "AadtCommercial": 78, "FacilityType": 2, "Year": "2024", "LocationId": "25-5435" }, "geometry": { "type": "LineString", "coordinates": [ [ -83.583629407, 42.9613000257 ], [ -83.5807979708, 42.9613539717 ], [ -83.5767045732, 42.9614417177 ], [ -83.5737439649, 42.9614749873 ] ] } },
{ "type": "Feature", "properties": { "PR": "1520305", "Aadt": 6939, "AadtCommercial": 157, "FacilityType": 2, "Year": "2024", "LocationId": "25-7100" }, "geometry": { "type": "LineString", "coordinates": [ [ -83.6170751493, 43.0914941058 ], [ -83.6170700685, 43.0917100146 ], [ -83.6170922689, 43.0928228078 ], [ -83.6171265696, 43.0941974649 ], [ -83.6172234085, 43.0980781201 ], [ -83.6172287628, 43.0982926968 ], [ -83.6172359347, 43.098920386 ], [ -83.6172545922, 43.1005534902 ], [ -83.617328547, 43.1021335381 ], [ -83.6173717651, 43.1045618079 ], [ -83.6173662551, 43.104902028 ], [ -83.6173969372, 43.1059807757 ], [ -83.6174315311, 43.107453791 ], [ -83.6174459299, 43.1079691658 ], [ -83.6174471971, 43.1081203109 ], [ -83.6174370802, 43.108330174 ], [ -83.6174664067, 43.1099015065 ], [ -83.6174767076, 43.1101463286 ], [ -83.6174783403, 43.1103186525 ], [ -83.6174770039, 43.1105091801 ], [ -83.6174755398, 43.1106432357 ], [ -83.6174754022, 43.1106718291 ], [ -83.6174732366, 43.1111238353 ], [ -83.6175594883, 43.1121451319 ], [ -83.6175534536, 43.1125136475 ], [ -83.6175723252, 43.1131496298 ], [ -83.6176658674, 43.1160132851 ], [ -83.6176695607, 43.1166614289 ], [ -83.6176672178, 43.1168768372 ], [ -83.6177268773, 43.1188904325 ], [ -83.6177374431, 43.1192708581 ], [ -83.6177579386, 43.1205379519 ] ] } },
{ "type": "Feature", "properties": { "PR": "1501502", "Aadt": 18786, "AadtCommercial": 640, "FacilityType": 2, "Year": "2024", "LocationId": "25-0017" }, "geometry": { "type": "LineString", "coordinates": [ [ -83.5174400681, 43.0113160599 ], [ -83.5174452976, 43.0116740903 ], [ -83.5174411798, 43.0124604588 ], [ -83.5174776238, 43.0135359133 ], [ -83.5175162247, 43.0140188408 ], [ -83.5175412644, 43.0146693846 ], [ -83.5175604138, 43.0158739439 ], [ -83.5176425791, 43.0180710209 ], [ -83.5177179329, 43.0198913061 ] ] } },
{ "type": "Feature", "properties": { "PR": "1499504", "Aadt": 2855, "AadtCommercial": 81, "FacilityType": 2, "Year": "2024", "LocationId": "25-5595" }, "geometry": { "type": "LineString", "coordinates": [ [ -83.7340493257, 43.0162783807 ], [ -83.7338865597, 43.0162347076 ], [ -83.7335027363, 43.0161319776 ], [ -83.7328031003, 43.0158759886 ], [ -83.7320118861, 43.0155895432 ], [ -83.7313544796, 43.0153251029 ], [ -83.7308622495, 43.0150797041 ], [ -83.730577033, 43.0148927617 ], [ -83.7296044726, 43.0144027083 ], [ -83.7287436256, 43.0139706237 ], [ -83.7278295661, 43.0136250392 ], [ -83.7268879107, 43.0133224981 ], [ -83.7259445406, 43.0130571596 ], [ -83.7250102673, 43.0127600552 ], [ -83.723243733, 43.0121188506 ], [ -83.7225632417, 43.0119072454 ], [ -83.7222948846, 43.0118019319 ], [ -83.7219729063, 43.0116445634 ], [ -83.7216793772, 43.0114694159 ], [ -83.7213777175, 43.0112145823 ], [ -83.7210351321, 43.0110139778 ], [ -83.7208356582, 43.0109243214 ], [ -83.7206730406, 43.0108824806 ], [ -83.7204458416, 43.0108255996 ], [ -83.7199955649, 43.0107111949 ], [ -83.7196199222, 43.0106429045 ], [ -83.7193470932, 43.0106047675 ], [ -83.7191528185, 43.0105967714 ], [ -83.7189425099, 43.010621089 ], [ -83.7186228695, 43.0106948783 ], [ -83.7182893542, 43.0108377674 ], [ -83.7172429556, 43.0112459361 ], [ -83.7164135041, 43.0116202927 ], [ -83.7156143094, 43.0120044559 ], [ -83.7147745128, 43.0123699822 ], [ -83.7123862357, 43.0134107559 ], [ -83.7112212235, 43.0139382808 ], [ -83.7111041541, 43.0139913364 ], [ -83.7098852928, 43.0145437212 ], [ -83.7091865538, 43.0148433579 ], [ -83.7090168589, 43.014926689 ], [ -83.708373131, 43.0152226569 ], [ -83.7075373515, 43.0155926867 ], [ -83.7066816802, 43.015949371 ], [ -83.7058063209, 43.0163637608 ], [ -83.7047660514, 43.016818156 ], [ -83.7045749524, 43.0168891515 ], [ -83.7037733483, 43.0172330382 ], [ -83.7036254608, 43.0173034146 ], [ -83.7028104718, 43.0176653199 ], [ -83.7017806378, 43.0181092051 ], [ -83.7007006002, 43.0185867138 ], [ -83.6996893925, 43.0190260227 ], [ -83.6991835751, 43.0192533339 ], [ -83.6982254974, 43.0196657777 ], [ -83.6972018714, 43.0201134448 ], [ -83.6969753906, 43.0202259766 ], [ -83.6961568515, 43.0205662774 ], [ -83.6950329328, 43.0210432266 ], [ -83.6947240743, 43.0211172184 ], [ -83.6936631121, 43.021318564 ], [ -83.6934769782, 43.0213296497 ], [ -83.693310025, 43.021285368 ], [ -83.6931730877, 43.0212305784 ], [ -83.6930449261, 43.0211599669 ], [ -83.6927157596, 43.0209473234 ] ] } },
{ "type": "Feature", "properties": { "PR": "1500702", "Aadt": 1899, "AadtCommercial": null, "FacilityType": 4, "Year": "2024", "LocationId": "25-0492" }, "geometry": { "type": "LineString", "coordinates": [ [ -83.6942437518, 43.1001193084 ], [ -83.6944446963, 43.1000780571 ], [ -83.6946128242, 43.1000503057 ], [ -83.6948060287, 43.100018203 ], [ -83.6950011256, 43.0999817058 ], [ -83.6952072808, 43.099934851 ], [ -83.6954436555, 43.0998767422 ], [ -83.6956388088, 43.0998249436 ], [ -83.6958054669, 43.099778428 ], [ -83.695984805, 43.0997320279 ], [ -83.6961660921, 43.0996856662 ], [ -83.6963316726, 43.0996418447 ], [ -83.6964852274, 43.0996063592 ], [ -83.6966604113, 43.0995716934 ], [ -83.6968311194, 43.0995418952 ], [ -83.6969939722, 43.0995236614 ], [ -83.6971504612, 43.0995137356 ], [ -83.6993374837, 43.0994459898 ] ] } },
{ "type": "Feature", "properties": { "PR": "1844702", "Aadt": 4727, "AadtCommercial": null, "FacilityType": 4, "Year": "2024", "LocationId": "25-4122" }, "geometry": { "type": "LineString", "coordinates": [ [ -83.6824761286, 43.0240910703 ], [ -83.6828261336, 43.0233325659 ], [ -83.6831421453, 43.0227353389 ] ] } },
{ "type": "Feature", "properties": { "PR": "1494305", "Aadt": 8231, "AadtCommercial": 230, "FacilityType": 2, "Year": "2024", "LocationId": "25-5473" }, "geometry": { "type": "LineString", "coordinates": [ [ -83.7737777961, 43.1188326558 ], [ -83.7643691607, 43.1189418494 ], [ -83.7635713226, 43.1189631626 ], [ -83.7632642151, 43.1189667747 ], [ -83.7624426698, 43.118973949 ], [ -83.7600525905, 43.1190585858 ], [ -83.7539987567, 43.1192727411 ], [ -83.7515321575, 43.119225642 ], [ -83.7447236518, 43.1190047568 ], [ -83.7414616904, 43.1189086185 ], [ -83.7346786217, 43.1186556579 ], [ -83.7340904076, 43.1186513507 ] ] } },
{ "type": "Feature", "properties": { "PR": "1494503", "Aadt": 7829, "AadtCommercial": 400, "FacilityType": 2, "Year": "2024", "LocationId": "25-5802" }, "geometry": { "type": "LineString", "coordinates": [ [ -83.9027578211, 43.1761888353 ], [ -83.9011588491, 43.1761913512 ], [ -83.9006725039, 43.1761967742 ], [ -83.8992304179, 43.1762037143 ], [ -83.8968389634, 43.1762146676 ], [ -83.8961203338, 43.176215101 ], [ -83.8957461436, 43.1762154118 ], [ -83.8954760911, 43.1762145179 ], [ -83.8953945237, 43.1762138425 ], [ -83.8943073356, 43.1762146534 ], [ -83.8930748365, 43.1762316203 ], [ -83.891800099, 43.1762373775 ], [ -83.8905827412, 43.1762484333 ], [ -83.8891921539, 43.1762450101 ], [ -83.8849895921, 43.1762460978 ], [ -83.8836273323, 43.1762387347 ], [ -83.880079329, 43.1762238108 ] ] } },
{ "type": "Feature", "properties": { "PR": "1844305", "Aadt": 667, "AadtCommercial": null, "FacilityType": 4, "Year": "2024", "LocationId": "25-4124" }, "geometry": { "type": "LineString", "coordinates": [ [ -83.6762342294, 43.0341785916 ], [ -83.6762601026, 43.0348386198 ], [ -83.6763334945, 43.035153358 ], [ -83.676403351, 43.0354009018 ], [ -83.6765441802, 43.0358288133 ], [ -83.6767173591, 43.0363095857 ] ] } },
{ "type": "Feature", "properties": { "PR": "1500910", "Aadt": 2550, "AadtCommercial": 76, "FacilityType": 2, "Year": "2024", "LocationId": "25-7072" }, "geometry": { "type": "LineString", "coordinates": [ [ -83.5585937474, 43.1208515009 ], [ -83.5504129993, 43.1209400485 ], [ -83.5388880041, 43.1211152424 ], [ -83.5355266942, 43.1211997055 ], [ -83.5338732506, 43.1212537484 ], [ -83.5290714884, 43.1214155838 ], [ -83.5219993684, 43.1217262714 ], [ -83.5205685994, 43.1217854165 ], [ -83.519908741, 43.1218226547 ], [ -83.5190283037, 43.1218241666 ] ] } },
{ "type": "Feature", "properties": { "PR": "1501404", "Aadt": 865, "AadtCommercial": null, "FacilityType": 4, "Year": "2024", "LocationId": "25-0495" }, "geometry": { "type": "LineString", "coordinates": [ [ -83.7337492613, 43.0934108926 ], [ -83.7335786354, 43.0943346631 ], [ -83.7334864681, 43.0946771109 ], [ -83.7333501842, 43.0949604849 ], [ -83.7331540277, 43.0952523585 ], [ -83.7328858609, 43.0955233935 ], [ -83.732694038, 43.095698972 ], [ -83.732443066, 43.0958636678 ], [ -83.7321257919, 43.0960318848 ], [ -83.7310055535, 43.0964655393 ], [ -83.7303060561, 43.0967421963 ], [ -83.7298429412, 43.0969171811 ], [ -83.7294666904, 43.0970583121 ], [ -83.7294134276, 43.0970782904 ], [ -83.7280537894, 43.0974501201 ] ] } },
{ "type": "Feature", "properties": { "PR": "1523910", "Aadt": 3380, "AadtCommercial": 94, "FacilityType": 2, "Year": "2024", "LocationId": "25-5477" }, "geometry": { "type": "LineString", "coordinates": [ [ -83.8325757885, 43.0571302255 ], [ -83.8331282518, 43.0572880377 ], [ -83.8332575541, 43.0573106 ], [ -83.8334642926, 43.0573379936 ], [ -83.8338402424, 43.0573569114 ], [ -83.8345995741, 43.0573462762 ], [ -83.8360241276, 43.0572970418 ], [ -83.8366856257, 43.0572791605 ], [ -83.8393251141, 43.0572097175 ], [ -83.8435213576, 43.0570991929 ], [ -83.8450291153, 43.0570596503 ], [ -83.8481932237, 43.0569808208 ], [ -83.8490456874, 43.0569689427 ], [ -83.8510905734, 43.0569003009 ], [ -83.8513423587, 43.0569161985 ], [ -83.851667956, 43.0569060553 ], [ -83.851984012, 43.0569299344 ], [ -83.8522356504, 43.0569977497 ], [ -83.8524786343, 43.0570744725 ], [ -83.8537561538, 43.057687364 ], [ -83.8571696083, 43.0594065256 ], [ -83.8573131459, 43.0595303818 ] ] } },
{ "type": "Feature", "properties": { "PR": "1495006", "Aadt": 6103, "AadtCommercial": null, "FacilityType": 4, "Year": "2024", "LocationId": "25-4493" }, "geometry": { "type": "LineString", "coordinates": [ [ -83.66057993, 43.0115480037 ], [ -83.6585505166, 43.0115399243 ], [ -83.658063489, 43.0115125291 ], [ -83.6573163798, 43.0113987425 ], [ -83.6568899089, 43.0112787638 ], [ -83.6565331243, 43.0111645015 ], [ -83.6562007748, 43.0110208196 ], [ -83.655834652, 43.0108465116 ], [ -83.6555000058, 43.0107626301 ], [ -83.6551640459, 43.0107129203 ], [ -83.6549014551, 43.0107245797 ], [ -83.6546218954, 43.0107230623 ], [ -83.6542593463, 43.010745452 ] ] } },
{ "type": "Feature", "properties": { "PR": "1524509", "Aadt": 3692, "AadtCommercial": 107, "FacilityType": 2, "Year": "2024", "LocationId": "25-5205" }, "geometry": { "type": "LineString", "coordinates": [ [ -83.8408965888, 42.9570395015 ], [ -83.840873875, 42.9553388986 ], [ -83.840800778, 42.9530656554 ] ] } },
{ "type": "Feature", "properties": { "PR": "1844210", "Aadt": 1966, "AadtCommercial": null, "FacilityType": 4, "Year": "2024", "LocationId": "25-4117" }, "geometry": { "type": "LineString", "coordinates": [ [ -83.6842109089, 43.018491153 ], [ -83.684326744, 43.0186578786 ], [ -83.6844103115, 43.0189834097 ], [ -83.68442333, 43.0200587468 ], [ -83.6844314285, 43.0205471671 ] ] } },
{ "type": "Feature", "properties": { "PR": "1497601", "Aadt": 8623, "AadtCommercial": 242, "FacilityType": 2, "Year": "2024", "LocationId": "25-7123" }, "geometry": { "type": "LineString", "coordinates": [ [ -83.5574868887, 43.0629158936 ], [ -83.5518466972, 43.0630082179 ], [ -83.5415229232, 43.0631913282 ], [ -83.5402022721, 43.0632179428 ], [ -83.5376263048, 43.0632552427 ], [ -83.5357031466, 43.0632490833 ], [ -83.5350601805, 43.0632511096 ], [ -83.5335807107, 43.0632540334 ], [ -83.5278936221, 43.0632744222 ], [ -83.5267175386, 43.0632913874 ], [ -83.5258352025, 43.0633362293 ], [ -83.5236220955, 43.0634199747 ], [ -83.5180179832, 43.0636221061 ] ] } },
{ "type": "Feature", "properties": { "PR": "1502808", "Aadt": 4189, "AadtCommercial": null, "FacilityType": 4, "Year": "2024", "LocationId": "25-0683" }, "geometry": { "type": "LineString", "coordinates": [ [ -83.739802274, 42.8651947599 ], [ -83.7401302623, 42.8645892913 ], [ -83.7408484739, 42.8630193117 ] ] } },
{ "type": "Feature", "properties": { "PR": "1506101", "Aadt": 5371, "AadtCommercial": 150, "FacilityType": 2, "Year": "2024", "LocationId": "25-5485" }, "geometry": { "type": "LineString", "coordinates": [ [ -83.8229026423, 43.0601735909 ], [ -83.820991462, 43.0588281911 ], [ -83.8203683241, 43.0583624983 ], [ -83.8196945716, 43.057872711 ], [ -83.8185624342, 43.0570740354 ], [ -83.8179531015, 43.0566503275 ], [ -83.816111155, 43.0553661668 ], [ -83.8141251258, 43.0539959776 ], [ -83.8130078365, 43.0531802651 ] ] } },
{ "type": "Feature", "properties": { "PR": "1494503", "Aadt": 11412, "AadtCommercial": 343, "FacilityType": 2, "Year": "2024", "LocationId": "25-0033" }, "geometry": { "type": "LineString", "coordinates": [ [ -83.7246555652, 43.1775222525 ], [ -83.7223724774, 43.1775737655 ], [ -83.719835327, 43.1776013746 ], [ -83.7169359031, 43.1776587658 ], [ -83.71574117, 43.1776830494 ], [ -83.7147674811, 43.1776967774 ] ] } },
{ "type": "Feature", "properties": { "PR": "1495207", "Aadt": 6929, "AadtCommercial": null, "FacilityType": 4, "Year": "2024", "LocationId": "25-0449" }, "geometry": { "type": "LineString", "coordinates": [ [ -83.525124538, 43.0112248551 ], [ -83.5234524205, 43.0111279167 ], [ -83.5228231132, 43.0110680108 ], [ -83.522346277, 43.0109683618 ], [ -83.5218622579, 43.0108222026 ], [ -83.5213735146, 43.010615717 ], [ -83.5208367281, 43.0103635762 ], [ -83.5199301488, 43.009942911 ], [ -83.5192913949, 43.0096518874 ], [ -83.5190070532, 43.009533666 ], [ -83.5187682274, 43.0094812795 ], [ -83.5184710724, 43.0094806652 ], [ -83.5173280191, 43.0095251429 ] ] } },
{ "type": "Feature", "properties": { "PR": "0755010", "Aadt": 1759, "AadtCommercial": 52, "FacilityType": 2, "Year": "2024", "LocationId": "44-5048" }, "geometry": { "type": "LineString", "coordinates": [ [ -83.4582809076, 43.0195275516 ], [ -83.4574147193, 43.0194970369 ], [ -83.4562899629, 43.0194565638 ], [ -83.4542214246, 43.0193878623 ], [ -83.4491482836, 43.0192035637 ], [ -83.4457841115, 43.0190964399 ], [ -83.439255893, 43.018831476 ] ] } },
{ "type": "Feature", "properties": { "PR": "3250861", "Aadt": 1342, "AadtCommercial": 38, "FacilityType": 2, "Year": "2024", "LocationId": "25-7039" }, "geometry": { "type": "LineString", "coordinates": [ [ -83.7346463273, 43.1854488487 ], [ -83.7342073627, 43.1854848808 ], [ -83.7340932567, 43.1855156621 ], [ -83.7339680157, 43.1855420879 ], [ -83.7338673995, 43.1855690772 ], [ -83.7337327692, 43.1856407046 ], [ -83.7335464648, 43.185789894 ], [ -83.7331367839, 43.1862269285 ], [ -83.7323297027, 43.1871340046 ], [ -83.7315858872, 43.187930701 ], [ -83.7298080346, 43.1898687146 ], [ -83.7271578386, 43.1927354919 ], [ -83.7269219044, 43.1929481537 ], [ -83.7264125366, 43.1931718783 ] ] } },
{ "type": "Feature", "properties": { "PR": "0758707", "Aadt": 1820, "AadtCommercial": 53, "FacilityType": 2, "Year": "2024", "LocationId": "44-5059" }, "geometry": { "type": "LineString", "coordinates": [ [ -83.4046829092, 43.106297989 ], [ -83.4045346729, 43.1061460922 ], [ -83.4042782399, 43.1059537861 ], [ -83.3997257711, 43.1028031082 ], [ -83.3981832324, 43.101746051 ], [ -83.3958013784, 43.1000880163 ], [ -83.3950891005, 43.0996092921 ], [ -83.3949000701, 43.0995080024 ], [ -83.3947291434, 43.0994593316 ], [ -83.3945378834, 43.0994101937 ], [ -83.3942837085, 43.0994043571 ], [ -83.389829899, 43.0995555361 ], [ -83.3849955334, 43.0996954537 ] ] } },
{ "type": "Feature", "properties": { "PR": "3251574", "Aadt": 14630, "AadtCommercial": 396, "FacilityType": 2, "Year": "2024", "LocationId": "25-5277" }, "geometry": { "type": "LineString", "coordinates": [ [ -83.6927480002, 42.9740606371 ], [ -83.6924936341, 42.9740610927 ], [ -83.6875035033, 42.9741566127 ], [ -83.6842818576, 42.9742243184 ], [ -83.6842360976, 42.9742252796 ], [ -83.6841846536, 42.9742262199 ], [ -83.6825501455, 42.9742560955 ], [ -83.6819831153, 42.9742660138 ], [ -83.6817905753, 42.9742652021 ], [ -83.681278281, 42.9742689972 ], [ -83.6811866708, 42.9742706414 ], [ -83.6799925521, 42.9743010289 ], [ -83.6791193646, 42.9743042349 ], [ -83.679002349, 42.9743046635 ], [ -83.6763824631, 42.9743533001 ], [ -83.672640779, 42.9744348221 ] ] } },
{ "type": "Feature", "properties": { "PR": "1495305", "Aadt": 2456, "AadtCommercial": null, "FacilityType": 4, "Year": "2024", "LocationId": "25-9625" }, "geometry": { "type": "LineString", "coordinates": [ [ -83.8047886902, 42.965496697 ], [ -83.807359958, 42.9661864635 ], [ -83.8077003298, 42.9662745275 ], [ -83.8079448559, 42.9663519186 ], [ -83.808047897, 42.9663902408 ], [ -83.8081398095, 42.9664323834 ], [ -83.808231142, 42.9664906594 ], [ -83.8083272422, 42.9665692069 ], [ -83.8083851879, 42.9666389427 ], [ -83.8084484824, 42.9667128177 ], [ -83.8084890822, 42.9668064337 ], [ -83.8085184097, 42.966907903 ], [ -83.8085127444, 42.9669828171 ], [ -83.8085106795, 42.9669993478 ], [ -83.8084189372, 42.9672288555 ], [ -83.8082934728, 42.9673555755 ], [ -83.8081080313, 42.9674690249 ], [ -83.8078354411, 42.9675606029 ], [ -83.8075433473, 42.9675831896 ], [ -83.8073267179, 42.9675587966 ], [ -83.8071499252, 42.9674766966 ], [ -83.8069167025, 42.9673288265 ], [ -83.8063488855, 42.9666438459 ] ] } },
{ "type": "Feature", "properties": { "PR": "0762801", "Aadt": 3765, "AadtCommercial": 110, "FacilityType": 2, "Year": "2024", "LocationId": "44-5004" }, "geometry": { "type": "LineString", "coordinates": [ [ -83.4036473952, 42.9542061078 ], [ -83.4024388101, 42.9542152416 ], [ -83.3986147706, 42.9542910619 ], [ -83.3976526638, 42.9543018571 ], [ -83.3963140325, 42.9543168251 ], [ -83.3875287472, 42.9544422713 ], [ -83.3831981651, 42.9545454559 ], [ -83.3790404314, 42.954597531 ], [ -83.3741014733, 42.9547208831 ], [ -83.3711381929, 42.9547992195 ], [ -83.3690364074, 42.9548593845 ], [ -83.3667341866, 42.954891277 ], [ -83.3638005728, 42.9549692545 ], [ -83.3628400469, 42.9549885592 ], [ -83.36000672, 42.9550252367 ], [ -83.3592937009, 42.9549862829 ], [ -83.357127852, 42.9550031343 ], [ -83.352468671, 42.9551084934 ], [ -83.3514542519, 42.9551271524 ], [ -83.3481365523, 42.9551967193 ], [ -83.3395545335, 42.9553357532 ] ] } },
{ "type": "Feature", "properties": { "PR": "0649504", "Aadt": 5646, "AadtCommercial": 159, "FacilityType": 2, "Year": "2024", "LocationId": "63-5222" }, "geometry": { "type": "LineString", "coordinates": [ [ -83.5720444382, 42.8154382777 ], [ -83.5698793044, 42.8154950013 ], [ -83.5695572678, 42.8154977547 ], [ -83.569169882, 42.8155052931 ], [ -83.5675495792, 42.8155615725 ], [ -83.5673022748, 42.8155674487 ], [ -83.5657445482, 42.8156212634 ], [ -83.5630517915, 42.8157015585 ], [ -83.562821653, 42.8156965958 ], [ -83.5626062929, 42.8156746477 ], [ -83.5624011515, 42.8156321557 ], [ -83.5622250168, 42.8155695251 ], [ -83.5620445979, 42.8154964195 ], [ -83.5618697035, 42.8154026689 ], [ -83.5613607602, 42.8150802263 ], [ -83.5612134945, 42.8150009134 ], [ -83.561014291, 42.8149274007 ], [ -83.5608380209, 42.8148682253 ], [ -83.5606189307, 42.8148219688 ], [ -83.5604339366, 42.8147893491 ], [ -83.5602929559, 42.8147684652 ], [ -83.5600675843, 42.8147785369 ], [ -83.5599010418, 42.8148010734 ], [ -83.5596511577, 42.8148668287 ], [ -83.5593779141, 42.8149618803 ], [ -83.5588044352, 42.8152949711 ], [ -83.5586320388, 42.8154047427 ], [ -83.5582805619, 42.8155754603 ], [ -83.5579411889, 42.8156994406 ], [ -83.5575588971, 42.8157814574 ], [ -83.5571569413, 42.8157973905 ], [ -83.554557493, 42.8158478674 ], [ -83.5496359162, 42.8159902055 ], [ -83.5474042269, 42.8160240591 ], [ -83.5431520239, 42.8161113209 ], [ -83.5431208887, 42.8161122098 ], [ -83.5407431491, 42.8161800805 ], [ -83.5405193977, 42.8161998327 ], [ -83.5403061282, 42.8162362272 ], [ -83.5401134884, 42.8163141063 ], [ -83.5399671701, 42.8164132987 ], [ -83.5398598891, 42.8165219698 ], [ -83.5397527342, 42.8166919852 ], [ -83.5397009384, 42.8168714131 ], [ -83.5397003775, 42.8170056843 ], [ -83.5397521526, 42.819033512 ], [ -83.5398022081, 42.8225382053 ], [ -83.5398126126, 42.8233986304 ], [ -83.5398552819, 42.8269284129 ], [ -83.5399039766, 42.8288427348 ], [ -83.5399615635, 42.8299099658 ], [ -83.5399711847, 42.8306118797 ], [ -83.5391088646, 42.8306358479 ], [ -83.5335582432, 42.8307717874 ], [ -83.5300312072, 42.8308095002 ], [ -83.5280639684, 42.8308370124 ], [ -83.5263406689, 42.8308710113 ], [ -83.5202098133, 42.8310294888 ], [ -83.5152899759, 42.8311135354 ], [ -83.5103814796, 42.8312734112 ], [ -83.504609303, 42.8314169505 ], [ -83.5030639058, 42.8314541133 ], [ -83.5005763428, 42.8315081964 ], [ -83.4956742145, 42.8316401365 ], [ -83.4907494954, 42.8317912219 ], [ -83.4859988938, 42.8318946601 ], [ -83.4806998582, 42.8320069715 ], [ -83.4803036164, 42.8320139083 ], [ -83.4775007996, 42.832062937 ], [ -83.4772816821, 42.8320810116 ], [ -83.4770613041, 42.8321296719 ], [ -83.4768188898, 42.8322084547 ], [ -83.4748652177, 42.8328925529 ], [ -83.4714292345, 42.834179152 ], [ -83.4693383015, 42.8350721812 ], [ -83.468048646, 42.8355790761 ], [ -83.466964579, 42.8359818478 ], [ -83.4645850641, 42.836800014 ], [ -83.4644334627, 42.8368521375 ], [ -83.4643882307, 42.8368714385 ], [ -83.4639207575, 42.8370709133 ], [ -83.463569975, 42.8372543893 ], [ -83.4632594858, 42.8374693819 ], [ -83.4628329672, 42.8377999746 ], [ -83.4624274797, 42.8382237363 ], [ -83.4622618122, 42.8384572809 ], [ -83.4620948779, 42.8387214121 ], [ -83.4619928145, 42.8389257686 ], [ -83.4619108995, 42.8391458854 ], [ -83.4618393735, 42.8393662335 ], [ -83.4618201147, 42.839580101 ], [ -83.4618052301, 42.8399394855 ], [ -83.4618201751, 42.8413805048 ], [ -83.4618995377, 42.8431867108 ], [ -83.4621737502, 42.8499337944 ], [ -83.4622011339, 42.8504706901 ], [ -83.4621917662, 42.8509463114 ], [ -83.462139109, 42.8512130042 ], [ -83.4620139918, 42.8514289392 ], [ -83.4618756713, 42.8515818063 ], [ -83.4617015083, 42.8517309261 ], [ -83.4614357233, 42.8518707392 ], [ -83.4594171584, 42.8526367144 ], [ -83.459049297, 42.8527279518 ], [ -83.4587456926, 42.8527747092 ], [ -83.4583284029, 42.8528036049 ], [ -83.4572258431, 42.8528017979 ], [ -83.4540035266, 42.8527446574 ], [ -83.4521993234, 42.8527306148 ] ] } },
{ "type": "Feature", "properties": { "PR": "0756602", "Aadt": 769, "AadtCommercial": null, "FacilityType": 4, "Year": "2024", "LocationId": "44-0053" }, "geometry": { "type": "LineString", "coordinates": [ [ -83.4324470294, 43.0153773609 ], [ -83.4333710247, 43.0153901485 ], [ -83.4338476092, 43.015415854 ], [ -83.4343729904, 43.0154834429 ], [ -83.4346862697, 43.0155317872 ], [ -83.4350483489, 43.0156220167 ], [ -83.4353596623, 43.0157110955 ], [ -83.4356303622, 43.0157992556 ], [ -83.4359302713, 43.0159179061 ], [ -83.4361738661, 43.0160464678 ], [ -83.4362877544, 43.0161204756 ], [ -83.436433076, 43.016210131 ], [ -83.4368607219, 43.0164904251 ], [ -83.4374747827, 43.0168785741 ], [ -83.4377865, 43.0170545195 ], [ -83.4380571764, 43.0171489259 ], [ -83.4383091226, 43.0171910869 ], [ -83.4391150557, 43.0172457647 ], [ -83.4393108172, 43.0172697174 ] ] } },
{ "type": "Feature", "properties": { "PR": "1523508", "Aadt": 3688, "AadtCommercial": 103, "FacilityType": 2, "Year": "2024", "LocationId": "25-6718" }, "geometry": { "type": "LineString", "coordinates": [ [ -83.7036778525, 43.0312573124 ], [ -83.7035486001, 43.0313216903 ], [ -83.7034055566, 43.031405883 ], [ -83.7033655604, 43.0314352991 ], [ -83.7033295259, 43.0314676943 ], [ -83.7032989414, 43.0314991948 ], [ -83.7032740298, 43.0315316013 ], [ -83.7032489079, 43.0315697479 ], [ -83.7024896892, 43.0324184771 ], [ -83.7021616257, 43.0328737137 ], [ -83.7018245096, 43.0332876942 ], [ -83.7011567131, 43.0341244683 ], [ -83.7005229324, 43.0349907008 ], [ -83.6998538444, 43.0358248055 ] ] } },
{ "type": "Feature", "properties": { "PR": "3252697", "Aadt": 1279, "AadtCommercial": 37, "FacilityType": 2, "Year": "2024", "LocationId": "25-7013" }, "geometry": { "type": "LineString", "coordinates": [ [ -83.6744654022, 43.0904509007 ], [ -83.6720481145, 43.090451687 ], [ -83.6683620641, 43.0904807863 ], [ -83.6677495142, 43.0905040749 ], [ -83.6666204592, 43.0905199903 ], [ -83.6576048908, 43.0909152139 ], [ -83.6566482671, 43.0909770349 ], [ -83.6564244022, 43.0909797708 ] ] } },
{ "type": "Feature", "properties": { "PR": "1519303", "Aadt": 3521, "AadtCommercial": 101, "FacilityType": 2, "Year": "2024", "LocationId": "25-0467" }, "geometry": { "type": "LineString", "coordinates": [ [ -83.8313607601, 42.941816869 ], [ -83.8314639267, 42.9446036907 ], [ -83.831735675, 42.9493814468 ], [ -83.8317843568, 42.9518459649 ], [ -83.8317875236, 42.9522275258 ], [ -83.8317812387, 42.9527992 ], [ -83.831798224, 42.953179709 ], [ -83.8318480497, 42.9537082622 ], [ -83.8318536269, 42.9542090879 ], [ -83.8319023029, 42.9555007266 ], [ -83.8318498102, 42.9556472785 ], [ -83.8317230483, 42.9559832186 ], [ -83.8317017435, 42.9560005425 ] ] } },
{ "type": "Feature", "properties": { "PR": "1494507", "Aadt": 1687, "AadtCommercial": 49, "FacilityType": 2, "Year": "2024", "LocationId": "25-5119" }, "geometry": { "type": "LineString", "coordinates": [ [ -83.9032757373, 43.2050078269 ], [ -83.8998281892, 43.2050515939 ], [ -83.8933434807, 43.2051177965 ] ] } },
{ "type": "Feature", "properties": { "PR": "1497804", "Aadt": 64604, "AadtCommercial": 5096, "FacilityType": 2, "Year": "2024", "LocationId": "25-6119" }, "geometry": { "type": "LineString", "coordinates": [ [ -83.7686131994, 43.1775924954 ], [ -83.7686154621, 43.1777172067 ], [ -83.7686553445, 43.1818175811 ], [ -83.7686555777, 43.1831748142 ], [ -83.7686767935, 43.1846021327 ], [ -83.7687304001, 43.1883888669 ], [ -83.7687744731, 43.191797862 ], [ -83.7688586572, 43.1992600317 ], [ -83.7688695546, 43.1995784778 ], [ -83.7688664112, 43.2062985548 ], [ -83.7688620735, 43.20680282 ], [ -83.7688625853, 43.2135232605 ], [ -83.768847374, 43.2162713486 ], [ -83.7688574638, 43.2212969639 ] ] } },
{ "type": "Feature", "properties": { "PR": "3251558", "Aadt": 8138, "AadtCommercial": 227, "FacilityType": 2, "Year": "2024", "LocationId": "25-5176" }, "geometry": { "type": "LineString", "coordinates": [ [ -83.7826148451, 42.8258305517 ], [ -83.7826825039, 42.8285866281 ], [ -83.7827060964, 42.8295286253 ], [ -83.782725779, 42.829851612 ], [ -83.7827552045, 42.8304865074 ], [ -83.782753266, 42.8307157517 ], [ -83.7827779943, 42.8312944171 ], [ -83.7828186893, 42.8322466485 ], [ -83.7828336925, 42.8331983977 ] ] } },
{ "type": "Feature", "properties": { "PR": "1497102", "Aadt": 10099, "AadtCommercial": 272, "FacilityType": 2, "Year": "2024", "LocationId": "25-6833" }, "geometry": { "type": "LineString", "coordinates": [ [ -83.694320456, 43.1048159041 ], [ -83.6943259294, 43.105634968 ], [ -83.6943383562, 43.1058872528 ], [ -83.6943187146, 43.1064228067 ], [ -83.694332848, 43.1068535946 ], [ -83.6943449364, 43.1072169351 ], [ -83.6943516264, 43.1078219411 ], [ -83.6943502083, 43.1080198823 ], [ -83.6943462166, 43.10875293 ], [ -83.6943177732, 43.1096563843 ], [ -83.6943252801, 43.1097681022 ], [ -83.6943594942, 43.1107840123 ], [ -83.6943639209, 43.1114190656 ], [ -83.6943646592, 43.1115177656 ], [ -83.6943673253, 43.1118743653 ], [ -83.6943545459, 43.1122288444 ], [ -83.6943545739, 43.1122329687 ], [ -83.6943557594, 43.1124066643 ], [ -83.6943602981, 43.1128253426 ], [ -83.6943466605, 43.1135580075 ], [ -83.694324135, 43.113972466 ], [ -83.6943465574, 43.1143500267 ], [ -83.6943948732, 43.1153079499 ], [ -83.6943644414, 43.1161769051 ], [ -83.6943677174, 43.116519299 ], [ -83.6943777391, 43.1167923761 ], [ -83.6943923145, 43.1172598206 ], [ -83.6943961414, 43.1177109477 ], [ -83.694391542, 43.1181338307 ], [ -83.6943977296, 43.1183546923 ], [ -83.694389141, 43.1185908535 ], [ -83.694418618, 43.1193437579 ] ] } },
{ "type": "Feature", "properties": { "PR": "1502701", "Aadt": 3131, "AadtCommercial": null, "FacilityType": 4, "Year": "2024", "LocationId": "25-4040" }, "geometry": { "type": "LineString", "coordinates": [ [ -83.6830188255, 43.0147175302 ], [ -83.6823909095, 43.0137646743 ], [ -83.6818944837, 43.0131494609 ], [ -83.6815213956, 43.0126914244 ], [ -83.680519529, 43.011620001 ], [ -83.6802474769, 43.0113283748 ], [ -83.6797965403, 43.0107333034 ] ] } },
{ "type": "Feature", "properties": { "PR": "1520305", "Aadt": 13622, "AadtCommercial": 382, "FacilityType": 2, "Year": "2024", "LocationId": "25-7070" }, "geometry": { "type": "LineString", "coordinates": [ [ -83.6159579595, 43.0512581522 ], [ -83.6158604913, 43.0520497113 ], [ -83.6158487988, 43.0525602946 ], [ -83.6161264402, 43.054153359 ], [ -83.6161994173, 43.056310717 ], [ -83.6162172602, 43.0570392244 ], [ -83.6162596594, 43.0577762069 ], [ -83.6162635497, 43.0590482351 ], [ -83.6162776706, 43.0595717503 ], [ -83.6162816648, 43.0603255509 ], [ -83.6163272429, 43.0614376959 ], [ -83.6163684345, 43.0626407196 ], [ -83.6164048477, 43.0648709261 ], [ -83.6164733792, 43.0661347783 ], [ -83.6164933626, 43.0672747273 ], [ -83.6165247921, 43.0684346433 ], [ -83.6165732584, 43.0695223531 ], [ -83.6165727629, 43.0705962924 ], [ -83.6166373892, 43.0724637625 ], [ -83.6166360239, 43.0726961584 ], [ -83.6167278697, 43.0752543565 ], [ -83.6167524536, 43.0760103636 ], [ -83.6167875827, 43.0770906292 ], [ -83.6168067697, 43.0781999321 ], [ -83.6168256852, 43.0786038301 ], [ -83.6168716396, 43.0801255811 ], [ -83.6169277281, 43.0842088886 ] ] } },
{ "type": "Feature", "properties": { "PR": "3250630", "Aadt": 746, "AadtCommercial": 22, "FacilityType": 2, "Year": "2024", "LocationId": "25-5539" }, "geometry": { "type": "LineString", "coordinates": [ [ -83.6882544396, 43.0431628385 ], [ -83.6878780943, 43.0432883947 ], [ -83.6876653098, 43.0434556483 ], [ -83.6874338008, 43.0436810658 ], [ -83.6873364595, 43.0437800185 ], [ -83.6872880128, 43.0438721666 ], [ -83.6872571868, 43.0446336486 ], [ -83.6872484122, 43.0454047852 ], [ -83.6872625331, 43.0461705479 ], [ -83.6872835075, 43.0469370548 ], [ -83.687285659, 43.0476798836 ], [ -83.6872626486, 43.0484367252 ], [ -83.6873013902, 43.0491868563 ], [ -83.6872765573, 43.050100346 ], [ -83.6872990396, 43.0508574373 ], [ -83.6873178847, 43.0516299388 ], [ -83.6873391762, 43.0523568652 ], [ -83.6873344524, 43.0531265031 ], [ -83.6873706731, 43.0539563032 ], [ -83.687437263, 43.0558989639 ], [ -83.6874697951, 43.0576095632 ], [ -83.6875009292, 43.0583317253 ], [ -83.6875209103, 43.0590377353 ], [ -83.6875360025, 43.0597311984 ], [ -83.6875272926, 43.0604556944 ], [ -83.6875458068, 43.0611836794 ] ] } },
{ "type": "Feature", "properties": { "PR": "0268602", "Aadt": 938, "AadtCommercial": 28, "FacilityType": 2, "Year": "2024", "LocationId": "79-5021" }, "geometry": { "type": "LineString", "coordinates": [ [ -83.4315576561, 43.2334629033 ], [ -83.4316055924, 43.234073299 ], [ -83.4316476206, 43.2343993135 ], [ -83.431693007, 43.2346972435 ], [ -83.4318846259, 43.235283721 ], [ -83.4320522063, 43.2356765846 ], [ -83.4322479304, 43.2361299414 ], [ -83.4324538743, 43.2365713891 ], [ -83.4328092123, 43.2373880193 ], [ -83.4331805309, 43.238275965 ], [ -83.433300168, 43.2385929206 ], [ -83.4333715296, 43.238841445 ], [ -83.4334029431, 43.2390666206 ], [ -83.4333892512, 43.239459389 ], [ -83.4333618453, 43.2399568779 ], [ -83.4333419081, 43.2403188019 ], [ -83.4333222313, 43.2407575938 ], [ -83.4332615634, 43.241970933 ], [ -83.4332386556, 43.2424672937 ], [ -83.4331969156, 43.2427282259 ], [ -83.4331356745, 43.2429662707 ], [ -83.433061994, 43.2432564094 ], [ -83.4329589035, 43.2435159547 ], [ -83.4328024716, 43.24382667 ], [ -83.4326144152, 43.2441591158 ], [ -83.4317615696, 43.2455885096 ], [ -83.4316659859, 43.2457951015 ], [ -83.4315804347, 43.2460060189 ], [ -83.4314855956, 43.2463156842 ], [ -83.4314377127, 43.2466021383 ], [ -83.4314215814, 43.2469229186 ], [ -83.4314320098, 43.247984343 ], [ -83.4315094096, 43.2500414046 ], [ -83.431551145, 43.2515557457 ], [ -83.4318000568, 43.2588827487 ], [ -83.4319456567, 43.2625210405 ], [ -83.4320674918, 43.2661668349 ], [ -83.4322121451, 43.270887088 ], [ -83.4322373098, 43.2713346198 ], [ -83.4323130075, 43.2734132783 ], [ -83.432395216, 43.2770269042 ] ] } },
{ "type": "Feature", "properties": { "PR": "1495405", "Aadt": 2230, "AadtCommercial": null, "FacilityType": 4, "Year": "2024", "LocationId": "25-4082" }, "geometry": { "type": "LineString", "coordinates": [ [ -83.6799703642, 43.0103572632 ], [ -83.6803622397, 43.0104198686 ], [ -83.6808463414, 43.0103641019 ], [ -83.6815316939, 43.0102669798 ], [ -83.6821425145, 43.0101380098 ], [ -83.6825805656, 43.0100257098 ], [ -83.6832458644, 43.0098056919 ], [ -83.6843590864, 43.0092664004 ] ] } },
{ "type": "Feature", "properties": { "PR": "1496104", "Aadt": 15144, "AadtCommercial": 234, "FacilityType": 2, "Year": "2024", "LocationId": "25-5588" }, "geometry": { "type": "LineString", "coordinates": [ [ -83.7340493257, 43.0162783807 ], [ -83.7342481649, 43.0167436981 ], [ -83.7345067337, 43.0172569628 ], [ -83.7345945189, 43.0175335154 ], [ -83.7347813032, 43.0181979052 ], [ -83.7347839222, 43.0184445207 ], [ -83.7347075504, 43.018754439 ], [ -83.7343939828, 43.019418638 ], [ -83.7339609042, 43.020230634 ], [ -83.7336128201, 43.0208965365 ], [ -83.7332539369, 43.0215609613 ], [ -83.7328982933, 43.0222265002 ], [ -83.7325540659, 43.0229012026 ], [ -83.7322254004, 43.0235622294 ], [ -83.7317350987, 43.0244738524 ], [ -83.7311722854, 43.0254669239 ], [ -83.730770137, 43.026165621 ], [ -83.7303976497, 43.0268453817 ], [ -83.730001155, 43.0275270359 ], [ -83.7296092225, 43.0281954828 ], [ -83.7292352377, 43.0288390837 ], [ -83.7288663113, 43.0295171175 ], [ -83.7284900191, 43.0301765586 ], [ -83.7280840959, 43.0308886786 ], [ -83.7276950141, 43.0315668822 ], [ -83.7272793854, 43.0322919657 ], [ -83.7268603696, 43.0329868314 ], [ -83.7265047139, 43.0336494874 ], [ -83.7263426593, 43.03396872 ], [ -83.7262204274, 43.0342528599 ], [ -83.7261438416, 43.0345656152 ] ] } },
{ "type": "Feature", "properties": { "PR": "1498001", "Aadt": 10919, "AadtCommercial": null, "FacilityType": 4, "Year": "2024", "LocationId": "25-0185" }, "geometry": { "type": "LineString", "coordinates": [ [ -83.7366852521, 42.9885430411 ], [ -83.7379196794, 42.9900094702 ] ] } },
{ "type": "Feature", "properties": { "PR": "1494005", "Aadt": 71189, "AadtCommercial": 9895, "FacilityType": 2, "Year": "2024", "LocationId": "25-4668" }, "geometry": { "type": "LineString", "coordinates": [ [ -83.6542962047, 43.011971046 ], [ -83.6534987898, 43.0120246896 ], [ -83.6507440729, 43.0121776837 ], [ -83.6500634965, 43.0122151774 ], [ -83.6494963389, 43.0122495879 ], [ -83.6484726647, 43.0123225828 ], [ -83.6473392935, 43.0124059069 ], [ -83.6459458247, 43.0125622177 ], [ -83.6444642443, 43.0127864408 ], [ -83.6430602592, 43.0130059442 ], [ -83.6419753871, 43.0131947359 ], [ -83.6392476892, 43.013585325 ], [ -83.638558066, 43.0136637397 ], [ -83.6379327384, 43.0137148184 ], [ -83.6370043897, 43.0137681183 ], [ -83.6359372861, 43.0137802613 ], [ -83.6347150954, 43.013806653 ] ] } },
{ "type": "Feature", "properties": { "PR": "1503010", "Aadt": 5967, "AadtCommercial": null, "FacilityType": 4, "Year": "2024", "LocationId": "25-0589" }, "geometry": { "type": "LineString", "coordinates": [ [ -83.7229598306, 42.9440373513 ], [ -83.7233628119, 42.9447759199 ], [ -83.7235643206, 42.9451124716 ], [ -83.7236681522, 42.9453284439 ], [ -83.7237264513, 42.9455114237 ], [ -83.723873985, 42.9460332331 ] ] } },
{ "type": "Feature", "properties": { "PR": "3251558", "Aadt": 4745, "AadtCommercial": 133, "FacilityType": 2, "Year": "2024", "LocationId": "25-5209" }, "geometry": { "type": "LineString", "coordinates": [ [ -83.7689984125, 42.884759219 ], [ -83.7692550216, 42.8912507483 ], [ -83.7693878969, 42.8950022541 ], [ -83.7695422444, 42.8994514854 ], [ -83.7698061329, 42.906744747 ], [ -83.7699030562, 42.9093648548 ], [ -83.7699694907, 42.9114128539 ], [ -83.7700720189, 42.9136083605 ], [ -83.7700297477, 42.9138934099 ], [ -83.7700259966, 42.9139162161 ], [ -83.7700204052, 42.9139361268 ], [ -83.7700129224, 42.9139545689 ], [ -83.770001473, 42.9139750784 ], [ -83.7699631472, 42.9140237109 ], [ -83.7699221188, 42.9140705686 ], [ -83.7699148084, 42.9140820428 ], [ -83.7699082447, 42.9140953198 ], [ -83.769903715, 42.9141083388 ], [ -83.7699011687, 42.9141225887 ], [ -83.7699014779, 42.9141362995 ], [ -83.7699035213, 42.9141483312 ] ] } },
{ "type": "Feature", "properties": { "PR": "1523003", "Aadt": 3452, "AadtCommercial": 95, "FacilityType": 2, "Year": "2024", "LocationId": "25-5114" }, "geometry": { "type": "LineString", "coordinates": [ [ -83.9298188834, 42.9499818984 ], [ -83.9281087009, 42.9516247593 ], [ -83.9265976624, 42.9531465754 ], [ -83.9257693398, 42.953935923 ], [ -83.9252840855, 42.9543260186 ], [ -83.9248001612, 42.9546768886 ], [ -83.9242134391, 42.9550389495 ], [ -83.9235424981, 42.9553896478 ], [ -83.9229722323, 42.955660429 ], [ -83.922182468, 42.9559696867 ], [ -83.921219705, 42.956259402 ], [ -83.920496464, 42.9564455907 ], [ -83.9192089759, 42.9566868984 ] ] } },
{ "type": "Feature", "properties": { "PR": "3251558", "Aadt": 8615, "AadtCommercial": 242, "FacilityType": 2, "Year": "2024", "LocationId": "25-5178" }, "geometry": { "type": "LineString", "coordinates": [ [ -83.7819503079, 42.8073896183 ], [ -83.7819978704, 42.8089805821 ], [ -83.7819989077, 42.8090982768 ], [ -83.7821007321, 42.8112661013 ], [ -83.7821296959, 42.8117255219 ], [ -83.7823011912, 42.8138326716 ] ] } },
{ "type": "Feature", "properties": { "PR": "1519809", "Aadt": 21768, "AadtCommercial": 492, "FacilityType": 2, "Year": "2024", "LocationId": "25-5319" }, "geometry": { "type": "LineString", "coordinates": [ [ -83.7230179554, 42.9440358899 ], [ -83.7229598306, 42.9440373513 ], [ -83.7219792897, 42.9440420008 ], [ -83.7208401007, 42.9440632063 ], [ -83.7180165902, 42.9441126982 ], [ -83.7170819557, 42.9441290656 ], [ -83.7147821417, 42.944146145 ], [ -83.7144417541, 42.9441521664 ], [ -83.7134134041, 42.9441655509 ], [ -83.7129360564, 42.9441918223 ], [ -83.7127456082, 42.9441942427 ], [ -83.7121616002, 42.9441976643 ], [ -83.7115962782, 42.944210089 ], [ -83.7095508857, 42.9442400618 ], [ -83.7043833937, 42.9442671989 ], [ -83.7011458591, 42.9442780335 ], [ -83.6920982903, 42.9442129201 ], [ -83.6918187479, 42.9441663466 ], [ -83.6857708269, 42.9440837929 ], [ -83.685286948, 42.9440842745 ], [ -83.6841562059, 42.944092835 ], [ -83.6829342758, 42.9440850301 ], [ -83.6818356152, 42.9440531654 ] ] } },
{ "type": "Feature", "properties": { "PR": "0761309", "Aadt": 1391, "AadtCommercial": 40, "FacilityType": 2, "Year": "2024", "LocationId": "44-5052" }, "geometry": { "type": "LineString", "coordinates": [ [ -83.4092576832, 43.0055587868 ], [ -83.4025300026, 43.0056888147 ], [ -83.398262754, 43.0057787749 ], [ -83.3911507724, 43.0058928028 ], [ -83.3905152181, 43.0059065894 ], [ -83.3899778973, 43.0059127013 ], [ -83.3890849918, 43.0059201054 ], [ -83.3841134567, 43.0060118095 ], [ -83.3798514743, 43.0060831705 ], [ -83.3796430323, 43.0060777668 ], [ -83.3761203017, 43.0061457541 ], [ -83.3750017996, 43.00615943 ] ] } },
{ "type": "Feature", "properties": { "PR": "3251558", "Aadt": 7121, "AadtCommercial": 199, "FacilityType": 2, "Year": "2024", "LocationId": "25-5185" }, "geometry": { "type": "LineString", "coordinates": [ [ -83.7823011912, 42.8138326716 ], [ -83.782313756, 42.8147773635 ] ] } },
{ "type": "Feature", "properties": { "PR": "1509803", "Aadt": 4456, "AadtCommercial": 127, "FacilityType": 2, "Year": "2024", "LocationId": "25-5172" }, "geometry": { "type": "LineString", "coordinates": [ [ -83.8345004791, 42.7971020529 ], [ -83.8351272914, 42.7985536557 ], [ -83.8363978523, 42.801495863 ], [ -83.8374233628, 42.8040183947 ], [ -83.8380655857, 42.8055350995 ], [ -83.8383611727, 42.806092276 ], [ -83.8385407136, 42.806334556 ], [ -83.8387492825, 42.8065075233 ], [ -83.8389509389, 42.8066902955 ], [ -83.8391437918, 42.8068384303 ], [ -83.8395981294, 42.8071235501 ], [ -83.8399150133, 42.8072807015 ], [ -83.8400486642, 42.8073625849 ] ] } },
{ "type": "Feature", "properties": { "PR": "3250181", "Aadt": 2619, "AadtCommercial": 77, "FacilityType": 2, "Year": "2024", "LocationId": "25-0057" }, "geometry": { "type": "LineString", "coordinates": [ [ -83.8312487638, 43.000785923 ], [ -83.8312837156, 43.0032661071 ], [ -83.8313111818, 43.0042631673 ], [ -83.8314324238, 43.0085970848 ], [ -83.8316150509, 43.0153830098 ], [ -83.8317025419, 43.0173629178 ], [ -83.8317198857, 43.0188358028 ], [ -83.8318586983, 43.023478197 ], [ -83.8319018674, 43.0263211732 ], [ -83.8319635978, 43.0303862735 ], [ -83.8320304258, 43.0340925959 ], [ -83.8321088873, 43.0364198341 ], [ -83.8321469476, 43.03864174 ], [ -83.8322302907, 43.0413338384 ], [ -83.8323261285, 43.045353207 ], [ -83.8323281152, 43.0454467624 ] ] } },
{ "type": "Feature", "properties": { "PR": "1501502", "Aadt": 5889, "AadtCommercial": 200, "FacilityType": 2, "Year": "2024", "LocationId": "25-0020" }, "geometry": { "type": "LineString", "coordinates": [ [ -83.5243789254, 43.1662600994 ], [ -83.5244541312, 43.1664735817 ], [ -83.5244988561, 43.1666850493 ], [ -83.5245304326, 43.1669833037 ], [ -83.524541947, 43.1672002737 ], [ -83.524581486, 43.168011729 ], [ -83.5245930418, 43.1684291808 ], [ -83.5246477342, 43.1696079606 ], [ -83.5246560987, 43.1700940447 ], [ -83.5246386963, 43.1703840713 ], [ -83.5245996722, 43.1707247539 ], [ -83.5245369755, 43.1709606196 ], [ -83.5244156664, 43.1713375268 ], [ -83.5241431581, 43.1718607698 ], [ -83.5240075296, 43.1720698393 ], [ -83.5238513157, 43.1722762965 ], [ -83.5236829341, 43.1724911418 ], [ -83.5234698973, 43.1727136657 ], [ -83.5232606925, 43.1729146379 ], [ -83.5230011171, 43.1731417505 ], [ -83.5226236918, 43.1734034301 ], [ -83.5215864582, 43.1742097744 ], [ -83.521316488, 43.1744516155 ], [ -83.5211830702, 43.1745777856 ], [ -83.5210460756, 43.1747295561 ], [ -83.5209111477, 43.1748886356 ], [ -83.5207682556, 43.1750772262 ], [ -83.5203599481, 43.1757218756 ], [ -83.5202240658, 43.1761276894 ], [ -83.5201609958, 43.1763207859 ], [ -83.5201229204, 43.176502461 ], [ -83.5200665969, 43.176882772 ], [ -83.5200753263, 43.1814316067 ] ] } },
{ "type": "Feature", "properties": { "PR": "3250724", "Aadt": 935, "AadtCommercial": 27, "FacilityType": 2, "Year": "2024", "LocationId": "25-6966" }, "geometry": { "type": "LineString", "coordinates": [ [ -83.6770615669, 43.042888644 ], [ -83.6765514737, 43.042882794 ], [ -83.6763148441, 43.0428891032 ], [ -83.6759224166, 43.0428861187 ], [ -83.675799644, 43.0428965542 ], [ -83.6752632116, 43.0429133467 ], [ -83.6744168204, 43.0429665517 ], [ -83.6729507313, 43.0429732412 ], [ -83.6729001191, 43.0429734718 ], [ -83.670655141, 43.0430143445 ], [ -83.6681900928, 43.0430484293 ], [ -83.6657102557, 43.0431273365 ], [ -83.6652085853, 43.042936442 ], [ -83.6649337539, 43.042873795 ], [ -83.6646895797, 43.0428335925 ], [ -83.6624323142, 43.0428027543 ], [ -83.6603766127, 43.0427804404 ], [ -83.6577137613, 43.0427459933 ], [ -83.6565326151, 43.0427564827 ] ] } },
{ "type": "Feature", "properties": { "PR": "1497102", "Aadt": 6422, "AadtCommercial": 174, "FacilityType": 2, "Year": "2024", "LocationId": "25-6779" }, "geometry": { "type": "LineString", "coordinates": [ [ -83.6938213057, 43.060974657 ], [ -83.6938229746, 43.0617955243 ], [ -83.693847405, 43.0626532602 ], [ -83.6938542986, 43.0634630126 ], [ -83.6938675239, 43.0642773084 ], [ -83.6938934375, 43.0651279921 ], [ -83.6938897, 43.0655483147 ], [ -83.6938959331, 43.0658153758 ], [ -83.6938933492, 43.0665334141 ], [ -83.693915881, 43.0672502902 ], [ -83.6939215658, 43.0679712386 ], [ -83.6939416193, 43.0687881651 ], [ -83.6939265883, 43.0695245406 ], [ -83.6939606783, 43.0702471733 ], [ -83.693976868, 43.0709773745 ], [ -83.6939833182, 43.0716771902 ], [ -83.6939900709, 43.0724156852 ], [ -83.6940147842, 43.0731284187 ], [ -83.6940084685, 43.073819086 ], [ -83.6940075175, 43.0747003595 ], [ -83.6940431095, 43.0756681141 ], [ -83.6940533146, 43.0765006255 ], [ -83.6940567839, 43.0766925298 ], [ -83.6940548155, 43.0772877934 ], [ -83.694059765, 43.0777109877 ], [ -83.6940687528, 43.0780845997 ], [ -83.6940741071, 43.078696229 ], [ -83.6940825926, 43.0788753884 ], [ -83.6940654857, 43.0796183792 ], [ -83.6940920506, 43.080537559 ], [ -83.6940755858, 43.0814774828 ], [ -83.6940895493, 43.0824029721 ], [ -83.6941315548, 43.0833794516 ], [ -83.6941293013, 43.0844140314 ], [ -83.6941446485, 43.0854598634 ], [ -83.6941495886, 43.086488744 ], [ -83.6941557172, 43.0874041767 ], [ -83.6941798075, 43.0883015883 ], [ -83.6941601926, 43.0887721935 ], [ -83.6941696367, 43.0892608258 ], [ -83.6941741416, 43.0894240915 ], [ -83.6941689061, 43.0895062114 ], [ -83.6941718161, 43.0901901693 ] ] } },
{ "type": "Feature", "properties": { "PR": "0649505", "Aadt": 363, "AadtCommercial": 10, "FacilityType": 2, "Year": "2024", "LocationId": "63-5421" }, "geometry": { "type": "LineString", "coordinates": [ [ -83.6479197306, 42.8132290584 ], [ -83.6441420962, 42.8132738236 ], [ -83.6414691417, 42.8133054243 ], [ -83.6406732293, 42.8133148218 ], [ -83.6390909635, 42.8133334875 ], [ -83.6376133884, 42.8133524229 ] ] } },
{ "type": "Feature", "properties": { "PR": "0553204", "Aadt": 1860, "AadtCommercial": 55, "FacilityType": 2, "Year": "2024", "LocationId": "76-5167" }, "geometry": { "type": "LineString", "coordinates": [ [ -83.9848715067, 42.9180739176 ], [ -83.984895778, 42.9185519829 ], [ -83.98491224, 42.9190932043 ], [ -83.9849580627, 42.9208935707 ], [ -83.9850142783, 42.922877117 ], [ -83.9848618821, 42.9234825532 ], [ -83.9847083065, 42.9237375226 ], [ -83.9843782547, 42.9241695321 ], [ -83.9840761227, 42.924515652 ], [ -83.9836269868, 42.9249885989 ], [ -83.9834767908, 42.9251608137 ], [ -83.9833794, 42.925349294 ] ] } },
{ "type": "Feature", "properties": { "PR": "1506606", "Aadt": 794, "AadtCommercial": 24, "FacilityType": 2, "Year": "2024", "LocationId": "25-5501" }, "geometry": { "type": "LineString", "coordinates": [ [ -83.8525494807, 43.060525234 ], [ -83.8525713491, 43.0617174152 ], [ -83.8526003685, 43.0629811573 ] ] } },
{ "type": "Feature", "properties": { "PR": "0651605", "Aadt": 4174, "AadtCommercial": null, "FacilityType": 4, "Year": "2024", "LocationId": "63-0582" }, "geometry": { "type": "LineString", "coordinates": [ [ -83.568305209, 42.8111521259 ], [ -83.5685244783, 42.8118846405 ], [ -83.5685672206, 42.8121105051 ], [ -83.5685981008, 42.8123984061 ], [ -83.5685900379, 42.8127200755 ], [ -83.5685278434, 42.8131028737 ], [ -83.5683536464, 42.8135836209 ], [ -83.5681167145, 42.8139868828 ], [ -83.5676599213, 42.8145999739 ], [ -83.5675334467, 42.8148256567 ], [ -83.5674589089, 42.8150455361 ], [ -83.5673875565, 42.8153035515 ], [ -83.5673022748, 42.8155674487 ] ] } },
{ "type": "Feature", "properties": { "PR": "1519606", "Aadt": 16656, "AadtCommercial": 467, "FacilityType": 2, "Year": "2024", "LocationId": "25-5333" }, "geometry": { "type": "LineString", "coordinates": [ [ -83.6662636695, 42.9152093773 ], [ -83.6616029811, 42.9152922111 ], [ -83.6603149249, 42.91531507 ], [ -83.6553002418, 42.9154619484 ], [ -83.6527269193, 42.9155264362 ], [ -83.6522367582, 42.9155554893 ], [ -83.6514835805, 42.9155965274 ], [ -83.6507367964, 42.9156714571 ], [ -83.6500730511, 42.9157686634 ], [ -83.6495657928, 42.915869118 ], [ -83.6487821909, 42.9160757593 ], [ -83.6485296341, 42.9161498307 ], [ -83.6483113209, 42.9162191765 ], [ -83.6480763939, 42.9162989014 ], [ -83.6478771986, 42.9163769865 ], [ -83.6477041552, 42.9164496554 ], [ -83.6475555494, 42.916519259 ], [ -83.6474415164, 42.9165752803 ], [ -83.6473290745, 42.9166404905 ], [ -83.6472358053, 42.9166646286 ], [ -83.6472104075, 42.9166715481 ], [ -83.6471820714, 42.9166810882 ], [ -83.6471548584, 42.9166930352 ], [ -83.647119709, 42.9167110733 ], [ -83.6470604543, 42.9167445389 ], [ -83.6469981073, 42.9167804228 ], [ -83.6469451271, 42.9168088744 ], [ -83.6469117759, 42.9168237843 ], [ -83.646880142, 42.9168347448 ], [ -83.6468473505, 42.9168441921 ], [ -83.6468122084, 42.916851505 ], [ -83.6467808152, 42.9168562143 ], [ -83.6467482862, 42.9168588145 ], [ -83.6467158501, 42.9168590331 ], [ -83.6466365048, 42.9168531641 ], [ -83.6465720159, 42.9168468035 ], [ -83.646547737, 42.9168457027 ], [ -83.6465237717, 42.9168469912 ], [ -83.646500941, 42.9168503895 ], [ -83.6464772557, 42.9168558933 ], [ -83.646456736, 42.9168632835 ], [ -83.6464398301, 42.9168711309 ], [ -83.6464241539, 42.916880719 ], [ -83.6463973696, 42.9169001759 ] ] } },
{ "type": "Feature", "properties": { "PR": "1497008", "Aadt": 12181, "AadtCommercial": 682, "FacilityType": 2, "Year": "2024", "LocationId": "25-0572" }, "geometry": { "type": "LineString", "coordinates": [ [ -83.6513775081, 42.9355676532 ], [ -83.6514199414, 42.9372697701 ], [ -83.6514256058, 42.9374274669 ], [ -83.6514534894, 42.9380988523 ], [ -83.6514925592, 42.9386345544 ], [ -83.6515612749, 42.9391752562 ], [ -83.6516149014, 42.9394876589 ], [ -83.6519428412, 42.9410904787 ], [ -83.6522878624, 42.9427422221 ], [ -83.6527098466, 42.9445719108 ], [ -83.6527291007, 42.9451721288 ], [ -83.6527287152, 42.9457801878 ], [ -83.652649156, 42.9464582146 ] ] } },
{ "type": "Feature", "properties": { "PR": "1523109", "Aadt": 3238, "AadtCommercial": 90, "FacilityType": 2, "Year": "2024", "LocationId": "25-6770" }, "geometry": { "type": "LineString", "coordinates": [ [ -83.7339655685, 43.104071863 ], [ -83.7330587861, 43.1040663713 ], [ -83.7289833501, 43.1041397206 ], [ -83.7245320782, 43.1041789856 ], [ -83.7240072404, 43.1041879844 ], [ -83.7141559473, 43.1047600453 ], [ -83.7125566477, 43.1047570673 ], [ -83.7090245903, 43.1047764025 ], [ -83.7086249222, 43.1047683165 ], [ -83.7079688292, 43.1047700978 ] ] } },
{ "type": "Feature", "properties": { "PR": "1520110", "Aadt": 13151, "AadtCommercial": 367, "FacilityType": 2, "Year": "2024", "LocationId": "25-5329" }, "geometry": { "type": "LineString", "coordinates": [ [ -83.7129950147, 42.9810053879 ], [ -83.7131058111, 42.9835211033 ], [ -83.7131730062, 42.9863884434 ], [ -83.71321508, 42.9883207659 ], [ -83.7132370337, 42.9895850764 ], [ -83.7132586089, 42.9901806404 ], [ -83.713306997, 42.9904594975 ] ] } },
{ "type": "Feature", "properties": { "PR": "0651504", "Aadt": 494, "AadtCommercial": 11, "FacilityType": 2, "Year": "2024", "LocationId": "63-5784" }, "geometry": { "type": "LineString", "coordinates": [ [ -83.6102720569, 42.8138651532 ], [ -83.6104900144, 42.814046517 ], [ -83.6106570476, 42.8142230828 ], [ -83.6107592715, 42.8143740522 ], [ -83.6108091634, 42.8144752213 ] ] } },
{ "type": "Feature", "properties": { "PR": "1494107", "Aadt": 3769, "AadtCommercial": 151, "FacilityType": 2, "Year": "2024", "LocationId": "25-0021" }, "geometry": { "type": "LineString", "coordinates": [ [ -83.9285678795, 42.9988891946 ], [ -83.9277825393, 42.9988947633 ], [ -83.9270464914, 42.998905153 ], [ -83.9262737614, 42.9989411468 ], [ -83.9253863072, 42.9990378256 ], [ -83.9245223972, 42.9991595567 ], [ -83.9236571897, 42.9993192162 ], [ -83.922152225, 42.9996616408 ], [ -83.9212051011, 42.9998859825 ], [ -83.9204871538, 43.0000205839 ], [ -83.9197677628, 43.0001333015 ], [ -83.9189804258, 43.0002148272 ], [ -83.9185424239, 43.0002454564 ], [ -83.9175590658, 43.0002795567 ], [ -83.916201155, 43.0002908304 ], [ -83.9102220954, 43.0003176652 ], [ -83.9049478531, 43.0004441748 ], [ -83.900425495, 43.0005551347 ], [ -83.8906076603, 43.0007369516 ], [ -83.890006068, 43.0007395058 ], [ -83.8879845771, 43.0007564071 ], [ -83.8859257364, 43.0007464374 ], [ -83.8834522497, 43.0007304604 ], [ -83.8758270569, 43.0007050145 ], [ -83.8715379156, 43.0007103734 ], [ -83.8708820466, 43.0007109828 ], [ -83.8649002741, 43.0006647758 ], [ -83.8609311751, 43.0006476515 ] ] } },
{ "type": "Feature", "properties": { "PR": "1495804", "Aadt": 4186, "AadtCommercial": 117, "FacilityType": 2, "Year": "2024", "LocationId": "25-5505" }, "geometry": { "type": "LineString", "coordinates": [ [ -83.7826368804, 43.0019290383 ], [ -83.7826987387, 43.0032506945 ], [ -83.7827489674, 43.0062607928 ], [ -83.7827685263, 43.0074711212 ], [ -83.7827701786, 43.0075543308 ], [ -83.7828531327, 43.0107141635 ], [ -83.782864951, 43.0110248272 ], [ -83.7829466434, 43.0152385008 ], [ -83.7829731392, 43.0165613914 ], [ -83.7830088745, 43.0179013486 ], [ -83.7830282971, 43.0184305723 ], [ -83.7830691085, 43.020269649 ], [ -83.7831921733, 43.0238745819 ], [ -83.7832011845, 43.0244702816 ], [ -83.7832713293, 43.0264760173 ], [ -83.7832797441, 43.0270550072 ], [ -83.7833083413, 43.02818408 ], [ -83.7833253343, 43.0293329674 ], [ -83.7834139821, 43.0313508282 ] ] } },
{ "type": "Feature", "properties": { "PR": "1497910", "Aadt": 5454, "AadtCommercial": null, "FacilityType": 4, "Year": "2024", "LocationId": "25-0811" }, "geometry": { "type": "LineString", "coordinates": [ [ -83.7271504673, 42.9791572158 ], [ -83.7282040523, 42.9800056988 ], [ -83.7284827101, 42.9801914862 ] ] } },
{ "type": "Feature", "properties": { "PR": "1512701", "Aadt": 435, "AadtCommercial": 11, "FacilityType": 2, "Year": "2024", "LocationId": "25-5453" }, "geometry": { "type": "LineString", "coordinates": [ [ -83.6366050211, 43.0836977777 ], [ -83.6364300553, 43.0837020422 ], [ -83.63619584, 43.0837071302 ], [ -83.6288475537, 43.083897954 ], [ -83.6244056169, 43.0840204826 ], [ -83.6169277281, 43.0842088886 ] ] } },
{ "type": "Feature", "properties": { "PR": "0552101", "Aadt": 1398, "AadtCommercial": 40, "FacilityType": 2, "Year": "2024", "LocationId": "76-5150" }, "geometry": { "type": "LineString", "coordinates": [ [ -83.9639848108, 42.8235633271 ], [ -83.9564761281, 42.8237318614 ], [ -83.9541195157, 42.8237580575 ], [ -83.9539111262, 42.8237634912 ], [ -83.9491511071, 42.8238875046 ], [ -83.9487792176, 42.8238964552 ], [ -83.9486195376, 42.8238995829 ], [ -83.9458213335, 42.8239406019 ], [ -83.9453874663, 42.8239504898 ], [ -83.9443943116, 42.8239785945 ] ] } },
{ "type": "Feature", "properties": { "PR": "0467302", "Aadt": 5189, "AadtCommercial": 358, "FacilityType": 2, "Year": "2024", "LocationId": "73-0036" }, "geometry": { "type": "LineString", "coordinates": [ [ -84.0998995119, 43.1739680995 ], [ -84.0923726581, 43.1741543193 ], [ -84.0901201404, 43.1742089574 ], [ -84.0842363868, 43.1743439361 ], [ -84.0821000074, 43.17439345 ], [ -84.0788887505, 43.1744738447 ], [ -84.0750636156, 43.1744984268 ], [ -84.0701585781, 43.1745716162 ], [ -84.0699610469, 43.1745752567 ], [ -84.0652293765, 43.1747923693 ], [ -84.0572631461, 43.1751760654 ], [ -84.0558029926, 43.1752377073 ], [ -84.0547505289, 43.1752711492 ], [ -84.0535574039, 43.1752984769 ], [ -84.0523902449, 43.1753004677 ], [ -84.0514250267, 43.1752801555 ], [ -84.0510738153, 43.175270709 ], [ -84.0510718537, 43.1752706671 ], [ -84.0506085252, 43.175260588 ], [ -84.0491923161, 43.1751900031 ], [ -84.0482327199, 43.1751646333 ], [ -84.0465346977, 43.1751474772 ], [ -84.045378887, 43.1751579216 ], [ -84.0435146714, 43.1751990919 ], [ -84.0413476371, 43.175229415 ], [ -84.0410294247, 43.1752334048 ], [ -84.038580328, 43.175269606 ], [ -84.0366398704, 43.175288871 ], [ -84.0294767307, 43.1753859296 ], [ -84.0287332176, 43.1753994651 ], [ -84.0231964432, 43.1754695189 ], [ -84.0200519545, 43.1755102841 ], [ -84.0186291106, 43.1755261103 ], [ -84.0163476379, 43.1755269112 ], [ -84.011816897, 43.1755145127 ], [ -84.0101415071, 43.1755126596 ], [ -84.0089406712, 43.175514897 ], [ -84.0023398978, 43.1756369585 ], [ -83.9965592023, 43.1756876703 ], [ -83.9889970849, 43.1756807351 ], [ -83.9872530794, 43.1756725629 ], [ -83.9819512373, 43.1756484684 ], [ -83.9782148283, 43.1756645076 ], [ -83.9758064625, 43.175719077 ], [ -83.9731090703, 43.1757928567 ], [ -83.9693257022, 43.1758754999 ], [ -83.9604817705, 43.175919269 ], [ -83.955423982, 43.1759807404 ], [ -83.9551672704, 43.1759866069 ], [ -83.949525324, 43.176070736 ], [ -83.9425478574, 43.1761196084 ], [ -83.9313854838, 43.1760892881 ], [ -83.9306285311, 43.1760985484 ] ] } },
{ "type": "Feature", "properties": { "PR": "1526505", "Aadt": 3868, "AadtCommercial": 113, "FacilityType": 2, "Year": "2024", "LocationId": "25-6624" }, "geometry": { "type": "LineString", "coordinates": [ [ -83.7059060767, 43.0226039144 ], [ -83.7054903781, 43.0227348752 ], [ -83.7045526957, 43.0231354777 ], [ -83.7035304159, 43.0235992568 ] ] } },
{ "type": "Feature", "properties": { "PR": "1494005", "Aadt": 58696, "AadtCommercial": 6984, "FacilityType": 2, "Year": "2024", "LocationId": "25-4101" }, "geometry": { "type": "LineString", "coordinates": [ [ -83.7058108789, 42.9969720689 ], [ -83.7052073393, 42.9975533489 ], [ -83.7048135389, 42.9979716569 ], [ -83.7043211105, 42.9984439994 ], [ -83.703635861, 42.9989813257 ], [ -83.7030219805, 42.9994233118 ], [ -83.7024570753, 42.9997709165 ], [ -83.7014940923, 43.000351979 ], [ -83.7009554789, 43.0006184794 ], [ -83.7009323013, 43.0006299475 ], [ -83.7004552639, 43.0008761237 ], [ -83.7002591046, 43.0009768631 ], [ -83.6999325279, 43.0011054347 ], [ -83.6993862064, 43.0013175234 ], [ -83.6988228564, 43.0015185221 ], [ -83.6981570509, 43.0017344299 ], [ -83.6970566175, 43.0020536642 ], [ -83.6965296318, 43.0022112016 ], [ -83.6955595955, 43.0025109808 ], [ -83.6946516416, 43.0027610282 ], [ -83.6938074338, 43.0029420994 ], [ -83.6936893165, 43.0029674337 ], [ -83.693453563, 43.0030318488 ], [ -83.6929575776, 43.0032231098 ], [ -83.6925757439, 43.0033703489 ], [ -83.6922758285, 43.0035162732 ], [ -83.6919285353, 43.0037242987 ], [ -83.6908256403, 43.0044290295 ], [ -83.6904272484, 43.0046701902 ], [ -83.6875213987, 43.0064089822 ], [ -83.6860897436, 43.007248921 ], [ -83.6852704774, 43.0076977536 ], [ -83.6849098905, 43.0079135907 ], [ -83.6837488537, 43.0086993539 ] ] } },
{ "type": "Feature", "properties": { "PR": "1498409", "Aadt": 8269, "AadtCommercial": 231, "FacilityType": 2, "Year": "2024", "LocationId": "25-5374" }, "geometry": { "type": "LineString", "coordinates": [ [ -83.6343408376, 42.9311241913 ], [ -83.6341646899, 42.9312521893 ], [ -83.6341100827, 42.9313620458 ], [ -83.6341126502, 42.9314402094 ], [ -83.6341292347, 42.9315479698 ], [ -83.6342270424, 42.9316645987 ], [ -83.6348097579, 42.9321986995 ], [ -83.6353957238, 42.9326921338 ], [ -83.6354549912, 42.9327509279 ], [ -83.6354796026, 42.932837774 ], [ -83.6354706724, 42.9329239198 ], [ -83.6354119066, 42.9329966897 ], [ -83.6353251896, 42.9330688753 ], [ -83.634905572, 42.9332542628 ], [ -83.634540124, 42.9334332355 ], [ -83.6344679634, 42.933485961 ], [ -83.634372208, 42.933576156 ], [ -83.6342727791, 42.9337611851 ], [ -83.6334626169, 42.9355117794 ], [ -83.6333072766, 42.9358482245 ], [ -83.6327940215, 42.9367471883 ], [ -83.6325300946, 42.9372961378 ], [ -83.6324093061, 42.9375898378 ], [ -83.6323717327, 42.9377356358 ], [ -83.6323405904, 42.9378886587 ], [ -83.6323257393, 42.9380417848 ], [ -83.6323241187, 42.9381782381 ], [ -83.6323605565, 42.9389517625 ], [ -83.632370342, 42.9391517809 ], [ -83.6323785184, 42.9395167403 ], [ -83.6324277204, 42.9404805073 ], [ -83.6327066424, 42.9450138546 ] ] } },
{ "type": "Feature", "properties": { "PR": "1498409", "Aadt": 9196, "AadtCommercial": 257, "FacilityType": 2, "Year": "2024", "LocationId": "25-5351" }, "geometry": { "type": "LineString", "coordinates": [ [ -83.6327066424, 42.9450138546 ], [ -83.6329571698, 42.948586105 ], [ -83.6332543673, 42.9528232855 ], [ -83.6332812299, 42.9540076255 ], [ -83.6333192112, 42.9542039252 ], [ -83.6333714698, 42.9558386797 ], [ -83.6333961074, 42.9577894631 ], [ -83.6333889829, 42.9584521323 ], [ -83.633356893, 42.9587051323 ], [ -83.6333390542, 42.9587909831 ], [ -83.6333066706, 42.9589468424 ], [ -83.6328509162, 42.9604770586 ] ] } },
{ "type": "Feature", "properties": { "PR": "1502802", "Aadt": 6149, "AadtCommercial": 177, "FacilityType": 2, "Year": "2024", "LocationId": "25-5251" }, "geometry": { "type": "LineString", "coordinates": [ [ -83.7282763306, 42.808028322 ], [ -83.7275502848, 42.8089181096 ], [ -83.7273772382, 42.8091919517 ], [ -83.7273141303, 42.8093836855 ], [ -83.7272737403, 42.8096489551 ], [ -83.7272681263, 42.8100119745 ], [ -83.7272839471, 42.8104731504 ], [ -83.72733279, 42.8114868075 ], [ -83.7273738957, 42.8124295379 ], [ -83.7274528072, 42.8146416181 ], [ -83.7274404115, 42.8151019659 ], [ -83.7274909515, 42.8154808339 ], [ -83.7274923661, 42.8155168494 ], [ -83.7275374627, 42.8165582425 ], [ -83.7275490536, 42.8169584612 ], [ -83.7275590625, 42.8173040698 ], [ -83.7275999491, 42.81810117 ], [ -83.7276152183, 42.8183441726 ], [ -83.7276481095, 42.8185798666 ], [ -83.7277078899, 42.8188390936 ], [ -83.7278266386, 42.8191998356 ], [ -83.7286768196, 42.8217452172 ], [ -83.7302927627, 42.8264348507 ], [ -83.730754623, 42.8277750842 ], [ -83.7313594675, 42.8292960598 ], [ -83.7318104637, 42.8303567044 ], [ -83.7321151137, 42.8310686491 ], [ -83.7324675449, 42.8318239639 ] ] } },
{ "type": "Feature", "properties": { "PR": "1844402", "Aadt": 3467, "AadtCommercial": null, "FacilityType": 4, "Year": "2024", "LocationId": "25-0163" }, "geometry": { "type": "LineString", "coordinates": [ [ -83.6738712235, 43.0595411735 ], [ -83.6739885701, 43.0587355197 ], [ -83.6740948199, 43.0583819752 ], [ -83.6742259879, 43.0581231063 ], [ -83.6743575354, 43.0579150828 ], [ -83.6745018656, 43.0576313358 ], [ -83.6746575209, 43.0572845021 ], [ -83.6747142079, 43.0571078023 ], [ -83.6746654657, 43.055246291 ] ] } },
{ "type": "Feature", "properties": { "PR": "3251558", "Aadt": 11564, "AadtCommercial": 325, "FacilityType": 2, "Year": "2024", "LocationId": "25-5182" }, "geometry": { "type": "LineString", "coordinates": [ [ -83.782313756, 42.8147773635 ], [ -83.7823133618, 42.8154986005 ], [ -83.7823231601, 42.815871293 ], [ -83.7823227599, 42.8163506063 ], [ -83.7823694222, 42.8171973615 ], [ -83.7824338127, 42.8183604359 ], [ -83.7825086503, 42.8211793017 ], [ -83.7825530489, 42.8229131486 ], [ -83.7825684684, 42.8233134282 ], [ -83.7825919448, 42.8237635459 ], [ -83.7826148451, 42.8258305517 ] ] } },
{ "type": "Feature", "properties": { "PR": "1503108", "Aadt": 2328, "AadtCommercial": null, "FacilityType": 4, "Year": "2024", "LocationId": "25-1203" }, "geometry": { "type": "LineString", "coordinates": [ [ -83.685286948, 42.9440842745 ], [ -83.6844470523, 42.943942405 ], [ -83.683922016, 42.9438583172 ], [ -83.6834365868, 42.9437169815 ], [ -83.6831417571, 42.9435948266 ], [ -83.6827787107, 42.9434071043 ], [ -83.6824753562, 42.9431808813 ], [ -83.6822787847, 42.9429904588 ], [ -83.6820280886, 42.9426919783 ], [ -83.6818751855, 42.9423374442 ], [ -83.6817956791, 42.9421310864 ], [ -83.6816457962, 42.941153431 ] ] } },
{ "type": "Feature", "properties": { "PR": "3441667", "Aadt": 1277, "AadtCommercial": 36, "FacilityType": 2, "Year": "2024", "LocationId": "44-5060" }, "geometry": { "type": "LineString", "coordinates": [ [ -83.4238588533, 43.0984780167 ], [ -83.4238757091, 43.0987743602 ], [ -83.4240915124, 43.1020613637 ], [ -83.4243213855, 43.1057372716 ], [ -83.424578655, 43.1093137209 ], [ -83.4248373868, 43.1129884979 ] ] } },
{ "type": "Feature", "properties": { "PR": "1524103", "Aadt": 5273, "AadtCommercial": 147, "FacilityType": 2, "Year": "2024", "LocationId": "25-5518" }, "geometry": { "type": "LineString", "coordinates": [ [ -83.7623778842, 43.0290722788 ], [ -83.7620354673, 43.0297879615 ], [ -83.7618979911, 43.0301585695 ], [ -83.7617325088, 43.0305286683 ], [ -83.7612316714, 43.0316665004 ], [ -83.7610810388, 43.0320306389 ], [ -83.760815398, 43.0326566244 ], [ -83.7607305335, 43.0329166226 ], [ -83.7606698433, 43.0333955468 ], [ -83.7606667826, 43.0334197063 ], [ -83.7605852561, 43.0338453839 ], [ -83.7604956807, 43.0340866307 ], [ -83.7603320372, 43.0344222406 ], [ -83.760139024, 43.0348180766 ], [ -83.759959132, 43.0353033995 ] ] } },
{ "type": "Feature", "properties": { "PR": "3250724", "Aadt": 1999, "AadtCommercial": 58, "FacilityType": 2, "Year": "2024", "LocationId": "25-6997" }, "geometry": { "type": "LineString", "coordinates": [ [ -83.6565326151, 43.0427564827 ], [ -83.6555596607, 43.042766735 ], [ -83.6554678466, 43.0427690314 ], [ -83.6543254313, 43.0427053812 ], [ -83.6523283111, 43.0427477313 ], [ -83.6505247295, 43.0427633298 ], [ -83.6455106956, 43.0428042821 ], [ -83.6430494211, 43.0428472665 ], [ -83.640569925, 43.0428773219 ], [ -83.6356159168, 43.0431371965 ] ] } },
{ "type": "Feature", "properties": { "PR": "1495007", "Aadt": 1022, "AadtCommercial": null, "FacilityType": 4, "Year": "2024", "LocationId": "25-4490" }, "geometry": { "type": "LineString", "coordinates": [ [ -83.6542816786, 43.0113701187 ], [ -83.6546615517, 43.0110374962 ], [ -83.6547558699, 43.0109720814 ], [ -83.6548698531, 43.0109257882 ], [ -83.6550241712, 43.0108915581 ], [ -83.6551771944, 43.0108909856 ], [ -83.6553396918, 43.0109093233 ], [ -83.655485749, 43.010957261 ], [ -83.6556005116, 43.0110232644 ], [ -83.6557435502, 43.0111497369 ], [ -83.6557903398, 43.0112592453 ], [ -83.6558013124, 43.0113717538 ], [ -83.6557756074, 43.0115097024 ], [ -83.6556835091, 43.0116500178 ], [ -83.6555366477, 43.0117555151 ], [ -83.6552508713, 43.0119131591 ] ] } },
{ "type": "Feature", "properties": { "PR": "1514701", "Aadt": 82, "AadtCommercial": 2, "FacilityType": 1, "Year": "2024", "LocationId": "25-6703" }, "geometry": { "type": "LineString", "coordinates": [ [ -83.6960444901, 43.0170809956 ], [ -83.6961182731, 43.0171725662 ], [ -83.6968081676, 43.0179961215 ], [ -83.6974384153, 43.0187450144 ], [ -83.6982254974, 43.0196657777 ], [ -83.6989998826, 43.0205667164 ], [ -83.6997953144, 43.0214895646 ], [ -83.7005351976, 43.0224071398 ], [ -83.7013257621, 43.0233078253 ], [ -83.7020833992, 43.0242164848 ], [ -83.7028817977, 43.0251452962 ], [ -83.7036293526, 43.02602709 ], [ -83.7041526633, 43.026702004 ], [ -83.7043920277, 43.0269696498 ], [ -83.705155811, 43.0278916165 ], [ -83.7059429902, 43.028801702 ], [ -83.7065624753, 43.0295118359 ], [ -83.7072303968, 43.0303515151 ], [ -83.7074589003, 43.0307148192 ] ] } },
{ "type": "Feature", "properties": { "PR": "1538006", "Aadt": 326, "AadtCommercial": 9, "FacilityType": 1, "Year": "2024", "LocationId": "25-5541" }, "geometry": { "type": "LineString", "coordinates": [ [ -83.6833799763, 43.0539936503 ], [ -83.6834339565, 43.0559523988 ], [ -83.6834778384, 43.0572302601 ], [ -83.6834638608, 43.0576702287 ] ] } },
{ "type": "Feature", "properties": { "PR": "1496104", "Aadt": 16451, "AadtCommercial": 444, "FacilityType": 2, "Year": "2024", "LocationId": "25-5596" }, "geometry": { "type": "LineString", "coordinates": [ [ -83.7328687286, 42.9923073504 ], [ -83.7328883843, 42.9931772338 ], [ -83.7329709012, 42.9939559952 ], [ -83.7330147347, 42.9947740398 ], [ -83.7330729091, 42.9954178583 ], [ -83.7330952488, 42.99580085 ], [ -83.7331265284, 42.9966153935 ], [ -83.7331377336, 42.997454696 ], [ -83.733180035, 42.9982702869 ], [ -83.7332105487, 42.9990625462 ], [ -83.7332469601, 42.9999031389 ], [ -83.7332975899, 43.0007262063 ], [ -83.7333441109, 43.0015431593 ], [ -83.7333492736, 43.0023652736 ], [ -83.7333312009, 43.0030945706 ], [ -83.7333329319, 43.0031868443 ], [ -83.7333120435, 43.003843809 ], [ -83.733300034, 43.0053343649 ], [ -83.7332872609, 43.0069050022 ], [ -83.7332843757, 43.0073328432 ], [ -83.7333304626, 43.0075968392 ], [ -83.733376043, 43.0077178086 ], [ -83.7334819458, 43.007937034 ], [ -83.7345631621, 43.009321594 ], [ -83.7348272928, 43.0096686106 ], [ -83.7349629701, 43.0099827764 ], [ -83.7349932717, 43.010277528 ], [ -83.7349466836, 43.0105793921 ], [ -83.7348176339, 43.0108796059 ], [ -83.7346281318, 43.0111987795 ], [ -83.7342206261, 43.0118755309 ], [ -83.7339666917, 43.0123635706 ], [ -83.7337882312, 43.0127855501 ], [ -83.733613509, 43.0134595407 ], [ -83.7335770229, 43.0139649132 ], [ -83.733517459, 43.0144568457 ], [ -83.7334945822, 43.0147548594 ], [ -83.7335252004, 43.0150409663 ], [ -83.7336018182, 43.0153582747 ], [ -83.7336611457, 43.0155065355 ], [ -83.7337762634, 43.0158954573 ], [ -83.7340493257, 43.0162783807 ] ] } },
{ "type": "Feature", "properties": { "PR": "0481408", "Aadt": 5365, "AadtCommercial": 358, "FacilityType": 2, "Year": "2024", "LocationId": "73-0064" }, "geometry": { "type": "LineString", "coordinates": [ [ -83.932381166, 43.244413178 ], [ -83.9324703902, 43.2448815206 ], [ -83.9325366538, 43.2451917826 ], [ -83.9326395297, 43.2455553925 ], [ -83.9327823795, 43.2459520215 ], [ -83.9330160799, 43.2464438525 ], [ -83.9331981383, 43.2467790425 ], [ -83.9333858735, 43.2470914435 ], [ -83.9336504045, 43.2474761311 ], [ -83.9339257631, 43.2478300773 ], [ -83.9342048746, 43.2481333068 ], [ -83.9345046714, 43.2484401275 ], [ -83.9353324435, 43.2492016897 ], [ -83.9452855976, 43.2583275607 ], [ -83.9466504584, 43.2595782882 ], [ -83.9501592251, 43.2627687841 ], [ -83.9506670477, 43.2632488975 ], [ -83.9509979067, 43.2635820188 ], [ -83.9510840779, 43.2636825793 ], [ -83.9512197695, 43.2638506019 ], [ -83.9516218531, 43.2643880518 ], [ -83.9519565959, 43.2649379756 ], [ -83.9521622736, 43.2653466629 ], [ -83.9524081557, 43.265962526 ], [ -83.9524980791, 43.2662602187 ], [ -83.9525913523, 43.2666104402 ], [ -83.9526517942, 43.2668701235 ], [ -83.9527098103, 43.2673943996 ] ] } },
{ "type": "Feature", "properties": { "PR": "0562108", "Aadt": 1066, "AadtCommercial": null, "FacilityType": 4, "Year": "2024", "LocationId": "76-0157" }, "geometry": { "type": "LineString", "coordinates": [ [ -84.0039079083, 42.9261519029 ], [ -84.0033661358, 42.9261955785 ], [ -84.0031893348, 42.9262050008 ], [ -84.0030717165, 42.9262096409 ], [ -84.0029457598, 42.9261986466 ], [ -84.0027366995, 42.9261926435 ], [ -84.0026396786, 42.9261816468 ], [ -84.0024689484, 42.9261646068 ], [ -84.0022899022, 42.9261315938 ], [ -84.0021258498, 42.9260876478 ], [ -84.0019647373, 42.9260282913 ], [ -84.0017527344, 42.9259506646 ], [ -84.001639399, 42.925894478 ], [ -84.0015574439, 42.9258595367 ], [ -84.0015068928, 42.9258406295 ], [ -84.0013069303, 42.9257329579 ], [ -84.0011590943, 42.9256633579 ], [ -84.0010345963, 42.9256178117 ], [ -84.0008968666, 42.9255826588 ], [ -84.0007760433, 42.925558974 ], [ -84.0006428309, 42.9255478277 ], [ -84.0005231105, 42.9255411829 ], [ -84.0003315337, 42.9255580701 ], [ -84.0002205258, 42.9255915622 ], [ -84.0001096917, 42.9256314428 ], [ -83.9998157586, 42.925759307 ], [ -83.9996750535, 42.9259236995 ] ] } },
{ "type": "Feature", "properties": { "PR": "1858802", "Aadt": 3689, "AadtCommercial": 103, "FacilityType": 1, "Year": "2024", "LocationId": "25-5540" }, "geometry": { "type": "LineString", "coordinates": [ [ -83.6857658854, 43.0122781749 ], [ -83.6858229319, 43.0123527338 ], [ -83.6864695787, 43.0131444484 ], [ -83.686950329, 43.0137340015 ], [ -83.6877493702, 43.01465729 ], [ -83.6885738131, 43.0155870986 ], [ -83.6893602321, 43.0164979149 ], [ -83.6901453444, 43.0174149159 ], [ -83.6905801127, 43.0179596731 ], [ -83.6907142603, 43.0181225456 ], [ -83.6907966672, 43.0182225965 ], [ -83.6911789135, 43.0186878564 ], [ -83.6912288474, 43.0187466593 ], [ -83.6913978145, 43.0189515462 ], [ -83.691539862, 43.0191236372 ], [ -83.6916106861, 43.0192116364 ], [ -83.6918781103, 43.0195142671 ], [ -83.6920693075, 43.0197897295 ], [ -83.6922187661, 43.0200786071 ], [ -83.692290183, 43.0202563504 ] ] } },
{ "type": "Feature", "properties": { "PR": "3251555", "Aadt": 12612, "AadtCommercial": 354, "FacilityType": 2, "Year": "2024", "LocationId": "25-5177" }, "geometry": { "type": "LineString", "coordinates": [ [ -83.797071523, 42.8109168717 ], [ -83.7970328552, 42.8109176575 ], [ -83.7967802248, 42.8109203237 ], [ -83.7954205451, 42.8109411856 ], [ -83.794615812, 42.8110296975 ], [ -83.7940998757, 42.8111313683 ], [ -83.7935811676, 42.8113098121 ], [ -83.7905766344, 42.8124618533 ], [ -83.7873822214, 42.8136613717 ], [ -83.7870419725, 42.8137521024 ], [ -83.783791505, 42.8144417176 ] ] } },
{ "type": "Feature", "properties": { "PR": "1514409", "Aadt": 758, "AadtCommercial": 23, "FacilityType": 2, "Year": "2024", "LocationId": "25-7132" }, "geometry": { "type": "LineString", "coordinates": [ [ -83.4601072237, 43.1869324162 ], [ -83.4601309862, 43.1890362744 ], [ -83.4602218975, 43.1938352152 ], [ -83.4602204422, 43.1944582184 ], [ -83.4602476658, 43.196987658 ], [ -83.4603003624, 43.2014644793 ], [ -83.4603609031, 43.2068465205 ], [ -83.460380878, 43.208776708 ], [ -83.4603931985, 43.2092328795 ], [ -83.4604171091, 43.2099767586 ] ] } },
{ "type": "Feature", "properties": { "PR": "1844403", "Aadt": 1754, "AadtCommercial": null, "FacilityType": 4, "Year": "2024", "LocationId": "25-4446" }, "geometry": { "type": "LineString", "coordinates": [ [ -83.6744620526, 43.0575320341 ], [ -83.6744733405, 43.0568019471 ], [ -83.6745048083, 43.0562733302 ], [ -83.6746654657, 43.055246291 ] ] } },
{ "type": "Feature", "properties": { "PR": "3250565", "Aadt": 1736, "AadtCommercial": 51, "FacilityType": 2, "Year": "2024", "LocationId": "25-7083" }, "geometry": { "type": "LineString", "coordinates": [ [ -83.6148542536, 43.0041375714 ], [ -83.6123847136, 43.0041733281 ], [ -83.6105208211, 43.0042163704 ], [ -83.6098951506, 43.0042250082 ], [ -83.6089887036, 43.0042558281 ], [ -83.6048372371, 43.0043271599 ], [ -83.6037174228, 43.0043856046 ], [ -83.6026544942, 43.0044283601 ], [ -83.6015804311, 43.0044788987 ], [ -83.6005116315, 43.004519921 ], [ -83.5994345186, 43.004568768 ], [ -83.5982980519, 43.0046023697 ], [ -83.5972135713, 43.0046428017 ], [ -83.5961468275, 43.0046783015 ], [ -83.5952595339, 43.004741524 ], [ -83.5950093457, 43.0047472106 ] ] } },
{ "type": "Feature", "properties": { "PR": "1525807", "Aadt": 536, "AadtCommercial": 18, "FacilityType": 2, "Year": "2024", "LocationId": "25-6924" }, "geometry": { "type": "LineString", "coordinates": [ [ -83.6827176822, 43.0169643756 ], [ -83.6834708115, 43.0179064445 ] ] } },
{ "type": "Feature", "properties": { "PR": "1505805", "Aadt": 4207, "AadtCommercial": 117, "FacilityType": 2, "Year": "2024", "LocationId": "25-5549" }, "geometry": { "type": "LineString", "coordinates": [ [ -83.6941718161, 43.0901901693 ], [ -83.690155937, 43.0902576275 ], [ -83.6865664171, 43.0903609884 ], [ -83.686310652, 43.0903584899 ], [ -83.6860023514, 43.0903341644 ] ] } },
{ "type": "Feature", "properties": { "PR": "0468305", "Aadt": 7232, "AadtCommercial": 173, "FacilityType": 2, "Year": "2024", "LocationId": "73-5249" }, "geometry": { "type": "LineString", "coordinates": [ [ -83.7476285113, 43.2213431325 ], [ -83.7482256626, 43.2221463809 ], [ -83.7517224714, 43.2267852205 ], [ -83.7529921014, 43.2284698761 ], [ -83.7584757186, 43.2357455315 ] ] } },
{ "type": "Feature", "properties": { "PR": "1495203", "Aadt": 1578, "AadtCommercial": null, "FacilityType": 4, "Year": "2024", "LocationId": "25-0439" }, "geometry": { "type": "LineString", "coordinates": [ [ -83.5556463424, 43.0158097355 ], [ -83.5558004825, 43.0155469381 ], [ -83.555900782, 43.0154034071 ], [ -83.5560144671, 43.0152905891 ], [ -83.5561899228, 43.0151852546 ], [ -83.5563283718, 43.0151143037 ], [ -83.5565082131, 43.0150811459 ], [ -83.5567745783, 43.0150684274 ], [ -83.5570143004, 43.0151080701 ], [ -83.557205508, 43.0151679152 ], [ -83.5573711027, 43.0152824927 ], [ -83.5575158622, 43.0154451872 ], [ -83.5575667107, 43.0155919792 ], [ -83.5575775535, 43.0157934123 ], [ -83.5575253842, 43.0159634641 ], [ -83.5573877272, 43.0161325703 ], [ -83.5572772186, 43.016210147 ], [ -83.5571196193, 43.0162908598 ], [ -83.5569118587, 43.0163618381 ], [ -83.5566281658, 43.01643064 ] ] } },
{ "type": "Feature", "properties": { "PR": "1509709", "Aadt": 6066, "AadtCommercial": 169, "FacilityType": 2, "Year": "2024", "LocationId": "25-5113" }, "geometry": { "type": "LineString", "coordinates": [ [ -83.9293691295, 42.9565037409 ], [ -83.9293541717, 42.9565961019 ], [ -83.9290952009, 42.9579166355 ], [ -83.9289358191, 42.9591526343 ], [ -83.9288540109, 42.9617080193 ] ] } },
{ "type": "Feature", "properties": { "PR": "1497208", "Aadt": 2934, "AadtCommercial": 86, "FacilityType": 2, "Year": "2024", "LocationId": "25-5446" }, "geometry": { "type": "LineString", "coordinates": [ [ -83.5547808934, 42.9906839285 ], [ -83.5522947357, 42.9907256925 ], [ -83.5482212936, 42.9907844165 ], [ -83.5467097154, 42.9908167022 ], [ -83.5396452593, 42.9908078712 ], [ -83.5363279764, 42.9908063978 ], [ -83.5318974151, 42.9908969329 ], [ -83.5262280977, 42.990998586 ], [ -83.523300627, 42.9910387925 ], [ -83.5204033522, 42.991049352 ], [ -83.5176517907, 42.9910425981 ], [ -83.5166054541, 42.9910748357 ], [ -83.5140959135, 42.9910914314 ], [ -83.5119528886, 42.9911200051 ], [ -83.5069076164, 42.9911993055 ] ] } },
{ "type": "Feature", "properties": { "PR": "0550801", "Aadt": 952, "AadtCommercial": 29, "FacilityType": 2, "Year": "2024", "LocationId": "76-5088" }, "geometry": { "type": "LineString", "coordinates": [ [ -84.0702573958, 42.806951651 ], [ -84.063722233, 42.8071004521 ], [ -84.0602444483, 42.8071715258 ], [ -84.0561286882, 42.807258268 ], [ -84.055457273, 42.8073043985 ], [ -84.0552498731, 42.807359687 ], [ -84.054531324, 42.8075850532 ], [ -84.0538289993, 42.8078501627 ], [ -84.0532615667, 42.8080789727 ], [ -84.0521422518, 42.8084564135 ], [ -84.0516100653, 42.8085584758 ], [ -84.0511791194, 42.8086091812 ], [ -84.0508222785, 42.8085979464 ], [ -84.0505734664, 42.8085380034 ], [ -84.0502854797, 42.8084141609 ], [ -84.0491858425, 42.8076794437 ], [ -84.0488296952, 42.807539242 ], [ -84.0483340603, 42.8074649018 ], [ -84.0456643469, 42.8075039276 ], [ -84.0408031497, 42.8076131748 ], [ -84.0406269388, 42.8076159673 ], [ -84.0223690631, 42.8079037733 ], [ -84.0054657155, 42.8081971039 ], [ -84.0026639001, 42.8082373581 ], [ -83.999959813, 42.8082278583 ], [ -83.9930819352, 42.8083922984 ], [ -83.9878616111, 42.8085078454 ], [ -83.9830067647, 42.8086397778 ], [ -83.9777209282, 42.8087307371 ], [ -83.9632771659, 42.8090540759 ], [ -83.9534442904, 42.8092663277 ], [ -83.9533592848, 42.8092666952 ], [ -83.9436108518, 42.8094247255 ] ] } },
{ "type": "Feature", "properties": { "PR": "1494005", "Aadt": 76524, "AadtCommercial": 7290, "FacilityType": 2, "Year": "2024", "LocationId": "25-4666" }, "geometry": { "type": "LineString", "coordinates": [ [ -83.6793103556, 43.0102541595 ], [ -83.6792342796, 43.0102666671 ], [ -83.678886246, 43.0103359907 ], [ -83.6782519854, 43.0104253193 ], [ -83.6776783696, 43.0104915224 ], [ -83.6769267093, 43.010524828 ], [ -83.6733651016, 43.0105515025 ], [ -83.6702785738, 43.0105131604 ], [ -83.6701506869, 43.0105124869 ], [ -83.6700670521, 43.0105117695 ], [ -83.6699702097, 43.0105118232 ], [ -83.6698792487, 43.0105086173 ], [ -83.669740536, 43.0105076727 ], [ -83.6693258395, 43.0105127191 ], [ -83.6688335711, 43.0105201818 ], [ -83.6684154848, 43.0105214897 ], [ -83.6677344929, 43.0105473355 ], [ -83.6671788402, 43.0105997761 ], [ -83.6663492875, 43.0107097847 ], [ -83.6659770251, 43.0107724785 ], [ -83.6656225008, 43.01084894 ], [ -83.6637792731, 43.0112306684 ], [ -83.6632611559, 43.0113249847 ], [ -83.6625939784, 43.0114052576 ], [ -83.6608702861, 43.0115240389 ], [ -83.6607249878, 43.0115364053 ], [ -83.66057993, 43.0115480037 ], [ -83.6552508713, 43.0119131591 ], [ -83.6542962047, 43.011971046 ] ] } },
{ "type": "Feature", "properties": { "PR": "1495910", "Aadt": 3884, "AadtCommercial": null, "FacilityType": 4, "Year": "2024", "LocationId": "25-0378" }, "geometry": { "type": "LineString", "coordinates": [ [ -83.7494401532, 43.0044325378 ], [ -83.7497951411, 43.0040130993 ], [ -83.7503043602, 43.0034029716 ], [ -83.7503885349, 43.0032689648 ], [ -83.750449741, 43.003137263 ], [ -83.7504761839, 43.0030408805 ], [ -83.7504920909, 43.002916592 ], [ -83.7505171954, 43.0021449966 ] ] } },
{ "type": "Feature", "properties": { "PR": "0646503", "Aadt": 4587, "AadtCommercial": null, "FacilityType": 4, "Year": "2024", "LocationId": "63-0644" }, "geometry": { "type": "LineString", "coordinates": [ [ -83.59588485, 42.8716519501 ], [ -83.59545999, 42.8710758587 ], [ -83.5940450136, 42.8692592612 ], [ -83.5938306221, 42.8688618695 ] ] } },
{ "type": "Feature", "properties": { "PR": "1533806", "Aadt": 7873, "AadtCommercial": 221, "FacilityType": 2, "Year": "2024", "LocationId": "25-5363" }, "geometry": { "type": "LineString", "coordinates": [ [ -83.692891869, 42.9812138659 ], [ -83.6924073674, 42.9811944323 ], [ -83.6921395001, 42.9812023616 ], [ -83.6917362639, 42.981252177 ], [ -83.6914358183, 42.9813174826 ], [ -83.6912155482, 42.9813531708 ], [ -83.6905899955, 42.9814014406 ], [ -83.6888500644, 42.9814108744 ], [ -83.6878520308, 42.9814482453 ], [ -83.6851938033, 42.981491446 ], [ -83.6829122734, 42.9815361362 ], [ -83.682302842, 42.9815342844 ], [ -83.6821034079, 42.981541825 ], [ -83.68158141, 42.9815511741 ], [ -83.6803161643, 42.9815810684 ], [ -83.6793060104, 42.9816062875 ], [ -83.6767306996, 42.981627289 ], [ -83.6743291528, 42.9816826969 ] ] } },
{ "type": "Feature", "properties": { "PR": "0552002", "Aadt": 2276, "AadtCommercial": 65, "FacilityType": 2, "Year": "2024", "LocationId": "76-5146" }, "geometry": { "type": "LineString", "coordinates": [ [ -83.9422964645, 42.7803448263 ], [ -83.9424512062, 42.7840530621 ], [ -83.9428867663, 42.7949060015 ], [ -83.9434179457, 42.8055573321 ], [ -83.9436108518, 42.8094247255 ] ] } },
{ "type": "Feature", "properties": { "PR": "1519309", "Aadt": 4317, "AadtCommercial": 125, "FacilityType": 2, "Year": "2024", "LocationId": "25-5297" }, "geometry": { "type": "LineString", "coordinates": [ [ -83.7443105521, 42.8851029504 ], [ -83.7390938637, 42.885174161 ], [ -83.7388043982, 42.8851738088 ], [ -83.7353136843, 42.885238795 ], [ -83.729465432, 42.8853454728 ] ] } },
{ "type": "Feature", "properties": { "PR": "1494107", "Aadt": 15536, "AadtCommercial": 326, "FacilityType": 2, "Year": "2024", "LocationId": "25-0531" }, "geometry": { "type": "LineString", "coordinates": [ [ -83.7493673689, 43.0021433688 ], [ -83.7488648828, 43.00215404 ], [ -83.7479800417, 43.0021684834 ], [ -83.7469376882, 43.0021856826 ], [ -83.7467267015, 43.00219021 ], [ -83.745129595, 43.0021825964 ], [ -83.743770584, 43.0021798968 ], [ -83.743096441, 43.0021880445 ], [ -83.7418765297, 43.0021829247 ], [ -83.7406625905, 43.0022100415 ], [ -83.7391468786, 43.0022730286 ], [ -83.7381936934, 43.0022825509 ], [ -83.7374067788, 43.0023094761 ], [ -83.737055091, 43.0023183297 ], [ -83.7355973222, 43.0023598168 ], [ -83.7333492736, 43.0023652736 ] ] } },
{ "type": "Feature", "properties": { "PR": "1503002", "Aadt": 4608, "AadtCommercial": null, "FacilityType": 4, "Year": "2024", "LocationId": "25-3670" }, "geometry": { "type": "LineString", "coordinates": [ [ -83.7268366589, 42.8051249888 ], [ -83.7262588567, 42.8056817687 ], [ -83.7260353486, 42.8058171533 ], [ -83.7257944142, 42.8059102197 ], [ -83.7255162895, 42.8059815531 ], [ -83.725224658, 42.806020147 ], [ -83.7250108738, 42.8060343168 ], [ -83.7244312098, 42.8060178024 ] ] } },
{ "type": "Feature", "properties": { "PR": "1519805", "Aadt": 13017, "AadtCommercial": 1045, "FacilityType": 2, "Year": "2024", "LocationId": "25-5229" }, "geometry": { "type": "LineString", "coordinates": [ [ -83.7818606714, 42.9734797073 ], [ -83.7782423735, 42.9743165531 ], [ -83.777540787, 42.9745074588 ], [ -83.7743154788, 42.9753224586 ], [ -83.7719480181, 42.9758964036 ] ] } },
{ "type": "Feature", "properties": { "PR": "1494005", "Aadt": 42992, "AadtCommercial": 5989, "FacilityType": 2, "Year": "2024", "LocationId": "25-6449" }, "geometry": { "type": "LineString", "coordinates": [ [ -83.8081598217, 42.9658546925 ], [ -83.807617257, 42.9657875408 ], [ -83.8072382824, 42.9657335652 ], [ -83.8068107204, 42.9656415245 ], [ -83.8022605935, 42.9646752943 ], [ -83.8018467039, 42.9645699999 ], [ -83.8015107032, 42.9645005486 ], [ -83.801071034, 42.9644006717 ], [ -83.8007324866, 42.9643276078 ], [ -83.800185752, 42.9642351502 ], [ -83.7996864349, 42.9641794092 ], [ -83.7992700613, 42.9641406211 ], [ -83.7986714886, 42.9641340796 ], [ -83.7981360914, 42.9641134243 ], [ -83.7974519913, 42.9641614605 ], [ -83.7968089014, 42.9642307469 ], [ -83.7962275071, 42.9643268003 ], [ -83.7953395503, 42.9644941402 ], [ -83.7945367262, 42.964662637 ], [ -83.7914937897, 42.9652275414 ], [ -83.787577945, 42.9659552572 ], [ -83.7858885461, 42.9663037388 ], [ -83.7852356878, 42.9664384003 ], [ -83.7830773496, 42.9669651794 ], [ -83.7816815824, 42.9673260969 ], [ -83.7745712027, 42.9691189231 ], [ -83.7720532692, 42.9697536696 ], [ -83.7718479807, 42.9698144481 ], [ -83.7710626297, 42.9700381075 ], [ -83.7700776532, 42.9703875744 ], [ -83.7696758153, 42.9705481544 ], [ -83.7688585844, 42.9708910092 ], [ -83.7681962436, 42.9711677185 ], [ -83.7673098222, 42.9716301665 ], [ -83.7657877877, 42.9725226761 ], [ -83.7651529088, 42.9728680405 ] ] } },
{ "type": "Feature", "properties": { "PR": "3731109", "Aadt": 3466, "AadtCommercial": 98, "FacilityType": 2, "Year": "2024", "LocationId": "73-5728" }, "geometry": { "type": "LineString", "coordinates": [ [ -83.7827306682, 43.2501894035 ], [ -83.7827196831, 43.2490756753 ], [ -83.7826960041, 43.2489193962 ], [ -83.7826526848, 43.2487976576 ], [ -83.7825935937, 43.2487051615 ], [ -83.7824952853, 43.2485796601 ], [ -83.7822708992, 43.2483845308 ], [ -83.7821427214, 43.2482718771 ], [ -83.7820449408, 43.248132745 ], [ -83.7814671521, 43.2482598811 ], [ -83.7808752684, 43.2483730266 ], [ -83.7803502012, 43.248473618 ], [ -83.7796822772, 43.2485921974 ], [ -83.7794300802, 43.2486117015 ], [ -83.779193838, 43.2485970873 ], [ -83.7789745572, 43.2485545122 ], [ -83.7787186139, 43.2484562982 ], [ -83.7785279156, 43.2483793332 ], [ -83.77828416, 43.2483212989 ], [ -83.778059538, 43.2483002529 ], [ -83.7778058103, 43.2483198161 ], [ -83.7774051563, 43.2483881851 ], [ -83.7770143825, 43.2484591361 ], [ -83.7767575371, 43.2485059036 ], [ -83.7766132713, 43.2485318538 ], [ -83.7763430029, 43.2485678807 ], [ -83.7761293373, 43.2485953285 ], [ -83.7758655029, 43.2486052838 ], [ -83.7756702771, 43.248591823 ], [ -83.7754927848, 43.2485566997 ], [ -83.7753645403, 43.2485129122 ], [ -83.7752209177, 43.2484558549 ] ] } },
{ "type": "Feature", "properties": { "PR": "0758901", "Aadt": 1704, "AadtCommercial": 50, "FacilityType": 2, "Year": "2024", "LocationId": "44-5039" }, "geometry": { "type": "LineString", "coordinates": [ [ -83.4046829092, 43.106297989 ], [ -83.4047577455, 43.1064047537 ], [ -83.4048232088, 43.1065404879 ], [ -83.4048451418, 43.1067423437 ], [ -83.4049952516, 43.1099077929 ], [ -83.4052114007, 43.1135540012 ], [ -83.4053395704, 43.115196861 ], [ -83.4056227489, 43.1190537143 ], [ -83.4057993928, 43.1208254503 ], [ -83.4058181479, 43.1211085194 ], [ -83.4060168334, 43.1244101169 ], [ -83.4062435535, 43.1278003822 ] ] } },
{ "type": "Feature", "properties": { "PR": "4412747", "Aadt": 3184, "AadtCommercial": 92, "FacilityType": 2, "Year": "2024", "LocationId": "63-5236" }, "geometry": { "type": "LineString", "coordinates": [ [ -83.4055426755, 42.8517763825 ], [ -83.4051824236, 42.8519073159 ], [ -83.4049433652, 42.8520423066 ], [ -83.4048099373, 42.8521875229 ], [ -83.4046851259, 42.8523797588 ], [ -83.404601112, 42.8526270504 ] ] } },
{ "type": "Feature", "properties": { "PR": "1532601", "Aadt": 729, "AadtCommercial": 22, "FacilityType": 2, "Year": "2024", "LocationId": "25-6739" }, "geometry": { "type": "LineString", "coordinates": [ [ -83.7160645069, 43.0385705465 ], [ -83.7160322257, 43.0385711733 ], [ -83.7146166675, 43.0385986589 ], [ -83.7132270996, 43.0386229798 ], [ -83.7107066709, 43.0386485002 ], [ -83.7077661231, 43.0386668407 ], [ -83.704435592, 43.0387249789 ] ] } },
{ "type": "Feature", "properties": { "PR": "0556307", "Aadt": 1543, "AadtCommercial": 47, "FacilityType": 2, "Year": "2024", "LocationId": "76-5083" }, "geometry": { "type": "LineString", "coordinates": [ [ -83.9646875865, 42.8380283421 ], [ -83.9648826655, 42.8382328589 ], [ -83.974714528, 42.8476221386 ], [ -83.9798260202, 42.8523863071 ], [ -83.9802372949, 42.8528531928 ], [ -83.9803771569, 42.8532181142 ], [ -83.980734547, 42.854761707 ], [ -83.9809306533, 42.8556460803 ], [ -83.9821429117, 42.8609961568 ], [ -83.9822446329, 42.8613274179 ], [ -83.9824505933, 42.8617391832 ], [ -83.9829203989, 42.8623706598 ], [ -83.9832138102, 42.8628531311 ], [ -83.9832612792, 42.8629487964 ], [ -83.9833845159, 42.8633120041 ], [ -83.9842017311, 42.8672818505 ], [ -83.9849508945, 42.8720661947 ], [ -83.9849888781, 42.872368248 ], [ -83.9851450207, 42.8725543825 ], [ -83.9859812116, 42.8735122321 ], [ -83.9866507136, 42.8743249534 ], [ -83.9867103843, 42.8750205974 ], [ -83.986803522, 42.8791817257 ], [ -83.9869252317, 42.8817246801 ], [ -83.9870713979, 42.8872464161 ], [ -83.9871233696, 42.888002052 ], [ -83.9871635032, 42.8893695741 ], [ -83.9871734939, 42.8899755797 ], [ -83.9872262895, 42.892012951 ], [ -83.9873500444, 42.8962537268 ], [ -83.9874856981, 42.9001407703 ], [ -83.9875474116, 42.9035397945 ] ] } },
{ "type": "Feature", "properties": { "PR": "1494910", "Aadt": 1716, "AadtCommercial": null, "FacilityType": 4, "Year": "2024", "LocationId": "25-4110" }, "geometry": { "type": "LineString", "coordinates": [ [ -83.6777952978, 43.0081543264 ], [ -83.6778055737, 43.0086696332 ], [ -83.6777906149, 43.0088815515 ], [ -83.677811979, 43.0090436848 ], [ -83.6778744307, 43.0092117148 ], [ -83.6779712809, 43.0093804505 ], [ -83.6781015706, 43.0095751369 ], [ -83.678302008, 43.0097358916 ], [ -83.6785242398, 43.0098667749 ], [ -83.6787948236, 43.009993597 ], [ -83.679278347, 43.0101834301 ], [ -83.6794045178, 43.0102394077 ], [ -83.6794668315, 43.0102633252 ], [ -83.6795767531, 43.0103048017 ], [ -83.6796527082, 43.0103353189 ], [ -83.6797801478, 43.010389034 ], [ -83.6807201212, 43.0107859651 ], [ -83.6810274204, 43.010852899 ], [ -83.6813574745, 43.0108647145 ], [ -83.6815707583, 43.0108690844 ], [ -83.6818411949, 43.0108190418 ], [ -83.6821817769, 43.0107350647 ], [ -83.6824621651, 43.0106043763 ], [ -83.6828919516, 43.0102919444 ] ] } },
{ "type": "Feature", "properties": { "PR": "1506809", "Aadt": 855, "AadtCommercial": 26, "FacilityType": 2, "Year": "2024", "LocationId": "25-6826" }, "geometry": { "type": "LineString", "coordinates": [ [ -83.693292532, 43.1172556501 ], [ -83.6932844721, 43.1175213232 ], [ -83.6932954993, 43.1179413926 ], [ -83.6933036776, 43.1185899077 ], [ -83.6933160996, 43.1193129101 ], [ -83.6933144261, 43.1206357625 ] ] } },
{ "type": "Feature", "properties": { "PR": "1494305", "Aadt": 6734, "AadtCommercial": 189, "FacilityType": 2, "Year": "2024", "LocationId": "25-5524" }, "geometry": { "type": "LineString", "coordinates": [ [ -83.8136897927, 43.1181259138 ], [ -83.8127648295, 43.1181846538 ], [ -83.8115714484, 43.1182198486 ], [ -83.8087619515, 43.1183141459 ], [ -83.8024688081, 43.1185113568 ], [ -83.7975929208, 43.118663917 ], [ -83.7965955415, 43.118682754 ], [ -83.7937646973, 43.1187705903 ], [ -83.7863142815, 43.118855961 ], [ -83.7837774683, 43.1188953274 ], [ -83.7800317274, 43.1188636888 ], [ -83.7737777961, 43.1188326558 ] ] } },
{ "type": "Feature", "properties": { "PR": "1494903", "Aadt": 5832, "AadtCommercial": null, "FacilityType": 4, "Year": "2024", "LocationId": "25-3998" }, "geometry": { "type": "LineString", "coordinates": [ [ -83.6852704774, 43.0076977536 ], [ -83.6848555148, 43.0078531914 ], [ -83.683596749, 43.0085483612 ], [ -83.6832645806, 43.0086956244 ], [ -83.6825390884, 43.0088700814 ], [ -83.6821947845, 43.0088906699 ], [ -83.6818835642, 43.0089372834 ] ] } },
{ "type": "Feature", "properties": { "PR": "1494203", "Aadt": 2705, "AadtCommercial": 79, "FacilityType": 2, "Year": "2024", "LocationId": "25-5484" }, "geometry": { "type": "LineString", "coordinates": [ [ -83.8615556372, 43.0300036758 ], [ -83.8516381514, 43.0301301795 ], [ -83.8491811144, 43.0301442108 ], [ -83.8445397447, 43.0302162243 ], [ -83.8422938226, 43.030250905 ], [ -83.8376347011, 43.0303121393 ], [ -83.8319635978, 43.0303862735 ], [ -83.8276357783, 43.0303356049 ], [ -83.8221019383, 43.030297679 ], [ -83.821510029, 43.0303091169 ], [ -83.820549057, 43.0303682522 ], [ -83.8200745484, 43.0304047843 ], [ -83.8190824634, 43.0304633085 ], [ -83.816298107, 43.0306231565 ], [ -83.812724796, 43.0308116243 ] ] } },
{ "type": "Feature", "properties": { "PR": "1495507", "Aadt": 5224, "AadtCommercial": null, "FacilityType": 4, "Year": "2024", "LocationId": "25-0438" }, "geometry": { "type": "LineString", "coordinates": [ [ -83.5557578936, 43.0186943086 ], [ -83.5559941994, 43.0183076888 ], [ -83.5561621683, 43.0180265893 ], [ -83.5563421962, 43.0178169306 ], [ -83.5565500731, 43.0176571524 ], [ -83.5568101375, 43.0174984988 ], [ -83.5571370812, 43.0173467632 ], [ -83.5576721204, 43.0172159397 ], [ -83.558700753, 43.0170574273 ], [ -83.5599776009, 43.0168494985 ], [ -83.5623250729, 43.0164754763 ] ] } },
{ "type": "Feature", "properties": { "PR": "0649505", "Aadt": 367, "AadtCommercial": 10, "FacilityType": 2, "Year": "2024", "LocationId": "63-5422" }, "geometry": { "type": "LineString", "coordinates": [ [ -83.6376133884, 42.8133524229 ], [ -83.6374316217, 42.8133623185 ], [ -83.6372373958, 42.8133728918 ], [ -83.6330134152, 42.8134871625 ], [ -83.6314715432, 42.8135415532 ], [ -83.629757939, 42.8135881274 ], [ -83.6283318257, 42.8136143232 ], [ -83.6264873661, 42.8136466425 ], [ -83.6261912061, 42.8136473405 ], [ -83.6259388005, 42.8136598828 ], [ -83.6257761553, 42.8136836069 ], [ -83.6256011717, 42.8137110739 ], [ -83.6254114272, 42.8137555347 ], [ -83.6251642501, 42.8138264726 ], [ -83.6249637708, 42.813905313 ], [ -83.6247630228, 42.8139910685 ], [ -83.6245041709, 42.8141205901 ], [ -83.6241870789, 42.8142973356 ], [ -83.6239382887, 42.814409765 ], [ -83.6237207185, 42.8144650037 ], [ -83.6235101847, 42.8145193965 ], [ -83.6231893612, 42.8145705027 ], [ -83.6229158758, 42.814592433 ], [ -83.6226810236, 42.8145921996 ], [ -83.6222426313, 42.8146197915 ], [ -83.6215208066, 42.8146876522 ], [ -83.6201310618, 42.814830862 ], [ -83.6198172767, 42.8148695656 ], [ -83.616434176, 42.8152178244 ], [ -83.6135144055, 42.815424913 ], [ -83.6124593674, 42.8150713357 ], [ -83.6113131672, 42.8146349312 ], [ -83.6110115217, 42.8145351153 ], [ -83.6108091634, 42.8144752213 ] ] } },
{ "type": "Feature", "properties": { "PR": "1497208", "Aadt": 5540, "AadtCommercial": 157, "FacilityType": 2, "Year": "2024", "LocationId": "25-5428" }, "geometry": { "type": "LineString", "coordinates": [ [ -83.614321802, 42.9896912789 ], [ -83.6120706336, 42.989719578 ], [ -83.6099782079, 42.9897833357 ], [ -83.604639734, 42.9898976533 ], [ -83.6011512277, 42.9899711595 ], [ -83.5987881014, 42.9900214156 ], [ -83.597336369, 42.9900662489 ], [ -83.5943845281, 42.9901210729 ], [ -83.589287417, 42.9902147052 ], [ -83.5852297519, 42.9903139839 ], [ -83.5808972883, 42.9903244597 ], [ -83.578491369, 42.990326809 ], [ -83.5777689228, 42.9903310654 ], [ -83.5772111869, 42.990308472 ], [ -83.5759591097, 42.9903177731 ], [ -83.5751012599, 42.9903514061 ], [ -83.5749026977, 42.9903667693 ] ] } },
{ "type": "Feature", "properties": { "PR": "1502901", "Aadt": 3646, "AadtCommercial": null, "FacilityType": 4, "Year": "2024", "LocationId": "25-0592" }, "geometry": { "type": "LineString", "coordinates": [ [ -83.7269698102, 42.9147104017 ], [ -83.7269350528, 42.9145808851 ], [ -83.7268694099, 42.9144499924 ], [ -83.7263464853, 42.9137078869 ], [ -83.7262481134, 42.9135516983 ], [ -83.7261700571, 42.9133927305 ], [ -83.726059584, 42.9131315799 ] ] } },
{ "type": "Feature", "properties": { "PR": "1522902", "Aadt": 11280, "AadtCommercial": 316, "FacilityType": 2, "Year": "2024", "LocationId": "25-7068" }, "geometry": { "type": "LineString", "coordinates": [ [ -83.5564197929, 43.0339809819 ], [ -83.5564494288, 43.0348229318 ], [ -83.5566907123, 43.0384608126 ], [ -83.5569796782, 43.0441533771 ], [ -83.5570505061, 43.0449309869 ], [ -83.5570599128, 43.0450342695 ], [ -83.5570818577, 43.0452751978 ], [ -83.5571065915, 43.0459431306 ], [ -83.5573022738, 43.0484705589 ], [ -83.5574553815, 43.0603986187 ], [ -83.5574868887, 43.0629158936 ] ] } },
{ "type": "Feature", "properties": { "PR": "1497008", "Aadt": 12215, "AadtCommercial": 293, "FacilityType": 2, "Year": "2024", "LocationId": "25-4704" }, "geometry": { "type": "LineString", "coordinates": [ [ -83.6738606465, 43.0613475463 ], [ -83.673942055, 43.0640547693 ], [ -83.6739634991, 43.0649009793 ], [ -83.6740181088, 43.0685934126 ], [ -83.6740945214, 43.0725018524 ], [ -83.6740957671, 43.0730680622 ], [ -83.6741369315, 43.0758683317 ] ] } },
{ "type": "Feature", "properties": { "PR": "1497903", "Aadt": 36520, "AadtCommercial": 1790, "FacilityType": 2, "Year": "2024", "LocationId": "25-4092" }, "geometry": { "type": "LineString", "coordinates": [ [ -83.6766873111, 43.0341714356 ], [ -83.676678511, 43.0354633691 ], [ -83.6767173591, 43.0363095857 ], [ -83.676755634, 43.0372600326 ], [ -83.6768358437, 43.0384851949 ], [ -83.6768394688, 43.0386802708 ], [ -83.6768782809, 43.0393082296 ], [ -83.6768837156, 43.0393983977 ], [ -83.676910326, 43.0406102256 ], [ -83.6767958739, 43.0412540518 ], [ -83.676537845, 43.0420922518 ], [ -83.6763148441, 43.0428891032 ], [ -83.6760195002, 43.0440525616 ], [ -83.6753767477, 43.0454437333 ], [ -83.6744490787, 43.0471779986 ], [ -83.6742977168, 43.0475168542 ], [ -83.6741560451, 43.0478115862 ], [ -83.6738681923, 43.048484589 ], [ -83.6737047311, 43.0490677487 ], [ -83.6736029435, 43.0495777622 ], [ -83.6735429913, 43.0499862443 ], [ -83.6735117188, 43.0502315306 ], [ -83.6735449488, 43.051338386 ], [ -83.6736370631, 43.0540883534 ] ] } },
{ "type": "Feature", "properties": { "PR": "1494005", "Aadt": 47305, "AadtCommercial": 6576, "FacilityType": 2, "Year": "2024", "LocationId": "25-0396" }, "geometry": { "type": "LineString", "coordinates": [ [ -83.5556426578, 43.0164838285 ], [ -83.5515087737, 43.0166779251 ], [ -83.55051031, 43.0167036327 ], [ -83.5499213802, 43.0166872238 ], [ -83.5488709053, 43.016614773 ], [ -83.5481966015, 43.0165323748 ], [ -83.5474258212, 43.0163981602 ], [ -83.5464997101, 43.0161853323 ], [ -83.5456576592, 43.0159439959 ], [ -83.5448074521, 43.0156407928 ], [ -83.5441109382, 43.0153454361 ], [ -83.5433906166, 43.0149731855 ], [ -83.5426947993, 43.014564358 ], [ -83.5424429877, 43.0144073543 ], [ -83.5408019976, 43.0133841702 ], [ -83.5402014871, 43.0130004681 ], [ -83.5394844153, 43.0126051909 ], [ -83.5388639112, 43.0122883323 ], [ -83.5386023121, 43.0121873481 ], [ -83.5380402193, 43.0119531758 ], [ -83.5374883601, 43.0117576396 ], [ -83.5368590451, 43.0115733207 ], [ -83.5360424327, 43.0113784723 ], [ -83.5351938997, 43.0112271953 ], [ -83.534694781, 43.0111695875 ], [ -83.5342425042, 43.011131991 ], [ -83.5335100833, 43.0110946194 ], [ -83.5327322448, 43.0111067259 ], [ -83.525124538, 43.0112248551 ], [ -83.5238860105, 43.0112260167 ], [ -83.5186321009, 43.0113038384 ], [ -83.5174400681, 43.0113160599 ] ] } },
{ "type": "Feature", "properties": { "PR": "3252007", "Aadt": 18141, "AadtCommercial": 507, "FacilityType": 2, "Year": "2024", "LocationId": "25-5254" }, "geometry": { "type": "LineString", "coordinates": [ [ -83.7048046653, 42.7977184115 ], [ -83.7059415255, 42.7977140616 ], [ -83.7064817832, 42.797715343 ], [ -83.7066709884, 42.7977206638 ], [ -83.7070395233, 42.7977901119 ], [ -83.7072792884, 42.7978913037 ], [ -83.7075452623, 42.7980035553 ], [ -83.7083061049, 42.7982642116 ], [ -83.7087337104, 42.7983370317 ], [ -83.7098669719, 42.7983560733 ], [ -83.710765691, 42.7983840802 ], [ -83.7117880722, 42.7984148628 ], [ -83.7134186072, 42.7984769342 ], [ -83.7146236683, 42.7985043981 ], [ -83.7148467223, 42.7985224934 ], [ -83.7151251578, 42.7985776039 ], [ -83.7155207722, 42.7986836942 ], [ -83.7184852951, 42.7998547598 ], [ -83.7198686337, 42.8003900521 ], [ -83.7205348926, 42.8006559805 ], [ -83.7208170963, 42.8007629281 ], [ -83.7210427376, 42.8008477032 ], [ -83.721356777, 42.8010454525 ], [ -83.7216472212, 42.8012751635 ], [ -83.7219905213, 42.8015328041 ], [ -83.7220297126, 42.801588324 ], [ -83.7223854119, 42.8019238397 ], [ -83.7225395733, 42.8020692524 ], [ -83.7229089174, 42.8023709508 ], [ -83.7231105663, 42.8025118429 ], [ -83.7235238884, 42.8027196368 ], [ -83.7240199574, 42.8029398168 ], [ -83.7244800824, 42.8031032232 ], [ -83.7248497025, 42.8031985799 ], [ -83.725877756, 42.8034808853 ], [ -83.7260466348, 42.8035241828 ], [ -83.7270230473, 42.8037851173 ], [ -83.7277257902, 42.8039781897 ], [ -83.7280287683, 42.804066939 ], [ -83.7284777485, 42.8041735292 ], [ -83.7294090636, 42.8043672996 ], [ -83.7301086056, 42.8044583086 ], [ -83.7306870877, 42.8044839295 ], [ -83.7311318473, 42.8044594706 ], [ -83.7312711039, 42.8044516402 ] ] } },
{ "type": "Feature", "properties": { "PR": "4410127", "Aadt": 8988, "AadtCommercial": 252, "FacilityType": 2, "Year": "2024", "LocationId": "63-5365" }, "geometry": { "type": "LineString", "coordinates": [ [ -83.6281097319, 42.8063627848 ], [ -83.6282111752, 42.8097941827 ], [ -83.6282193318, 42.810070118 ], [ -83.6282559606, 42.811224151 ], [ -83.6282559628, 42.8112242186 ], [ -83.6282561585, 42.8112303836 ], [ -83.6283318257, 42.8136143232 ], [ -83.6284134654, 42.8165965632 ], [ -83.6284132487, 42.8166474419 ], [ -83.628450229, 42.8180249553 ], [ -83.6284253016, 42.8183829749 ], [ -83.6284831332, 42.8202381956 ], [ -83.6286144732, 42.8268044964 ], [ -83.6286325402, 42.8271274445 ], [ -83.6286543823, 42.8273529512 ], [ -83.6287067733, 42.8275790991 ], [ -83.6287710893, 42.8277604885 ], [ -83.6288665364, 42.8279275276 ], [ -83.6289534224, 42.8280571904 ] ] } },
{ "type": "Feature", "properties": { "PR": "1506101", "Aadt": 4451, "AadtCommercial": 123, "FacilityType": 2, "Year": "2024", "LocationId": "25-5514" }, "geometry": { "type": "LineString", "coordinates": [ [ -83.7737100219, 43.0398144968 ], [ -83.7729962486, 43.0398799815 ], [ -83.772581859, 43.0398915046 ], [ -83.7711767887, 43.0399509905 ], [ -83.7707170516, 43.0399447446 ], [ -83.7703005733, 43.0399514046 ], [ -83.7700216601, 43.0399166881 ], [ -83.7698573693, 43.0399133172 ], [ -83.7678136058, 43.039643672 ], [ -83.7665805279, 43.0394838826 ], [ -83.7662018557, 43.039404106 ], [ -83.7658591507, 43.0393049573 ], [ -83.7655577477, 43.0391835292 ], [ -83.7652975232, 43.0390431165 ], [ -83.7650668784, 43.0388933906 ], [ -83.7647111561, 43.0385976715 ], [ -83.7638576641, 43.0379323548 ], [ -83.7634195081, 43.0375670134 ], [ -83.762018776, 43.0365405131 ], [ -83.7613862628, 43.0361249369 ], [ -83.7607401719, 43.0357642439 ], [ -83.759959132, 43.0353033995 ] ] } },
{ "type": "Feature", "properties": { "PR": "1494503", "Aadt": 12404, "AadtCommercial": 373, "FacilityType": 2, "Year": "2024", "LocationId": "25-1501" }, "geometry": { "type": "LineString", "coordinates": [ [ -83.7345819995, 43.1773795138 ], [ -83.7323295795, 43.1774234191 ], [ -83.7315671717, 43.1774296033 ], [ -83.7302584099, 43.1774415764 ], [ -83.7278993944, 43.1774841325 ], [ -83.7275352969, 43.1774867006 ], [ -83.7270150519, 43.1774939035 ], [ -83.7259010278, 43.1775040431 ], [ -83.7246555652, 43.1775222525 ] ] } },
{ "type": "Feature", "properties": { "PR": "1503006", "Aadt": 3469, "AadtCommercial": null, "FacilityType": 4, "Year": "2024", "LocationId": "25-0686" }, "geometry": { "type": "LineString", "coordinates": [ [ -83.7396610903, 42.8611376645 ], [ -83.7395685444, 42.8615034197 ], [ -83.7395031455, 42.8617003351 ], [ -83.7394281917, 42.8618698519 ], [ -83.7389766674, 42.8626498252 ], [ -83.7387247267, 42.8630038162 ] ] } },
{ "type": "Feature", "properties": { "PR": "1495404", "Aadt": 13244, "AadtCommercial": null, "FacilityType": 4, "Year": "2024", "LocationId": "25-4044" }, "geometry": { "type": "LineString", "coordinates": [ [ -83.6824312299, 43.0147402699 ], [ -83.68200238, 43.013943194 ], [ -83.6818944837, 43.0131494609 ], [ -83.6819249978, 43.0121949818 ] ] } },
{ "type": "Feature", "properties": { "PR": "1498006", "Aadt": 4408, "AadtCommercial": 127, "FacilityType": 2, "Year": "2024", "LocationId": "25-7079" }, "geometry": { "type": "LineString", "coordinates": [ [ -83.5953870688, 43.0224529771 ], [ -83.5938864136, 43.0224810651 ], [ -83.593523288, 43.0224083797 ], [ -83.5932500044, 43.022302954 ], [ -83.5930056989, 43.0222111359 ], [ -83.5921135962, 43.0215807834 ], [ -83.5919390726, 43.0214574646 ], [ -83.5917608443, 43.0212967641 ], [ -83.5913808048, 43.0210547941 ], [ -83.5907104856, 43.0206897039 ], [ -83.5901169294, 43.0204735052 ], [ -83.5896439844, 43.0203421641 ], [ -83.5890105969, 43.0202377239 ], [ -83.5884334539, 43.020203779 ], [ -83.5841699199, 43.0202492651 ], [ -83.5834615601, 43.0202450522 ], [ -83.5827832977, 43.0202305766 ], [ -83.5820411879, 43.0201887463 ], [ -83.5808616103, 43.0200608348 ], [ -83.5799327653, 43.0199184832 ], [ -83.5788271706, 43.0196652956 ], [ -83.5787812854, 43.0196530733 ], [ -83.5775187724, 43.0193168014 ], [ -83.5768160203, 43.01917616 ], [ -83.5762990764, 43.0191131225 ], [ -83.57573539, 43.0191063784 ] ] } },
{ "type": "Feature", "properties": { "PR": "1494503", "Aadt": 14435, "AadtCommercial": 707, "FacilityType": 2, "Year": "2024", "LocationId": "25-0671" }, "geometry": { "type": "LineString", "coordinates": [ [ -83.8141055284, 43.177158503 ], [ -83.8132679434, 43.1771865209 ], [ -83.8086874517, 43.1772181167 ], [ -83.799444119, 43.1772257501 ], [ -83.7939408503, 43.1772441336 ], [ -83.7867749139, 43.1772568987 ], [ -83.7849793733, 43.1772700303 ], [ -83.7840601129, 43.177263534 ], [ -83.7780115472, 43.1772966239 ], [ -83.7759565631, 43.1773245519 ], [ -83.7741216876, 43.177365705 ], [ -83.7724604091, 43.1774849486 ], [ -83.7709551347, 43.1775733747 ], [ -83.7703561914, 43.177588342 ], [ -83.769895396, 43.1775897954 ], [ -83.7688852238, 43.1775896468 ], [ -83.7686131994, 43.1775924954 ] ] } },
{ "type": "Feature", "properties": { "PR": "1505805", "Aadt": 4402, "AadtCommercial": 123, "FacilityType": 2, "Year": "2024", "LocationId": "25-7035" }, "geometry": { "type": "LineString", "coordinates": [ [ -83.6860023514, 43.0903341644 ], [ -83.6847882064, 43.090338628 ], [ -83.6817973573, 43.0903796616 ] ] } },
{ "type": "Feature", "properties": { "PR": "1494305", "Aadt": 5487, "AadtCommercial": 151, "FacilityType": 2, "Year": "2024", "LocationId": "25-6780" }, "geometry": { "type": "LineString", "coordinates": [ [ -83.7340904076, 43.1186513507 ], [ -83.7242123554, 43.1188834301 ], [ -83.7192078579, 43.1191251335 ], [ -83.7174468686, 43.1191911535 ], [ -83.7141758331, 43.1193700093 ], [ -83.7120628594, 43.119383724 ], [ -83.7110101879, 43.1193688408 ], [ -83.7049174371, 43.1193601569 ], [ -83.7048699747, 43.1193600879 ], [ -83.7043065495, 43.1193592689 ] ] } },
{ "type": "Feature", "properties": { "PR": "0552503", "Aadt": 984, "AadtCommercial": 29, "FacilityType": 2, "Year": "2024", "LocationId": "76-5086" }, "geometry": { "type": "LineString", "coordinates": [ [ -84.0636806462, 42.8788027567 ], [ -84.0630553723, 42.8782825093 ], [ -84.0620973073, 42.8775059525 ], [ -84.0619933203, 42.8774216646 ], [ -84.061804954, 42.8772654913 ], [ -84.0593437929, 42.875224849 ], [ -84.0591198059, 42.8750457899 ], [ -84.0589023482, 42.8748668329 ], [ -84.0588511754, 42.8748363371 ], [ -84.0586193596, 42.8746328865 ], [ -84.057174093, 42.8734254425 ], [ -84.0538894752, 42.8707262461 ], [ -84.0535789636, 42.8704571031 ], [ -84.0481872438, 42.8660700064 ], [ -84.0439892299, 42.8626954014 ], [ -84.0433497059, 42.8621470661 ], [ -84.0432208924, 42.8619661213 ], [ -84.0430487212, 42.8617710487 ], [ -84.0427266306, 42.8613541042 ], [ -84.0409702942, 42.8586388303 ], [ -84.0402786474, 42.8575431278 ], [ -84.03976968, 42.8568647832 ], [ -84.0395510179, 42.856500644 ], [ -84.0392445621, 42.8558064539 ], [ -84.039034016, 42.8552042653 ], [ -84.0383614519, 42.8532325655 ], [ -84.0377082183, 42.8513666372 ], [ -84.0366692823, 42.8485239031 ], [ -84.0364070617, 42.8479073258 ], [ -84.0360748371, 42.8471887461 ], [ -84.0357319836, 42.8466950402 ], [ -84.0339610764, 42.8438742146 ], [ -84.0338410471, 42.8436573587 ], [ -84.0336546263, 42.8403919548 ], [ -84.0334888199, 42.8368239214 ] ] } },
{ "type": "Feature", "properties": { "PR": "0758710", "Aadt": 1196, "AadtCommercial": 34, "FacilityType": 2, "Year": "2024", "LocationId": "44-5078" }, "geometry": { "type": "LineString", "coordinates": [ [ -83.4258503675, 43.1274290472 ], [ -83.421035656, 43.1275604741 ], [ -83.4198650852, 43.1275891655 ], [ -83.4184131716, 43.1276348346 ], [ -83.4160929946, 43.12770764 ], [ -83.4135909003, 43.127796414 ], [ -83.4101041155, 43.1279335871 ], [ -83.406264115, 43.128069596 ] ] } },
{ "type": "Feature", "properties": { "PR": "1512801", "Aadt": 3852, "AadtCommercial": 113, "FacilityType": 2, "Year": "2024", "LocationId": "25-7101" }, "geometry": { "type": "LineString", "coordinates": [ [ -83.6170751493, 43.0914941058 ], [ -83.6168334154, 43.0914878682 ], [ -83.6135937487, 43.0915561471 ], [ -83.6135068776, 43.0915626577 ], [ -83.6107125512, 43.0916217536 ], [ -83.6088242073, 43.0916637551 ], [ -83.6088146685, 43.0916639672 ], [ -83.6072146318, 43.0916995317 ], [ -83.6071001504, 43.0917011657 ], [ -83.6062940585, 43.0917126729 ], [ -83.6046940391, 43.0917354979 ], [ -83.603897748, 43.0917468479 ], [ -83.5974768802, 43.0918381735 ] ] } },
{ "type": "Feature", "properties": { "PR": "1506101", "Aadt": 11752, "AadtCommercial": 330, "FacilityType": 2, "Year": "2024", "LocationId": "25-5497" }, "geometry": { "type": "LineString", "coordinates": [ [ -83.8342595331, 43.0645359918 ], [ -83.8340721579, 43.0644014218 ], [ -83.8337939831, 43.0642484135 ], [ -83.8331064726, 43.0639896122 ], [ -83.8324562757, 43.063808498 ], [ -83.8311680307, 43.063431492 ], [ -83.8303861452, 43.0631809296 ], [ -83.8274729905, 43.0623604652 ], [ -83.8268760704, 43.0621653329 ], [ -83.8265142401, 43.0620528874 ], [ -83.8263560812, 43.0619925806 ], [ -83.8261354323, 43.0618849456 ], [ -83.8255129419, 43.0615889427 ], [ -83.8229026423, 43.0601735909 ] ] } },
{ "type": "Feature", "properties": { "PR": "1533806", "Aadt": 2201, "AadtCommercial": 63, "FacilityType": 2, "Year": "2024", "LocationId": "25-5384" }, "geometry": { "type": "LineString", "coordinates": [ [ -83.653158284, 42.9819494893 ], [ -83.652123944, 42.9819698551 ], [ -83.6511544777, 42.9819830159 ], [ -83.6501748521, 42.9819930174 ], [ -83.6483920939, 42.982026856 ], [ -83.6463552082, 42.9820564335 ] ] } },
{ "type": "Feature", "properties": { "PR": "0553803", "Aadt": 6298, "AadtCommercial": 320, "FacilityType": 2, "Year": "2024", "LocationId": "76-9601" }, "geometry": { "type": "LineString", "coordinates": [ [ -84.0232172727, 42.9400769481 ], [ -84.0281126612, 42.9428011042 ], [ -84.0289449415, 42.9432441571 ], [ -84.0300781144, 42.9438091225 ], [ -84.0312780652, 42.9443751096 ], [ -84.0325440489, 42.9448731518 ], [ -84.0343645422, 42.9455450143 ], [ -84.0347298915, 42.9456718811 ], [ -84.0357816658, 42.9460370995 ], [ -84.0360160715, 42.9460973998 ], [ -84.036445096, 42.9462267299 ], [ -84.0371723285, 42.9464918064 ] ] } },
{ "type": "Feature", "properties": { "PR": "1519802", "Aadt": 1842, "AadtCommercial": 55, "FacilityType": 2, "Year": "2024", "LocationId": "25-5283" }, "geometry": { "type": "LineString", "coordinates": [ [ -83.6323678796, 42.9257216331 ], [ -83.6325164229, 42.9258251191 ], [ -83.6325682215, 42.925867733 ], [ -83.6326031749, 42.9259194636 ], [ -83.6326179016, 42.9259633084 ], [ -83.6326229379, 42.9260172216 ], [ -83.6326129725, 42.9261255797 ], [ -83.632597084, 42.9261983495 ], [ -83.6325735665, 42.9262810064 ], [ -83.6325666672, 42.9263560416 ], [ -83.6325805245, 42.9264543958 ], [ -83.6326127117, 42.9265274728 ], [ -83.6326630053, 42.9265940412 ], [ -83.6327134958, 42.9266440495 ], [ -83.6327893294, 42.9267107821 ], [ -83.6328440288, 42.9267749834 ], [ -83.6328869199, 42.9268464288 ], [ -83.6329095053, 42.9269177437 ], [ -83.6330519811, 42.9275488574 ] ] } },
{ "type": "Feature", "properties": { "PR": "1503101", "Aadt": 8556, "AadtCommercial": 250, "FacilityType": 2, "Year": "2024", "LocationId": "25-5249" }, "geometry": { "type": "LineString", "coordinates": [ [ -83.7268588787, 42.8192394732 ], [ -83.7271708961, 42.8201222049 ], [ -83.7274808879, 42.8211196559 ], [ -83.7277198524, 42.8221236041 ], [ -83.7277640735, 42.8225901048 ], [ -83.7278210106, 42.8241228254 ], [ -83.7279101469, 42.8265221843 ], [ -83.7279448388, 42.8271756138 ], [ -83.7279622887, 42.8277123642 ], [ -83.7280015706, 42.8288307255 ], [ -83.72800945, 42.8289336515 ], [ -83.7281084516, 42.8316443122 ], [ -83.728113703, 42.831816606 ], [ -83.7281375893, 42.8327446257 ], [ -83.7282459574, 42.8358803534 ], [ -83.7282650837, 42.8363521918 ], [ -83.7282907467, 42.8370223544 ], [ -83.7283226718, 42.837221411 ], [ -83.7283731233, 42.8373753698 ], [ -83.7284412549, 42.8375069494 ], [ -83.7285748227, 42.8376915163 ], [ -83.7287300426, 42.837853917 ], [ -83.7293806241, 42.838470501 ], [ -83.7295976166, 42.8387081009 ], [ -83.7296677501, 42.8388465372 ], [ -83.7296714506, 42.8389603147 ], [ -83.7296480893, 42.8390560551 ], [ -83.7295834101, 42.8391976116 ], [ -83.7294741033, 42.8393674248 ], [ -83.7291716315, 42.8397121421 ], [ -83.7288594356, 42.8400735804 ], [ -83.7286965018, 42.8402996531 ], [ -83.7285889509, 42.8404908258 ], [ -83.7285283896, 42.8405957527 ], [ -83.7284766454, 42.8407406614 ], [ -83.7284557878, 42.8408861914 ], [ -83.7284693901, 42.841083474 ] ] } },
{ "type": "Feature", "properties": { "PR": "1494005", "Aadt": 34842, "AadtCommercial": 6524, "FacilityType": 2, "Year": "2024", "LocationId": "25-0110" }, "geometry": { "type": "LineString", "coordinates": [ [ -83.9288629595, 42.964138133 ], [ -83.9278929815, 42.9641356663 ], [ -83.9245243291, 42.9641980321 ], [ -83.9183535576, 42.9643058776 ], [ -83.9177804132, 42.9643152359 ], [ -83.9094375766, 42.9644511331 ], [ -83.9043645167, 42.9645508222 ], [ -83.9021530345, 42.96457283 ], [ -83.9005419153, 42.964591568 ], [ -83.898470734, 42.964594424 ], [ -83.8971584143, 42.9645967703 ], [ -83.8944674578, 42.9646026167 ], [ -83.8898715309, 42.9645996717 ], [ -83.8802235577, 42.9645800017 ], [ -83.871157886, 42.9645607813 ], [ -83.8648892185, 42.9646140334 ], [ -83.8613549929, 42.9645829094 ], [ -83.8505893341, 42.9646285796 ], [ -83.8470051611, 42.9646456127 ], [ -83.8448138512, 42.9647107057 ], [ -83.8421733599, 42.9648059688 ], [ -83.8307502397, 42.965217387 ] ] } },
{ "type": "Feature", "properties": { "PR": "3251555", "Aadt": 3712, "AadtCommercial": 104, "FacilityType": 2, "Year": "2024", "LocationId": "76-5157" }, "geometry": { "type": "LineString", "coordinates": [ [ -83.932531042, 42.81703633 ], [ -83.9320715812, 42.8170530662 ], [ -83.9287943116, 42.8171847798 ], [ -83.9282390334, 42.8172006084 ], [ -83.9280265504, 42.8172052693 ], [ -83.9278403763, 42.8171882367 ], [ -83.9277336951, 42.8171784765 ], [ -83.9273049483, 42.8171277727 ], [ -83.926423141, 42.8169948665 ], [ -83.9243086672, 42.8166646332 ] ] } },
{ "type": "Feature", "properties": { "PR": "1510707", "Aadt": 998, "AadtCommercial": 29, "FacilityType": 2, "Year": "2024", "LocationId": "25-5184" }, "geometry": { "type": "LineString", "coordinates": [ [ -83.7823011912, 42.8138326716 ], [ -83.7809742893, 42.8138880147 ], [ -83.7791457169, 42.8139043947 ], [ -83.7773457614, 42.8139488145 ], [ -83.7737819263, 42.8139502296 ], [ -83.7736297972, 42.8139518728 ] ] } },
{ "type": "Feature", "properties": { "PR": "1501502", "Aadt": 7444, "AadtCommercial": 253, "FacilityType": 2, "Year": "2024", "LocationId": "25-0681" }, "geometry": { "type": "LineString", "coordinates": [ [ -83.5182072412, 43.0854836203 ], [ -83.5182523912, 43.0884519797 ], [ -83.5183015868, 43.0915494578 ], [ -83.5183355437, 43.092841768 ], [ -83.5183991877, 43.09638506 ], [ -83.518634966, 43.1037979482 ], [ -83.5187699448, 43.1074612437 ], [ -83.5188169388, 43.1097511221 ], [ -83.5188509687, 43.1111653671 ], [ -83.5188585172, 43.1113823129 ], [ -83.5189427206, 43.1154128899 ], [ -83.5190283037, 43.1218241666 ], [ -83.5190455461, 43.1254453535 ], [ -83.5190407902, 43.1261990147 ], [ -83.5190379544, 43.1269545267 ], [ -83.5190300709, 43.1304803591 ], [ -83.5190905482, 43.136767843 ], [ -83.5191064622, 43.1388666145 ], [ -83.5191689942, 43.1405511194 ], [ -83.5192987373, 43.143102982 ], [ -83.519384153, 43.1451476704 ], [ -83.5194367959, 43.1472476376 ], [ -83.5194714836, 43.1488637845 ], [ -83.5195113005, 43.1501782954 ], [ -83.5195491952, 43.1504710439 ], [ -83.5196153604, 43.1507578709 ], [ -83.5196844031, 43.150989226 ], [ -83.5197742194, 43.1511923046 ], [ -83.5198957319, 43.1514200183 ], [ -83.5201092488, 43.1517638478 ] ] } },
{ "type": "Feature", "properties": { "PR": "1844304", "Aadt": 3777, "AadtCommercial": null, "FacilityType": 4, "Year": "2024", "LocationId": "25-4123" }, "geometry": { "type": "LineString", "coordinates": [ [ -83.6776378333, 43.0310524519 ], [ -83.6771098559, 43.0316685615 ], [ -83.6770706008, 43.0317143692 ], [ -83.6767504947, 43.0322269145 ], [ -83.6764975345, 43.0326486997 ], [ -83.6763633192, 43.0329736259 ], [ -83.6762984831, 43.03334219 ] ] } },
{ "type": "Feature", "properties": { "PR": "0471901", "Aadt": 330, "AadtCommercial": 9, "FacilityType": 2, "Year": "2024", "LocationId": "73-5255" }, "geometry": { "type": "LineString", "coordinates": [ [ -83.8679821334, 43.2499866395 ], [ -83.8679456163, 43.2501994666 ], [ -83.8675810514, 43.2513859644 ], [ -83.8674910389, 43.2515925729 ], [ -83.8673723712, 43.2517921171 ], [ -83.8671578253, 43.2521137763 ], [ -83.8670016104, 43.2523728935 ], [ -83.8669469098, 43.2524613486 ], [ -83.8668083988, 43.2527843992 ], [ -83.8667688886, 43.2529341565 ], [ -83.866758083, 43.2530242893 ], [ -83.8667623931, 43.2531351719 ], [ -83.8667730043, 43.2535059995 ], [ -83.8668450086, 43.2537236664 ], [ -83.8669387856, 43.2539694754 ], [ -83.8670921553, 43.2542469116 ], [ -83.8673233926, 43.2545757311 ], [ -83.8676247217, 43.2549613337 ], [ -83.8678243491, 43.2551715077 ], [ -83.8679951816, 43.2553232785 ], [ -83.8682003776, 43.2554774079 ], [ -83.8684495245, 43.2556324018 ], [ -83.8686705741, 43.2557510802 ], [ -83.8689605039, 43.2558603175 ], [ -83.8692517579, 43.2559320029 ], [ -83.8694900694, 43.2559776404 ], [ -83.8698137694, 43.2560318176 ], [ -83.8700116785, 43.2560804323 ], [ -83.8702200973, 43.2561420703 ], [ -83.8704280104, 43.2562181287 ], [ -83.8707151178, 43.2563501883 ], [ -83.8715199554, 43.2567308729 ], [ -83.8729957162, 43.2574328566 ], [ -83.8739728596, 43.2579034991 ], [ -83.8749009921, 43.2584610889 ], [ -83.8767755214, 43.2596618795 ], [ -83.8773527478, 43.2600422893 ], [ -83.8793280117, 43.2613244056 ], [ -83.8803537468, 43.2619746694 ], [ -83.8808294803, 43.2622840774 ], [ -83.8809553981, 43.2624066363 ], [ -83.8809902611, 43.2624874228 ], [ -83.8809970287, 43.2625877191 ], [ -83.8809555926, 43.2626946258 ], [ -83.8807961686, 43.2631373969 ], [ -83.8804297412, 43.2642658687 ], [ -83.8801361583, 43.2652758402 ], [ -83.8799163984, 43.2661994453 ], [ -83.8796466091, 43.2672526713 ], [ -83.8811646845, 43.2675140836 ], [ -83.881548979, 43.2675673984 ], [ -83.881787696, 43.2676174208 ], [ -83.8819967442, 43.2676668871 ], [ -83.8821931671, 43.2677378125 ], [ -83.8824152301, 43.2678395886 ], [ -83.8825516349, 43.2679289161 ], [ -83.882681272, 43.2680419803 ], [ -83.8828234665, 43.2682203633 ], [ -83.8831680483, 43.2687236045 ], [ -83.8835694704, 43.2692994992 ], [ -83.8840376277, 43.2700114027 ], [ -83.8843169587, 43.2704809778 ], [ -83.8845515421, 43.2709730809 ], [ -83.8850631398, 43.2721157841 ], [ -83.8854992601, 43.2732368316 ], [ -83.8857905425, 43.2741729188 ], [ -83.8858876542, 43.2745910747 ], [ -83.8859043983, 43.2747215672 ], [ -83.8859043144, 43.2748357743 ], [ -83.8858671018, 43.2750192799 ], [ -83.8857825279, 43.2752013828 ], [ -83.8852712045, 43.2762449432 ], [ -83.885203803, 43.2764151211 ], [ -83.8851923726, 43.2765822617 ], [ -83.8852377905, 43.2768810803 ], [ -83.8854478201, 43.2777234824 ], [ -83.8854824583, 43.277908117 ], [ -83.8855332783, 43.2780329 ], [ -83.88563026, 43.2781902222 ], [ -83.8858469383, 43.2784188955 ], [ -83.8861709941, 43.278733087 ], [ -83.8864461575, 43.2789801293 ], [ -83.8865861715, 43.2791468939 ], [ -83.8867521505, 43.27936022 ], [ -83.8869834039, 43.2797360354 ], [ -83.8870739222, 43.2798529175 ], [ -83.8873283869, 43.2800994607 ] ] } },
{ "type": "Feature", "properties": { "PR": "1501502", "Aadt": 6677, "AadtCommercial": 233, "FacilityType": 2, "Year": "2024", "LocationId": "25-0117" }, "geometry": { "type": "LineString", "coordinates": [ [ -83.5200753263, 43.1814316067 ], [ -83.5200790144, 43.1847251895 ], [ -83.5201016366, 43.1877165905 ], [ -83.5201198741, 43.190308815 ], [ -83.5201392029, 43.191340448 ], [ -83.5201517134, 43.1949881845 ], [ -83.5202362811, 43.2003714814 ], [ -83.5202397242, 43.201591949 ], [ -83.5202323394, 43.2023709092 ], [ -83.5201934285, 43.2040749888 ], [ -83.5201932517, 43.2040868564 ], [ -83.5201655871, 43.2059396493 ], [ -83.5200989431, 43.2095671237 ], [ -83.5201425049, 43.211657704 ], [ -83.5201721002, 43.2124761938 ], [ -83.5201894164, 43.2127685241 ], [ -83.5202311837, 43.2130654106 ], [ -83.5202983632, 43.2133824047 ], [ -83.520510726, 43.2140932921 ], [ -83.5214976444, 43.2166848628 ], [ -83.5238505175, 43.2228768969 ] ] } },
{ "type": "Feature", "properties": { "PR": "0468305", "Aadt": 8586, "AadtCommercial": 207, "FacilityType": 2, "Year": "2024", "LocationId": "73-0055" }, "geometry": { "type": "LineString", "coordinates": [ [ -83.7584757186, 43.2357455315 ], [ -83.7665152591, 43.2464254989 ], [ -83.7674197769, 43.2476266725 ], [ -83.7681184054, 43.2485554822 ], [ -83.7693590066, 43.2502075026 ] ] } },
{ "type": "Feature", "properties": { "PR": "1497903", "Aadt": 36971, "AadtCommercial": 1774, "FacilityType": 2, "Year": "2024", "LocationId": "25-0472" }, "geometry": { "type": "LineString", "coordinates": [ [ -83.6824399645, 42.9888658713 ], [ -83.6824376839, 42.9895055729 ], [ -83.6823112261, 42.9902091706 ], [ -83.6820105368, 42.9910211558 ], [ -83.6817405893, 42.9915766174 ], [ -83.6815941717, 42.9918145195 ], [ -83.6815021692, 42.9919626635 ], [ -83.6813196718, 42.9922094653 ], [ -83.6811357598, 42.9924297914 ], [ -83.6808944293, 42.9926722276 ], [ -83.6806513202, 42.9928990459 ], [ -83.6805872813, 42.9929494748 ], [ -83.6804683941, 42.9930602747 ], [ -83.6803636498, 42.9931555078 ], [ -83.6800248701, 42.993438752 ], [ -83.6796672919, 42.9937194594 ], [ -83.6775093954, 42.9950321999 ], [ -83.6770657306, 42.9953688725 ], [ -83.6767304018, 42.9956217924 ], [ -83.6761576628, 42.9961171067 ], [ -83.6760559689, 42.9962074992 ], [ -83.6757396594, 42.9966012822 ], [ -83.6755014096, 42.9969698271 ], [ -83.6754685059, 42.9970295674 ], [ -83.6753062001, 42.9973242466 ], [ -83.6751924248, 42.9975532215 ], [ -83.6750417207, 42.9979683011 ], [ -83.6750036407, 42.9980889313 ], [ -83.6749210094, 42.9984174891 ], [ -83.674879721, 42.9988696377 ], [ -83.6748740546, 42.9992283897 ], [ -83.6749448308, 42.999716591 ], [ -83.6750513538, 43.0001736864 ], [ -83.6752330027, 43.0007137313 ], [ -83.676023307, 43.0025649909 ], [ -83.6763763436, 43.0035033635 ], [ -83.6766427372, 43.0041773568 ], [ -83.6767377773, 43.0044064382 ], [ -83.676905848, 43.0047900104 ], [ -83.6769988638, 43.0050145136 ], [ -83.6771378209, 43.0053498994 ], [ -83.6772058157, 43.0055185212 ], [ -83.6773192806, 43.0057799342 ], [ -83.6778315445, 43.006885437 ], [ -83.679278347, 43.0101834301 ], [ -83.6793103556, 43.0102541595 ], [ -83.6793262895, 43.0103026699 ], [ -83.6793587693, 43.0104037415 ], [ -83.679376057, 43.010469602 ] ] } },
{ "type": "Feature", "properties": { "PR": "1499702", "Aadt": 983, "AadtCommercial": 28, "FacilityType": 2, "Year": "2024", "LocationId": "25-6939" }, "geometry": { "type": "LineString", "coordinates": [ [ -83.6750246616, 43.0341573534 ], [ -83.6726277943, 43.0341611199 ], [ -83.6725822101, 43.0341449007 ], [ -83.6725400155, 43.0341325606 ], [ -83.6724849058, 43.0341215908 ], [ -83.6724281387, 43.0341140226 ], [ -83.6723730484, 43.0341094226 ], [ -83.6722524682, 43.034103766 ], [ -83.6720968761, 43.0341002844 ], [ -83.6719320916, 43.0340988916 ], [ -83.671481177, 43.0341061077 ], [ -83.6702598869, 43.0341256426 ], [ -83.6690830081, 43.0341465241 ], [ -83.6678742063, 43.03416796 ], [ -83.6665890034, 43.0341887155 ], [ -83.6654611958, 43.0342086139 ], [ -83.665406794, 43.034212495 ], [ -83.6653571741, 43.0342204039 ], [ -83.6653109061, 43.0342318167 ], [ -83.6652632252, 43.0342487258 ], [ -83.6652218154, 43.0342672397 ] ] } },
{ "type": "Feature", "properties": { "PR": "1844407", "Aadt": 129, "AadtCommercial": null, "FacilityType": 4, "Year": "2024", "LocationId": "25-4132" }, "geometry": { "type": "LineString", "coordinates": [ [ -83.6837331076, 43.0746145579 ], [ -83.6838863486, 43.0740839855 ], [ -83.6841929942, 43.0725382574 ], [ -83.6845485374, 43.0706787883 ] ] } },
{ "type": "Feature", "properties": { "PR": "1501406", "Aadt": 673, "AadtCommercial": null, "FacilityType": 4, "Year": "2024", "LocationId": "25-0497" }, "geometry": { "type": "LineString", "coordinates": [ [ -83.7337776843, 43.0953326966 ], [ -83.7339838532, 43.095002265 ], [ -83.7341234968, 43.094806243 ], [ -83.7341651545, 43.094753735 ], [ -83.7342934899, 43.0946835653 ], [ -83.7344822372, 43.0945903584 ], [ -83.734649521, 43.0945403649 ], [ -83.7347889146, 43.0945286065 ], [ -83.7349547553, 43.0945173771 ], [ -83.735119513, 43.0945352205 ], [ -83.7352965914, 43.0945775562 ], [ -83.735511899, 43.0946594497 ], [ -83.7356734092, 43.0947645138 ], [ -83.7358066671, 43.0949175036 ], [ -83.7359042953, 43.0951141653 ], [ -83.7359239318, 43.0953223319 ], [ -83.7358722354, 43.095466774 ], [ -83.7357729896, 43.0956442088 ], [ -83.7356013715, 43.0958104984 ], [ -83.7354061922, 43.0958987297 ], [ -83.7347167677, 43.0960857739 ] ] } },
{ "type": "Feature", "properties": { "PR": "1510807", "Aadt": 5542, "AadtCommercial": 163, "FacilityType": 2, "Year": "2024", "LocationId": "25-5262" }, "geometry": { "type": "LineString", "coordinates": [ [ -83.7101570988, 42.8049790249 ], [ -83.710168199, 42.8046341766 ], [ -83.7100580025, 42.8023870212 ], [ -83.710019493, 42.801649334 ], [ -83.70996974, 42.8004794748 ], [ -83.7099023531, 42.7993995748 ], [ -83.7099062454, 42.7992102307 ], [ -83.7098669719, 42.7983560733 ], [ -83.7098613211, 42.7978894355 ], [ -83.7098383008, 42.7977418447 ], [ -83.7097657928, 42.7976067685 ], [ -83.7086679633, 42.796481498 ] ] } },
{ "type": "Feature", "properties": { "PR": "1494807", "Aadt": 1445, "AadtCommercial": null, "FacilityType": 4, "Year": "2024", "LocationId": "25-4502" }, "geometry": { "type": "LineString", "coordinates": [ [ -83.7053438185, 42.9960950834 ], [ -83.7053333316, 42.9962789389 ], [ -83.705332137, 42.9964793888 ], [ -83.7050639438, 42.9968506695 ], [ -83.7033079455, 42.9988138029 ], [ -83.7028412836, 42.9992748628 ], [ -83.7024056237, 42.999640031 ], [ -83.7015021522, 43.0003456841 ], [ -83.7014940923, 43.000351979 ] ] } },
{ "type": "Feature", "properties": { "PR": "1495110", "Aadt": 11792, "AadtCommercial": 331, "FacilityType": 2, "Year": "2024", "LocationId": "25-7095" }, "geometry": { "type": "LineString", "coordinates": [ [ -83.5956998197, 43.0336418974 ], [ -83.5956613301, 43.034117714 ], [ -83.5958171502, 43.0388515605 ], [ -83.5958621513, 43.0405061441 ], [ -83.5958519905, 43.0407660484 ], [ -83.5958653554, 43.0412613882 ], [ -83.595911804, 43.042385988 ], [ -83.5960159215, 43.0452480272 ], [ -83.5961879461, 43.0479223088 ] ] } },
{ "type": "Feature", "properties": { "PR": "1495106", "Aadt": 1637, "AadtCommercial": null, "FacilityType": 4, "Year": "2024", "LocationId": "25-0427" }, "geometry": { "type": "LineString", "coordinates": [ [ -83.6346658365, 43.0123804624 ], [ -83.634476023, 43.0128171659 ], [ -83.6344107161, 43.012977419 ], [ -83.6343464788, 43.0131101009 ], [ -83.6342238131, 43.0132257941 ], [ -83.63407538, 43.013313356 ], [ -83.6339385974, 43.0133775089 ], [ -83.6336843464, 43.0134234394 ], [ -83.6312425703, 43.0137313161 ], [ -83.630818112, 43.0138045168 ], [ -83.6303988232, 43.0138875987 ] ] } },
{ "type": "Feature", "properties": { "PR": "1844707", "Aadt": 669, "AadtCommercial": null, "FacilityType": 4, "Year": "2024", "LocationId": "25-4125" }, "geometry": { "type": "LineString", "coordinates": [ [ -83.676998428, 43.0373558117 ], [ -83.6771433421, 43.0363110352 ], [ -83.6774431187, 43.0353282712 ], [ -83.6775329686, 43.0348915913 ], [ -83.6775816489, 43.0341457245 ] ] } },
{ "type": "Feature", "properties": { "PR": "0552907", "Aadt": 167, "AadtCommercial": 5, "FacilityType": 2, "Year": "2024", "LocationId": "76-5180" }, "geometry": { "type": "LineString", "coordinates": [ [ -83.991352472, 42.9107271966 ], [ -83.9913941787, 42.9116650816 ] ] } },
{ "type": "Feature", "properties": { "PR": "1494001", "Aadt": 8963, "AadtCommercial": 717, "FacilityType": 2, "Year": "2024", "LocationId": "25-0039" }, "geometry": { "type": "LineString", "coordinates": [ [ -83.9288629595, 42.964138133 ], [ -83.9288604741, 42.9643878442 ], [ -83.9288218251, 42.9649009114 ], [ -83.9288215054, 42.9650568498 ], [ -83.9288206318, 42.9657409652 ], [ -83.9288150641, 42.9658449217 ], [ -83.9288182886, 42.9666253953 ], [ -83.9288129173, 42.9667220971 ], [ -83.9288180258, 42.9669978937 ], [ -83.9288164094, 42.9675414388 ], [ -83.9288161771, 42.9676545538 ], [ -83.928795471, 42.9701108586 ], [ -83.9287624554, 42.9711527915 ], [ -83.9287546013, 42.9727272273 ], [ -83.9287214172, 42.9762070362 ], [ -83.9287286389, 42.9772624045 ], [ -83.9287178642, 42.9782000189 ], [ -83.9286812275, 42.9813876976 ], [ -83.9286698067, 42.9823813073 ], [ -83.9286643457, 42.9831078148 ], [ -83.9286508557, 42.9840299454 ], [ -83.9286603156, 42.9854838099 ] ] } },
{ "type": "Feature", "properties": { "PR": "0650602", "Aadt": 14057, "AadtCommercial": 393, "FacilityType": 2, "Year": "2024", "LocationId": "63-5263" }, "geometry": { "type": "LineString", "coordinates": [ [ -83.6277309388, 42.795490396 ], [ -83.6277841214, 42.7973355444 ], [ -83.62780845, 42.7981049708 ], [ -83.6278076971, 42.7982221427 ], [ -83.6277969457, 42.7985234676 ], [ -83.6277517596, 42.798840898 ], [ -83.6276921312, 42.7991403035 ], [ -83.6274798703, 42.8001079786 ], [ -83.6274196974, 42.8003773706 ], [ -83.6273672592, 42.8006392778 ], [ -83.627311396, 42.800994094 ], [ -83.6273133648, 42.8011814675 ], [ -83.6273277379, 42.8014170933 ], [ -83.6273897379, 42.8016364162 ], [ -83.6274739341, 42.8018253412 ], [ -83.6275743743, 42.801965595 ], [ -83.6277853026, 42.8022226527 ], [ -83.6279325011, 42.802426461 ], [ -83.6279675236, 42.8024929494 ], [ -83.6279834953, 42.8025659579 ], [ -83.627997325, 42.8026942921 ], [ -83.6279921242, 42.8028360734 ], [ -83.6281097319, 42.8063627848 ] ] } },
{ "type": "Feature", "properties": { "PR": "1505805", "Aadt": 6517, "AadtCommercial": 185, "FacilityType": 2, "Year": "2024", "LocationId": "25-6773" }, "geometry": { "type": "LineString", "coordinates": [ [ -83.7337109363, 43.0895373802 ], [ -83.7300694217, 43.0895544061 ], [ -83.7264673332, 43.0895823934 ], [ -83.726449432, 43.0895825329 ], [ -83.7258630094, 43.0895657245 ], [ -83.7251243404, 43.0895762569 ], [ -83.7237890923, 43.0896181447 ], [ -83.7219737475, 43.0897220561 ], [ -83.7208716595, 43.0898061055 ], [ -83.7204886615, 43.0898380463 ], [ -83.7186386001, 43.0899625392 ], [ -83.7163188331, 43.0901197832 ], [ -83.7158149665, 43.0901628074 ], [ -83.7139369008, 43.0902783863 ], [ -83.7114706167, 43.0902708224 ], [ -83.7102749591, 43.0902794671 ], [ -83.7064249736, 43.090245281 ] ] } },
{ "type": "Feature", "properties": { "PR": "0553804", "Aadt": 1039, "AadtCommercial": 29, "FacilityType": 2, "Year": "2024", "LocationId": "76-5144" }, "geometry": { "type": "LineString", "coordinates": [ [ -84.0279988483, 42.9392582603 ], [ -84.0280506502, 42.9402655116 ], [ -84.0280955788, 42.9423497181 ] ] } },
{ "type": "Feature", "properties": { "PR": "1497008", "Aadt": 13466, "AadtCommercial": 700, "FacilityType": 2, "Year": "2024", "LocationId": "25-4702" }, "geometry": { "type": "LineString", "coordinates": [ [ -83.6629773139, 43.0506423017 ], [ -83.6631700242, 43.0508860284 ], [ -83.6633831948, 43.0511102155 ], [ -83.6636740569, 43.0513404004 ], [ -83.6643135639, 43.0517008595 ], [ -83.6646676934, 43.0518444325 ], [ -83.6652073222, 43.0520063973 ], [ -83.6672154838, 43.0525772422 ], [ -83.6679566956, 43.0528022517 ], [ -83.6686883743, 43.0530505003 ], [ -83.6690917884, 43.0531821289 ], [ -83.6696397612, 43.05334334 ], [ -83.6701612054, 43.0535142634 ], [ -83.6707207897, 43.0537450059 ], [ -83.6709912615, 43.053882442 ], [ -83.6713434408, 43.0541149833 ] ] } },
{ "type": "Feature", "properties": { "PR": "0760105", "Aadt": 1686, "AadtCommercial": 49, "FacilityType": 2, "Year": "2024", "LocationId": "44-5076" }, "geometry": { "type": "LineString", "coordinates": [ [ -83.4127205048, 43.1535762525 ], [ -83.4099854275, 43.1517893806 ], [ -83.4097784992, 43.1517076316 ], [ -83.4095553689, 43.1516409684 ] ] } },
{ "type": "Feature", "properties": { "PR": "0550708", "Aadt": 32023, "AadtCommercial": 6021, "FacilityType": 2, "Year": "2024", "LocationId": "76-0054" }, "geometry": { "type": "LineString", "coordinates": [ [ -84.0921331485, 42.8948707303 ], [ -84.092124265, 42.8948738721 ], [ -84.0907187647, 42.8953709824 ], [ -84.0904628073, 42.8954615087 ], [ -84.0863746662, 42.8969072824 ], [ -84.0833220288, 42.8981092922 ], [ -84.0820153193, 42.8986043216 ], [ -84.0819600633, 42.898625254 ], [ -84.0812410748, 42.8988773146 ], [ -84.0763353254, 42.9006152774 ], [ -84.0692498796, 42.9031248981 ], [ -84.0652242838, 42.9045692261 ], [ -84.0631698341, 42.9053062538 ], [ -84.0627377611, 42.9054685242 ], [ -84.0615633052, 42.9059393302 ], [ -84.0609081783, 42.9061663776 ], [ -84.0597694742, 42.9065453274 ], [ -84.0586370456, 42.9069793299 ], [ -84.0574094454, 42.9074073477 ], [ -84.0559653305, 42.9079403835 ], [ -84.0550051641, 42.9082770632 ], [ -84.0547133799, 42.9083793744 ], [ -84.0515328248, 42.9094924342 ], [ -84.0506200597, 42.9098144249 ], [ -84.0491820656, 42.9103492946 ], [ -84.0481775844, 42.9107634427 ], [ -84.0473578222, 42.9111213673 ], [ -84.0469262269, 42.9113140237 ], [ -84.0465506058, 42.9114857584 ], [ -84.0461537222, 42.9116571233 ], [ -84.0456873023, 42.9118741881 ], [ -84.0449688081, 42.9121993453 ], [ -84.0437060629, 42.9127600052 ], [ -84.0357139808, 42.9163559412 ], [ -84.0352918639, 42.9165391249 ], [ -84.0306886037, 42.9186118073 ], [ -84.0297588065, 42.919025984 ], [ -84.0288457705, 42.9194245039 ], [ -84.0282302779, 42.9196767768 ], [ -84.0274715824, 42.9199741402 ], [ -84.0269225695, 42.9201561609 ], [ -84.0265807152, 42.9202578137 ], [ -84.0257356169, 42.9204994885 ], [ -84.0248914759, 42.9207415595 ], [ -84.0220691574, 42.9214744991 ], [ -84.0204550725, 42.9219004765 ], [ -84.0190320068, 42.9222716 ], [ -84.0127358267, 42.9239133221 ], [ -84.0116796994, 42.924196076 ], [ -84.0114812452, 42.9242392959 ], [ -84.0111051746, 42.9243400511 ], [ -84.0084126893, 42.9250179272 ], [ -84.0039079083, 42.9261519029 ], [ -84.0007494912, 42.9270099786 ] ] } },
{ "type": "Feature", "properties": { "PR": "1501502", "Aadt": 10691, "AadtCommercial": 299, "FacilityType": 2, "Year": "2024", "LocationId": "25-0599" }, "geometry": { "type": "LineString", "coordinates": [ [ -83.5069076164, 42.9911993055 ], [ -83.5070147482, 42.9944863355 ], [ -83.5070683495, 42.9956193143 ], [ -83.5070697238, 42.9957384818 ], [ -83.5070929338, 42.9960872384 ], [ -83.5071459514, 42.9964675629 ], [ -83.5072304766, 42.9968463251 ], [ -83.5073075099, 42.9971000404 ], [ -83.5073915291, 42.9973355803 ], [ -83.5074962123, 42.9975621044 ], [ -83.5076323061, 42.9978429468 ], [ -83.5077595742, 42.9980747518 ], [ -83.5078962188, 42.9983112059 ], [ -83.5081131959, 42.9986054539 ], [ -83.508459637, 42.9990005972 ], [ -83.5086331503, 42.9991866032 ], [ -83.5087952747, 42.9993488127 ], [ -83.5091023773, 42.9996170277 ], [ -83.5093385367, 42.9997958172 ], [ -83.5098538293, 43.000175702 ], [ -83.5113535476, 43.0012121598 ], [ -83.5125460559, 43.0020626425 ], [ -83.5132011055, 43.002558752 ], [ -83.513876168, 43.0031252245 ], [ -83.5143081025, 43.0035437802 ], [ -83.514640216, 43.0039007463 ], [ -83.5151814483, 43.0045288165 ], [ -83.5153826852, 43.0047832219 ], [ -83.5155918446, 43.005066165 ], [ -83.5158444369, 43.0054478016 ], [ -83.5161603959, 43.0059631144 ], [ -83.516414738, 43.0064345833 ], [ -83.5166103817, 43.0068671813 ], [ -83.5168576102, 43.007460863 ], [ -83.517007339, 43.0079690301 ], [ -83.5171548102, 43.0085327329 ], [ -83.5172674137, 43.0091690686 ], [ -83.5173280191, 43.0095251429 ], [ -83.5174261717, 43.0104824525 ], [ -83.5174400681, 43.0113160599 ] ] } },
{ "type": "Feature", "properties": { "PR": "1497810", "Aadt": 3964, "AadtCommercial": null, "FacilityType": 4, "Year": "2024", "LocationId": "25-0157" }, "geometry": { "type": "LineString", "coordinates": [ [ -83.6318985858, 42.8970912586 ], [ -83.6321398512, 42.8970982908 ], [ -83.6329942631, 42.8970479638 ], [ -83.6336559758, 42.89703197 ], [ -83.6342239892, 42.8970395933 ], [ -83.6348314083, 42.8970778835 ], [ -83.6353396659, 42.8971311509 ], [ -83.6358182935, 42.8972008509 ], [ -83.6363189454, 42.8973008546 ], [ -83.6369732493, 42.8974765488 ], [ -83.6375186142, 42.8976201177 ], [ -83.6379332502, 42.8976889382 ] ] } },
{ "type": "Feature", "properties": { "PR": "1497102", "Aadt": 15255, "AadtCommercial": 235, "FacilityType": 2, "Year": "2024", "LocationId": "25-5411" }, "geometry": { "type": "LineString", "coordinates": [ [ -83.5990880159, 42.8873377082 ], [ -83.6002886522, 42.8927905629 ], [ -83.6006352072, 42.8941206607 ], [ -83.6008202847, 42.8949456548 ], [ -83.6010417264, 42.8958253986 ], [ -83.6011197755, 42.8961354704 ], [ -83.6013701841, 42.8972603205 ], [ -83.6015646393, 42.8981742533 ], [ -83.6017863474, 42.8992162373 ], [ -83.6017874967, 42.8992216396 ], [ -83.6021010174, 42.900649874 ], [ -83.6021450149, 42.9008498769 ], [ -83.6023847673, 42.9017886351 ], [ -83.6030588954, 42.9049763845 ], [ -83.6033022769, 42.9060625352 ], [ -83.6036141006, 42.9075301545 ], [ -83.6037671631, 42.9080329505 ], [ -83.6039252013, 42.9084088464 ], [ -83.604343875, 42.9090580408 ] ] } },
{ "type": "Feature", "properties": { "PR": "1502108", "Aadt": 2732, "AadtCommercial": 77, "FacilityType": 2, "Year": "2024", "LocationId": "25-7134" }, "geometry": { "type": "LineString", "coordinates": [ [ -83.4805187632, 43.2096650602 ], [ -83.4762307875, 43.2095658688 ], [ -83.4704477186, 43.2093936441 ], [ -83.4674162664, 43.2092072031 ], [ -83.4637396329, 43.2089649116 ], [ -83.463133142, 43.2089283774 ], [ -83.4628409134, 43.2089265334 ], [ -83.4625739764, 43.2089488377 ], [ -83.4623906659, 43.2089829898 ], [ -83.4622437685, 43.209016292 ], [ -83.4620345894, 43.2090856265 ], [ -83.4618079922, 43.2091848294 ], [ -83.4617225951, 43.209221051 ], [ -83.4612835923, 43.2094683206 ], [ -83.4605511973, 43.2098943666 ], [ -83.4604171091, 43.2099767586 ] ] } },
{ "type": "Feature", "properties": { "PR": "1495101", "Aadt": 3686, "AadtCommercial": 103, "FacilityType": 2, "Year": "2024", "LocationId": "25-6982" }, "geometry": { "type": "LineString", "coordinates": [ [ -83.644096346, 43.0039088865 ], [ -83.6441863884, 43.005835531 ], [ -83.6442435308, 43.0075789796 ], [ -83.6442783405, 43.0083714556 ], [ -83.6443264922, 43.0098676616 ], [ -83.6443408072, 43.0104994676 ], [ -83.644273717, 43.0107626309 ], [ -83.6441769993, 43.0109741209 ], [ -83.6440764712, 43.0111205539 ], [ -83.643872554, 43.0113744021 ], [ -83.6436127044, 43.0117649779 ], [ -83.6434898159, 43.0119806913 ], [ -83.6433338819, 43.0123255413 ], [ -83.6430602592, 43.0130059442 ], [ -83.6430360314, 43.0132569727 ], [ -83.6430064117, 43.0135768994 ], [ -83.6430801904, 43.0155021802 ], [ -83.6429753549, 43.0160631689 ], [ -83.6426014279, 43.0174246068 ], [ -83.6425525584, 43.0177344945 ], [ -83.6425445729, 43.0185627072 ], [ -83.642549006, 43.0188185263 ], [ -83.642548322, 43.0190015432 ], [ -83.6426604981, 43.0192432276 ], [ -83.6428833926, 43.0196056394 ], [ -83.6446539818, 43.0227768113 ], [ -83.6448097192, 43.0231099525 ], [ -83.6448923479, 43.0233957524 ], [ -83.6449316175, 43.0235296535 ], [ -83.6449755258, 43.0239209872 ], [ -83.6450351267, 43.0243216238 ], [ -83.6450644516, 43.0250200294 ], [ -83.6451172143, 43.0257474705 ] ] } },
{ "type": "Feature", "properties": { "PR": "1526304", "Aadt": 2868, "AadtCommercial": 106, "FacilityType": 2, "Year": "2024", "LocationId": "25-5571" }, "geometry": { "type": "LineString", "coordinates": [ [ -83.7059060767, 43.0226039144 ], [ -83.7061511464, 43.0225832767 ], [ -83.7063159624, 43.0225779898 ], [ -83.7065499765, 43.0226086144 ], [ -83.7067423802, 43.0226513369 ], [ -83.7069302345, 43.0226951947 ], [ -83.7083023661, 43.0231310007 ], [ -83.7094322295, 43.0234899311 ], [ -83.7107175398, 43.023878791 ], [ -83.7115063421, 43.0241344374 ], [ -83.7128721605, 43.02457313 ], [ -83.7131643606, 43.0246586284 ], [ -83.7150396915, 43.0252097753 ], [ -83.7180901567, 43.0261471973 ], [ -83.7181180365, 43.026155764 ], [ -83.7182058959, 43.026183001 ], [ -83.7202542072, 43.0268179718 ], [ -83.7234063436, 43.0278262089 ], [ -83.7261258542, 43.0286578586 ], [ -83.7288663113, 43.0295171175 ] ] } },
{ "type": "Feature", "properties": { "PR": "1495403", "Aadt": 3391, "AadtCommercial": null, "FacilityType": 4, "Year": "2024", "LocationId": "25-4459" }, "geometry": { "type": "LineString", "coordinates": [ [ -83.6879112829, 43.0067888269 ], [ -83.6883708079, 43.0065346254 ], [ -83.6886037626, 43.0063700327 ], [ -83.6890150816, 43.0060534024 ], [ -83.6894886719, 43.0056261461 ], [ -83.6899516272, 43.005175915 ] ] } },
{ "type": "Feature", "properties": { "PR": "0468409", "Aadt": 3466, "AadtCommercial": 98, "FacilityType": 2, "Year": "2024", "LocationId": "73-5728" }, "geometry": { "type": "LineString", "coordinates": [ [ -83.7748046108, 43.2357447171 ], [ -83.7747470293, 43.2392587024 ], [ -83.7746829278, 43.2430038316 ], [ -83.7746661755, 43.2450178805 ], [ -83.7746459311, 43.2472409442 ], [ -83.7746426616, 43.2476039665 ], [ -83.7746493252, 43.2478093842 ], [ -83.774687141, 43.2479156317 ], [ -83.7747574373, 43.2480422383 ], [ -83.7748441588, 43.2481807903 ], [ -83.7749585935, 43.2482930906 ], [ -83.7750484683, 43.2483567602 ], [ -83.7751275646, 43.2484064613 ], [ -83.7752209177, 43.2484558549 ] ] } },
{ "type": "Feature", "properties": { "PR": "3250252", "Aadt": 2527, "AadtCommercial": 73, "FacilityType": 2, "Year": "2024", "LocationId": "25-7040" }, "geometry": { "type": "LineString", "coordinates": [ [ -83.6947277018, 43.1489860439 ], [ -83.6930307388, 43.1490236255 ], [ -83.6858509613, 43.149185646 ], [ -83.6791637906, 43.1492831984 ], [ -83.6783170516, 43.1493054739 ] ] } },
{ "type": "Feature", "properties": { "PR": "3250619", "Aadt": 310, "AadtCommercial": 9, "FacilityType": 1, "Year": "2024", "LocationId": "25-7022" }, "geometry": { "type": "LineString", "coordinates": [ [ -83.6834638608, 43.0576702287 ], [ -83.6834568719, 43.0578902125 ], [ -83.6832285267, 43.0583677639 ], [ -83.6827186535, 43.0590910288 ], [ -83.6825686901, 43.0593320091 ], [ -83.682490839, 43.059516517 ], [ -83.6824731172, 43.0596719613 ], [ -83.6825027401, 43.0597817996 ], [ -83.6825125674, 43.0605143717 ], [ -83.6824709797, 43.0613002384 ], [ -83.6824877595, 43.0620236538 ], [ -83.6824756489, 43.0624131269 ], [ -83.6824978814, 43.0627384429 ], [ -83.6825138196, 43.0634405435 ], [ -83.6824382281, 43.0636973025 ], [ -83.6823179155, 43.0639689872 ], [ -83.6821759496, 43.0641354069 ], [ -83.6817239083, 43.0646912268 ], [ -83.6815796512, 43.0648876545 ], [ -83.6813803587, 43.0652588574 ], [ -83.6812724444, 43.0655461452 ], [ -83.6813510442, 43.0661974987 ], [ -83.6818046506, 43.0668259165 ], [ -83.6823255555, 43.0674773036 ], [ -83.6825019584, 43.0677234 ], [ -83.6825536545, 43.0679246537 ], [ -83.6826130974, 43.0682021848 ], [ -83.6825908065, 43.06887326 ] ] } },
{ "type": "Feature", "properties": { "PR": "3251565", "Aadt": 368, "AadtCommercial": 10, "FacilityType": 2, "Year": "2024", "LocationId": "63-5500" }, "geometry": { "type": "LineString", "coordinates": [ [ -83.6879866831, 42.863834085 ], [ -83.6875377281, 42.8638291051 ], [ -83.6845043956, 42.8638153081 ], [ -83.6791147573, 42.8637235946 ], [ -83.6743137919, 42.8636523783 ], [ -83.6732478343, 42.8636648787 ], [ -83.6720140571, 42.8636619694 ], [ -83.6708736976, 42.8636159637 ], [ -83.6698601741, 42.8635952624 ], [ -83.6653790379, 42.8635700809 ], [ -83.6647993882, 42.8635280974 ], [ -83.6645350131, 42.8635270411 ] ] } },
{ "type": "Feature", "properties": { "PR": "1514409", "Aadt": 2148, "AadtCommercial": 61, "FacilityType": 2, "Year": "2024", "LocationId": "44-5066" }, "geometry": { "type": "LineString", "coordinates": [ [ -83.4596834623, 43.1513818708 ], [ -83.4597360429, 43.1578522425 ], [ -83.4597944682, 43.1635192774 ], [ -83.4598441509, 43.1651110958 ], [ -83.4598666125, 43.1657686372 ], [ -83.4598672824, 43.1689146814 ], [ -83.4599225393, 43.1724519159 ], [ -83.4599363434, 43.1729192752 ], [ -83.4599944135, 43.1787163476 ], [ -83.4599961376, 43.1796497789 ], [ -83.4601072237, 43.1869324162 ] ] } },
{ "type": "Feature", "properties": { "PR": "1498006", "Aadt": 10710, "AadtCommercial": 300, "FacilityType": 2, "Year": "2024", "LocationId": "25-5455" }, "geometry": { "type": "LineString", "coordinates": [ [ -83.654641401, 43.0184327071 ], [ -83.6542648165, 43.0184403622 ], [ -83.6534330166, 43.0184604352 ], [ -83.6526603755, 43.0184614881 ], [ -83.6516919591, 43.0184712144 ], [ -83.6497446615, 43.0184780024 ], [ -83.6452819984, 43.0185309322 ], [ -83.6444987872, 43.0185295475 ], [ -83.6425445729, 43.0185627072 ], [ -83.639779376, 43.0186193173 ], [ -83.6394174214, 43.0186339344 ], [ -83.6371617508, 43.0186773359 ], [ -83.6348308423, 43.0187335477 ], [ -83.6298369118, 43.0187066219 ], [ -83.6292193846, 43.0187143922 ], [ -83.6252721155, 43.0186994685 ], [ -83.6249674714, 43.0186988954 ], [ -83.624898175, 43.0186985325 ], [ -83.6241076524, 43.0186888303 ], [ -83.6186323122, 43.0186650287 ], [ -83.616905657, 43.0186763588 ], [ -83.6150656984, 43.018715113 ] ] } },
{ "type": "Feature", "properties": { "PR": "1498104", "Aadt": 7637, "AadtCommercial": 214, "FacilityType": 2, "Year": "2024", "LocationId": "25-7016" }, "geometry": { "type": "LineString", "coordinates": [ [ -83.6826647427, 43.0757816858 ], [ -83.6814802681, 43.0757865841 ], [ -83.680560911, 43.0757773946 ], [ -83.6769311944, 43.0758248427 ], [ -83.6764557059, 43.0758253551 ], [ -83.6762815587, 43.0758236732 ], [ -83.6760827433, 43.0758213029 ], [ -83.6759073219, 43.0758281167 ], [ -83.6755073122, 43.0758397793 ], [ -83.6741369315, 43.0758683317 ], [ -83.6689560804, 43.076015253 ], [ -83.6686764786, 43.0760305225 ], [ -83.6679731688, 43.0760249772 ], [ -83.6678429864, 43.076023398 ], [ -83.6658487717, 43.0760845391 ] ] } },
{ "type": "Feature", "properties": { "PR": "0755001", "Aadt": 3353, "AadtCommercial": 96, "FacilityType": 2, "Year": "2024", "LocationId": "44-5047" }, "geometry": { "type": "LineString", "coordinates": [ [ -83.4398869485, 43.013402997 ], [ -83.4397482355, 43.0142940816 ], [ -83.43959557, 43.0151698031 ], [ -83.439550018, 43.0155154269 ], [ -83.4393108172, 43.0172697174 ], [ -83.4392735223, 43.0179359162 ], [ -83.439255893, 43.018831476 ], [ -83.4392712853, 43.0192880296 ], [ -83.4392864403, 43.0197375476 ], [ -83.4393363591, 43.020873957 ], [ -83.4395025327, 43.0246567659 ], [ -83.4395997718, 43.02704572 ], [ -83.4396537997, 43.0281805109 ], [ -83.4397322016, 43.0300167255 ], [ -83.4399549156, 43.0352323442 ], [ -83.4399711257, 43.0354398782 ], [ -83.440012501, 43.0361332162 ], [ -83.4400690269, 43.0379072553 ], [ -83.4401222626, 43.0390672795 ], [ -83.4402354531, 43.0415336597 ] ] } },
{ "type": "Feature", "properties": { "PR": "1494001", "Aadt": 4935, "AadtCommercial": 357, "FacilityType": 2, "Year": "2024", "LocationId": "25-0015" }, "geometry": { "type": "LineString", "coordinates": [ [ -83.9285678795, 42.9988891946 ], [ -83.9285690853, 42.9990319511 ], [ -83.928559907, 43.0003152927 ], [ -83.9285290578, 43.002048318 ], [ -83.9284891284, 43.0093208848 ], [ -83.9284865687, 43.0096993365 ], [ -83.9284502593, 43.0134028855 ], [ -83.9284342142, 43.0148182728 ], [ -83.9284046312, 43.023442548 ], [ -83.9283999744, 43.0247459287 ], [ -83.9283779712, 43.0278472422 ], [ -83.928373595, 43.0296608973 ], [ -83.9283808969, 43.0331595318 ], [ -83.9283425014, 43.037475851 ], [ -83.9283152294, 43.0445121473 ], [ -83.9283618028, 43.0538455947 ], [ -83.9284105976, 43.0589386707 ], [ -83.9284256233, 43.0593764688 ], [ -83.9286294125, 43.068783221 ], [ -83.9286722026, 43.0718570674 ], [ -83.9286866867, 43.0733762762 ], [ -83.9286912847, 43.0740532649 ], [ -83.9287120575, 43.0782488393 ], [ -83.9287145143, 43.0804504017 ], [ -83.9287470264, 43.087789981 ], [ -83.9287505467, 43.0887175073 ], [ -83.9287891887, 43.0965537767 ], [ -83.9288391231, 43.1022093864 ], [ -83.9288439835, 43.1031794399 ], [ -83.9288468144, 43.1033944867 ], [ -83.9288608652, 43.1055654759 ], [ -83.928881537, 43.1080005557 ], [ -83.928899851, 43.1111516039 ], [ -83.9289153253, 43.1166200301 ], [ -83.9288974743, 43.1176759357 ], [ -83.9289653733, 43.1258440029 ], [ -83.929039829, 43.1311116618 ], [ -83.9290723373, 43.1327826921 ] ] } },
{ "type": "Feature", "properties": { "PR": "3252451", "Aadt": 4987, "AadtCommercial": 145, "FacilityType": 2, "Year": "2024", "LocationId": "25-5338" }, "geometry": { "type": "LineString", "coordinates": [ [ -83.6460775395, 42.902742134 ], [ -83.6419311275, 42.9028208023 ], [ -83.6402314416, 42.9028476611 ], [ -83.636911359, 42.9029144965 ], [ -83.6363854885, 42.9029199482 ], [ -83.6361120128, 42.9029060091 ], [ -83.6356410376, 42.9027933847 ], [ -83.6335362357, 42.9019407169 ], [ -83.6329554919, 42.9016724257 ], [ -83.6325863803, 42.9015290318 ], [ -83.6323536154, 42.9014748243 ], [ -83.6320194812, 42.9014390502 ], [ -83.6314324581, 42.9014438595 ], [ -83.6303032637, 42.9014511284 ] ] } },
{ "type": "Feature", "properties": { "PR": "1523901", "Aadt": 8358, "AadtCommercial": 234, "FacilityType": 2, "Year": "2024", "LocationId": "25-5525" }, "geometry": { "type": "LineString", "coordinates": [ [ -83.8132430452, 43.0673610328 ], [ -83.8132912443, 43.0710626022 ], [ -83.8133009556, 43.0746541765 ], [ -83.8133033731, 43.0747141202 ], [ -83.8133474047, 43.0782790184 ] ] } },
{ "type": "Feature", "properties": { "PR": "1506101", "Aadt": 8530, "AadtCommercial": 241, "FacilityType": 2, "Year": "2024", "LocationId": "25-5491" }, "geometry": { "type": "LineString", "coordinates": [ [ -83.8624876037, 43.0629928149 ], [ -83.8620928004, 43.062985242 ], [ -83.8607944726, 43.0629682015 ], [ -83.8593730884, 43.0629746237 ], [ -83.8575465973, 43.0629916714 ] ] } },
{ "type": "Feature", "properties": { "PR": "1523507", "Aadt": 3688, "AadtCommercial": 103, "FacilityType": 2, "Year": "2024", "LocationId": "25-6718" }, "geometry": { "type": "LineString", "coordinates": [ [ -83.7074754717, 43.0308608329 ], [ -83.7074740825, 43.0308609102 ], [ -83.7072997529, 43.0308687798 ], [ -83.7071081663, 43.0308775434 ], [ -83.7069201287, 43.0308847266 ], [ -83.7063828866, 43.0308956087 ], [ -83.7062062629, 43.0308973228 ], [ -83.7060293295, 43.0308985187 ], [ -83.7059351008, 43.030899156 ], [ -83.7057517681, 43.0308955836 ], [ -83.7055818109, 43.0308908967 ], [ -83.7054281432, 43.0308848922 ], [ -83.7052830862, 43.0308774605 ], [ -83.7051715586, 43.030873129 ], [ -83.705053939, 43.0308727554 ], [ -83.7049330102, 43.0308799126 ], [ -83.7047475588, 43.0309013186 ], [ -83.7045451468, 43.0309349057 ], [ -83.7043760685, 43.0309765507 ], [ -83.7042066179, 43.0310281946 ], [ -83.7040569126, 43.0310841052 ], [ -83.7038946162, 43.0311543816 ], [ -83.7036778525, 43.0312573124 ] ] } },
{ "type": "Feature", "properties": { "PR": "6200028", "Aadt": 6175, "AadtCommercial": null, "FacilityType": 4, "Year": "2024", "LocationId": "25-0079" }, "geometry": { "type": "LineString", "coordinates": [ [ -83.6319963329, 42.8969181548 ], [ -83.6318271442, 42.8969287667 ], [ -83.6316813821, 42.8969257135 ], [ -83.6315123642, 42.896895359 ], [ -83.6314002632, 42.8968602386 ], [ -83.6312251095, 42.8967791071 ], [ -83.6310668439, 42.896680454 ], [ -83.6309376133, 42.8965645323 ], [ -83.6308327921, 42.8964461437 ], [ -83.6307763279, 42.8963347265 ], [ -83.6307600056, 42.8962330874 ], [ -83.6307649666, 42.8961050822 ], [ -83.6307981543, 42.8959806466 ], [ -83.6308502024, 42.8958923582 ], [ -83.6309355636, 42.8957809338 ], [ -83.6310854746, 42.8956768198 ], [ -83.6312011504, 42.8956196574 ], [ -83.631377212, 42.895572698 ], [ -83.6315766429, 42.8955500619 ], [ -83.6318355385, 42.8955614439 ], [ -83.6320479368, 42.8956224996 ], [ -83.6322831302, 42.8957227624 ], [ -83.6325779038, 42.8958540662 ], [ -83.6330479477, 42.8960635207 ], [ -83.6333788193, 42.8962045152 ], [ -83.6336147072, 42.8962869146 ], [ -83.6338317345, 42.8963331668 ], [ -83.6340620295, 42.8963781983 ] ] } },
{ "type": "Feature", "properties": { "PR": "3251555", "Aadt": 7466, "AadtCommercial": 207, "FacilityType": 2, "Year": "2024", "LocationId": "25-5179" }, "geometry": { "type": "LineString", "coordinates": [ [ -83.7736297972, 42.8139518728 ], [ -83.7735945227, 42.8133995854 ], [ -83.773525888, 42.8124742914 ], [ -83.773370606, 42.8121821745 ], [ -83.7731371392, 42.8118443358 ], [ -83.7729439047, 42.8116798811 ], [ -83.7727122439, 42.8115286369 ], [ -83.7724513832, 42.8113977701 ], [ -83.772057853, 42.8112347634 ], [ -83.771793101, 42.8111968816 ], [ -83.7714460646, 42.8111699361 ], [ -83.7710129693, 42.8111638994 ], [ -83.7710063241, 42.8111640078 ], [ -83.7671874593, 42.8112261712 ], [ -83.7631891753, 42.8112845825 ], [ -83.7630834028, 42.8112861255 ], [ -83.7608302917, 42.8113185387 ], [ -83.7578916648, 42.8113793153 ], [ -83.7571774919, 42.8113947571 ], [ -83.7564429521, 42.8114029814 ], [ -83.7521038214, 42.8115075974 ], [ -83.7516628627, 42.8114886396 ], [ -83.7512361974, 42.8114392495 ], [ -83.7509076254, 42.8113693198 ], [ -83.7505377922, 42.8112647316 ], [ -83.7501404421, 42.8111435981 ], [ -83.7495888111, 42.8109463398 ], [ -83.7485454909, 42.8105684345 ], [ -83.7469742943, 42.8100083851 ], [ -83.7458661146, 42.8096046398 ], [ -83.7453521961, 42.8094150996 ], [ -83.7449958533, 42.8092890762 ], [ -83.7446495204, 42.8091492637 ], [ -83.7442976713, 42.8089766139 ], [ -83.7438203966, 42.8087060379 ], [ -83.7434212379, 42.8084532564 ], [ -83.7429510388, 42.8080661599 ], [ -83.7427414767, 42.8078241616 ], [ -83.742597591, 42.8076044593 ], [ -83.7424011327, 42.8072648021 ], [ -83.7416344069, 42.8053889696 ], [ -83.7415097702, 42.8051626561 ], [ -83.7413268937, 42.8049701494 ], [ -83.7411444639, 42.8048057148 ], [ -83.7408828889, 42.8046465174 ], [ -83.740518123, 42.8044923339 ], [ -83.7400748908, 42.8043833496 ], [ -83.7395068211, 42.8043356125 ], [ -83.7379323391, 42.8043533136 ], [ -83.7345935294, 42.8044038417 ], [ -83.7338318295, 42.8044178111 ] ] } },
{ "type": "Feature", "properties": { "PR": "0756502", "Aadt": 32600, "AadtCommercial": 5934, "FacilityType": 2, "Year": "2024", "LocationId": "44-0065" }, "geometry": { "type": "LineString", "coordinates": [ [ -83.43959557, 43.0151698031 ], [ -83.4389094936, 43.01515745 ], [ -83.4355502939, 43.0150442135 ], [ -83.4346234217, 43.0150135714 ], [ -83.4338680628, 43.0149788946 ], [ -83.4327631969, 43.0149682691 ], [ -83.4315726411, 43.0150024819 ], [ -83.430540937, 43.0151065346 ], [ -83.4294530754, 43.0152715363 ], [ -83.4293682494, 43.0152876231 ], [ -83.4287154417, 43.0154114191 ], [ -83.428539171, 43.0154594332 ], [ -83.4281088574, 43.0155766439 ], [ -83.4273523752, 43.0158018538 ], [ -83.4264977022, 43.0160658475 ], [ -83.4257630913, 43.0162934588 ], [ -83.4254885192, 43.0163785305 ], [ -83.4249167797, 43.0165584326 ], [ -83.4212768717, 43.0176773994 ], [ -83.4193297842, 43.0182968295 ], [ -83.4179496337, 43.0187277838 ], [ -83.4148393049, 43.0196935263 ], [ -83.4125161307, 43.0204091792 ], [ -83.4099525827, 43.0212068093 ], [ -83.4053021243, 43.0226451976 ], [ -83.4026343956, 43.023471587 ], [ -83.39989488, 43.0243111842 ], [ -83.3965017237, 43.025340799 ], [ -83.3941425493, 43.0260771268 ], [ -83.3927620557, 43.0265077731 ], [ -83.3914850036, 43.0268960362 ], [ -83.3904764286, 43.0271860557 ], [ -83.3896014343, 43.0274418488 ], [ -83.3886347382, 43.027702985 ], [ -83.3877000943, 43.0279275631 ], [ -83.3868263753, 43.0281535368 ], [ -83.385871407, 43.0283776318 ], [ -83.3849583306, 43.0285728536 ], [ -83.3833178335, 43.0289004409 ], [ -83.3821089582, 43.0291186455 ], [ -83.3808347801, 43.0293421378 ], [ -83.3800966361, 43.0294637035 ], [ -83.3782469863, 43.0296894352 ], [ -83.3759038804, 43.0299700777 ], [ -83.3748803058, 43.0300926585 ], [ -83.3726494292, 43.0303131207 ], [ -83.3709546301, 43.0304826612 ], [ -83.3701481709, 43.0305609139 ], [ -83.3695486535, 43.0306334825 ], [ -83.3685294218, 43.0307458688 ], [ -83.3663160493, 43.030919907 ], [ -83.3619943801, 43.0311583647 ], [ -83.3614670199, 43.0311687197 ] ] } },
{ "type": "Feature", "properties": { "PR": "3251913", "Aadt": 1801, "AadtCommercial": 51, "FacilityType": 1, "Year": "2024", "LocationId": "25-5362" }, "geometry": { "type": "LineString", "coordinates": [ [ -83.681278281, 42.9742689972 ], [ -83.6813157643, 42.9750849837 ], [ -83.6813402138, 42.9757859115 ], [ -83.6813783089, 42.9764904337 ], [ -83.6814100257, 42.9771864279 ], [ -83.681437042, 42.9778992984 ], [ -83.6814824536, 42.9786613969 ], [ -83.6814905829, 42.9793748376 ], [ -83.6815223699, 42.9800909546 ], [ -83.6815512214, 42.9804941969 ], [ -83.6815711593, 42.9808222534 ], [ -83.68158141, 42.9815511741 ], [ -83.6816085447, 42.9821426827 ], [ -83.6816750035, 42.9838029852 ], [ -83.681699873, 42.9841333593 ], [ -83.6816997716, 42.9845086947 ], [ -83.6817259331, 42.9852199141 ], [ -83.6817602115, 42.9859327796 ], [ -83.681795516, 42.9866513995 ], [ -83.6818546444, 42.9874127052 ], [ -83.6818729928, 42.9877950852 ], [ -83.6818851932, 42.9881493406 ], [ -83.6819268957, 42.9888838002 ], [ -83.6819668824, 42.9894009877 ], [ -83.6818370845, 42.9896190259 ], [ -83.6815567694, 42.9900697897 ], [ -83.6813744953, 42.9903357237 ], [ -83.6811354753, 42.9907648166 ], [ -83.6806499934, 42.9916415298 ], [ -83.6806251589, 42.9917230669 ], [ -83.6806076396, 42.9918571731 ], [ -83.6806120085, 42.9919871708 ], [ -83.6806094801, 42.9921352583 ], [ -83.6806595166, 42.9922889822 ], [ -83.6807099877, 42.99243132 ], [ -83.6808944293, 42.9926722276 ], [ -83.6810489263, 42.9928347773 ], [ -83.6812873703, 42.9929876799 ], [ -83.6814366152, 42.9930573665 ], [ -83.6816701226, 42.9931518957 ], [ -83.681892071, 42.9932094739 ], [ -83.6820887772, 42.9932488573 ], [ -83.6823893413, 42.9932849298 ], [ -83.6827019478, 42.9933387253 ] ] } },
{ "type": "Feature", "properties": { "PR": "1497804", "Aadt": 76744, "AadtCommercial": 6293, "FacilityType": 2, "Year": "2024", "LocationId": "25-0107" }, "geometry": { "type": "LineString", "coordinates": [ [ -83.7256376658, 42.9734981757 ], [ -83.7257006015, 42.9744021185 ], [ -83.7257056606, 42.9745040564 ], [ -83.725720296, 42.9750065085 ], [ -83.7258880197, 42.9761815024 ], [ -83.726071115, 42.9768045569 ], [ -83.7262772207, 42.977298851 ], [ -83.7264402958, 42.9776452356 ], [ -83.7266964138, 42.978100431 ], [ -83.7270410096, 42.9786242434 ], [ -83.7273542044, 42.9790137457 ], [ -83.7284827101, 42.9801914862 ], [ -83.7306837135, 42.9823225625 ], [ -83.7307805642, 42.982422997 ], [ -83.7310407289, 42.9826927834 ], [ -83.7311466526, 42.9827832622 ], [ -83.7314087783, 42.9830778515 ], [ -83.7323151827, 42.9839492152 ], [ -83.7329556828, 42.9846069742 ], [ -83.7330923133, 42.9847509039 ], [ -83.7332388639, 42.984873527 ] ] } },
{ "type": "Feature", "properties": { "PR": "1501501", "Aadt": 262, "AadtCommercial": null, "FacilityType": 4, "Year": "2024", "LocationId": "25-0498" }, "geometry": { "type": "LineString", "coordinates": [ [ -83.7338559153, 43.0988689258 ], [ -83.7338614921, 43.098850923 ], [ -83.7340782452, 43.0981512802 ], [ -83.7341719704, 43.0979446406 ], [ -83.7342987565, 43.0977386635 ], [ -83.7344378638, 43.0975571779 ], [ -83.7345823195, 43.0974097428 ], [ -83.7347532215, 43.0972628375 ], [ -83.7350379764, 43.0970794163 ], [ -83.735381878, 43.0969068752 ], [ -83.7355591575, 43.0968282835 ], [ -83.7357586582, 43.0967398403 ], [ -83.7361608031, 43.0966024061 ], [ -83.7365025342, 43.0964880088 ], [ -83.7368769642, 43.0963839626 ], [ -83.7372565632, 43.096318812 ], [ -83.7376890585, 43.0962547171 ], [ -83.7380479171, 43.0962133953 ], [ -83.7396479837, 43.0961346386 ] ] } },
{ "type": "Feature", "properties": { "PR": "0550804", "Aadt": 406, "AadtCommercial": 11, "FacilityType": 2, "Year": "2024", "LocationId": "76-5093" }, "geometry": { "type": "LineString", "coordinates": [ [ -84.0654427999, 42.8360813271 ], [ -84.0615719525, 42.8361807461 ], [ -84.056158269, 42.8362970206 ], [ -84.0545704005, 42.8363387249 ], [ -84.0502518039, 42.8364447677 ], [ -84.0420516282, 42.8366824284 ], [ -84.0337151506, 42.8368234441 ], [ -84.0334888199, 42.8368239214 ] ] } },
{ "type": "Feature", "properties": { "PR": "1499303", "Aadt": 5342, "AadtCommercial": 149, "FacilityType": 2, "Year": "2024", "LocationId": "25-6648" }, "geometry": { "type": "LineString", "coordinates": [ [ -83.713306997, 42.9904594975 ], [ -83.7095769001, 42.9921170174 ], [ -83.7044541073, 42.9943957101 ], [ -83.7007503223, 42.9960289925 ], [ -83.7004112769, 42.9961697941 ], [ -83.6998514244, 42.996427435 ], [ -83.6993503946, 42.9966581665 ], [ -83.6988487458, 42.9969051614 ], [ -83.6985513196, 42.9970829411 ], [ -83.6981416261, 42.9973356896 ], [ -83.6977682504, 42.9976357979 ], [ -83.6975791139, 42.9977968576 ], [ -83.6972368864, 42.998184763 ], [ -83.6970937352, 42.9983682552 ], [ -83.6968282768, 42.9987462316 ], [ -83.6965623014, 42.9990406944 ], [ -83.6963056086, 42.9992720607 ], [ -83.6960084212, 42.9994813692 ], [ -83.6955866637, 42.9997063385 ], [ -83.6951967934, 42.9998890783 ], [ -83.6941314357, 43.0004112983 ], [ -83.6932274517, 43.0008595761 ], [ -83.692216607, 43.0013205557 ], [ -83.691684334, 43.0015684752 ], [ -83.6914812685, 43.0016842013 ], [ -83.6910221456, 43.0019085483 ], [ -83.6906933468, 43.0020814191 ], [ -83.6903428482, 43.0021969049 ], [ -83.6900173631, 43.0022822417 ], [ -83.6896395364, 43.0023314678 ], [ -83.6891674622, 43.0023481075 ], [ -83.6888380024, 43.0023807983 ], [ -83.6883447192, 43.0024846021 ], [ -83.6880513532, 43.002583697 ], [ -83.6871618889, 43.002881948 ], [ -83.6862869887, 43.0032303311 ], [ -83.6854500955, 43.0035453134 ], [ -83.6852493767, 43.0036268742 ], [ -83.6846055318, 43.0038718826 ], [ -83.6844285674, 43.0039408729 ], [ -83.6843499679, 43.0039715147 ], [ -83.6841520088, 43.0040486884 ], [ -83.6840944044, 43.0040711454 ], [ -83.6839023057, 43.004160257 ], [ -83.6837808396, 43.0042166036 ], [ -83.6837294058, 43.0042375186 ], [ -83.6831305743, 43.0044810252 ], [ -83.6825150966, 43.0046268701 ], [ -83.6820811801, 43.0047137527 ], [ -83.6817638841, 43.0048221765 ], [ -83.6815317017, 43.004922767 ], [ -83.6813166025, 43.0050490969 ], [ -83.6803688044, 43.0056322049 ], [ -83.679422813, 43.0061608061 ], [ -83.6788085727, 43.0065285513 ], [ -83.6784603827, 43.0066782511 ], [ -83.6782380283, 43.0067543097 ], [ -83.6780613911, 43.0068150727 ], [ -83.6778315445, 43.006885437 ], [ -83.6776241568, 43.0069503479 ], [ -83.6771564338, 43.0071076318 ], [ -83.6769310771, 43.0071756498 ], [ -83.6766964014, 43.0072581626 ], [ -83.6756187962, 43.00774748 ], [ -83.6746759612, 43.0081993154 ], [ -83.6739973455, 43.0084936622 ], [ -83.6736817559, 43.0086475921 ], [ -83.673461313, 43.008750949 ], [ -83.6728512261, 43.0090285071 ], [ -83.672773799, 43.0090686877 ], [ -83.6726971777, 43.0091254405 ], [ -83.6724571831, 43.0094102781 ], [ -83.672232225, 43.0096702094 ], [ -83.6720699959, 43.0099046489 ] ] } },
{ "type": "Feature", "properties": { "PR": "1512102", "Aadt": 5375, "AadtCommercial": 155, "FacilityType": 2, "Year": "2024", "LocationId": "25-5248" }, "geometry": { "type": "LineString", "coordinates": [ [ -83.7256006741, 42.815569609 ], [ -83.7254739495, 42.8155707959 ], [ -83.7237737835, 42.8156196663 ], [ -83.7198813396, 42.8157185632 ], [ -83.7191789315, 42.8157274168 ], [ -83.7187982423, 42.8157410723 ], [ -83.7185458022, 42.8157715498 ], [ -83.718240966, 42.8158246864 ], [ -83.717496466, 42.816004134 ], [ -83.716627324, 42.8162427262 ], [ -83.7162952013, 42.8163534965 ], [ -83.7160096251, 42.8164545075 ], [ -83.7156735021, 42.8165538464 ], [ -83.71529938, 42.816639693 ], [ -83.7146897384, 42.8167590957 ], [ -83.7141615546, 42.816875354 ], [ -83.7138314243, 42.8170028075 ], [ -83.7135990836, 42.8171176905 ], [ -83.7133627384, 42.8172637524 ], [ -83.7131506581, 42.8174086739 ], [ -83.7127996178, 42.8176561099 ], [ -83.7126534804, 42.8177379979 ], [ -83.712458709, 42.8177987129 ], [ -83.7122487667, 42.8178263498 ], [ -83.7100852167, 42.817809444 ], [ -83.7096001099, 42.8178123269 ], [ -83.7075342715, 42.8177998056 ] ] } },
{ "type": "Feature", "properties": { "PR": "1844205", "Aadt": 1855, "AadtCommercial": null, "FacilityType": 4, "Year": "2024", "LocationId": "25-4118" }, "geometry": { "type": "LineString", "coordinates": [ [ -83.6845931065, 43.0208062041 ], [ -83.6847660303, 43.0205628622 ], [ -83.6849207101, 43.020195275 ], [ -83.6850603797, 43.0197767335 ], [ -83.6851118651, 43.0192042565 ], [ -83.6851099742, 43.0187489916 ], [ -83.685076894, 43.0180302468 ] ] } },
{ "type": "Feature", "properties": { "PR": "1497102", "Aadt": 7944, "AadtCommercial": 239, "FacilityType": 2, "Year": "2024", "LocationId": "25-7054" }, "geometry": { "type": "LineString", "coordinates": [ [ -83.694418618, 43.1193437579 ], [ -83.6944183709, 43.119483447 ], [ -83.6944239388, 43.1202831739 ], [ -83.6944271532, 43.1204723975 ], [ -83.6944302984, 43.1206028218 ], [ -83.6944340673, 43.1214027767 ], [ -83.6944505462, 43.1221986106 ], [ -83.6944550427, 43.122707881 ], [ -83.6944446468, 43.1229590868 ], [ -83.6944715067, 43.123388578 ], [ -83.6944680168, 43.1237124029 ], [ -83.6944724686, 43.1246912575 ], [ -83.6944766994, 43.1250677146 ], [ -83.6944802894, 43.1258323422 ], [ -83.6944836498, 43.1266803042 ], [ -83.6944939692, 43.1269813276 ], [ -83.6944902248, 43.1277675403 ], [ -83.6944999831, 43.1282290394 ], [ -83.6944981023, 43.1285327023 ], [ -83.6945137797, 43.1292585036 ], [ -83.6945117372, 43.1300200414 ], [ -83.6945258818, 43.1316382683 ], [ -83.6945635791, 43.1329418881 ], [ -83.6945732054, 43.1343281743 ] ] } },
{ "type": "Feature", "properties": { "PR": "0556307", "Aadt": 1039, "AadtCommercial": 29, "FacilityType": 2, "Year": "2024", "LocationId": "76-5289" }, "geometry": { "type": "LineString", "coordinates": [ [ -83.986739396, 42.9995361636 ], [ -83.9870978884, 43.0138752048 ], [ -83.9870970735, 43.0139883671 ], [ -83.9870792952, 43.0199226947 ], [ -83.9870703118, 43.0211208829 ], [ -83.98715928, 43.0283752503 ], [ -83.9871834952, 43.0347594553 ], [ -83.9872306593, 43.0374927999 ], [ -83.9872711022, 43.044218942 ], [ -83.9872816427, 43.0442594298 ], [ -83.9872850431, 43.0453539507 ], [ -83.9873513772, 43.0504908188 ], [ -83.9874604887, 43.058680817 ] ] } },
{ "type": "Feature", "properties": { "PR": "1494107", "Aadt": 7936, "AadtCommercial": 166, "FacilityType": 2, "Year": "2024", "LocationId": "25-4768" }, "geometry": { "type": "LineString", "coordinates": [ [ -83.7333492736, 43.0023652736 ], [ -83.7322246935, 43.0023996435 ], [ -83.7312497602, 43.0024340484 ], [ -83.7302347713, 43.0024457214 ], [ -83.7293151397, 43.0024615715 ], [ -83.7283507327, 43.0024912268 ], [ -83.727351812, 43.0025122464 ], [ -83.7271255873, 43.0025170749 ], [ -83.7259285244, 43.0025517536 ], [ -83.7249365656, 43.0025657625 ], [ -83.7242935102, 43.0025799101 ], [ -83.7241299297, 43.0025943477 ], [ -83.7239484131, 43.0026039914 ], [ -83.7236926674, 43.0026608946 ], [ -83.7234124551, 43.0027261687 ], [ -83.7230706898, 43.0028081371 ], [ -83.7221608535, 43.0030473991 ], [ -83.7211327707, 43.0033202154 ], [ -83.7197923732, 43.0036696611 ], [ -83.7188628754, 43.0039085469 ], [ -83.7170744884, 43.0043758458 ], [ -83.7161833067, 43.0046146258 ], [ -83.7147541267, 43.0049818997 ], [ -83.7138635121, 43.0052611243 ], [ -83.7123548833, 43.0059884169 ], [ -83.7110443054, 43.0066962431 ], [ -83.7108984675, 43.0067857912 ], [ -83.7108212014, 43.0068729487 ] ] } },
{ "type": "Feature", "properties": { "PR": "1515306", "Aadt": 1753, "AadtCommercial": 52, "FacilityType": 2, "Year": "2024", "LocationId": "25-5535" }, "geometry": { "type": "LineString", "coordinates": [ [ -83.8138654204, 43.1482242504 ], [ -83.8062885766, 43.148245636 ], [ -83.8046038557, 43.1482584987 ], [ -83.8000323905, 43.148245317 ], [ -83.7999788068, 43.1482452288 ], [ -83.7938572196, 43.1482349945 ], [ -83.7864569981, 43.1482356282 ], [ -83.7834226558, 43.1482445894 ], [ -83.7801148954, 43.1482374956 ], [ -83.773982393, 43.1482243183 ] ] } },
{ "type": "Feature", "properties": { "PR": "1502110", "Aadt": 16751, "AadtCommercial": 2381, "FacilityType": 2, "Year": "2024", "LocationId": "25-4144" }, "geometry": { "type": "LineString", "coordinates": [ [ -83.7718687068, 42.9730245265 ], [ -83.7711109359, 42.9729292846 ], [ -83.7702962285, 42.9728659422 ], [ -83.7698023072, 42.9728259734 ], [ -83.769520177, 42.9728224233 ], [ -83.769195178, 42.9728323609 ], [ -83.7679977685, 42.9728133486 ], [ -83.7677211804, 42.9728206606 ], [ -83.767550088, 42.9728177782 ], [ -83.7669731366, 42.9728416475 ], [ -83.7666201515, 42.9728412534 ], [ -83.7666140491, 42.9728547689 ], [ -83.7658104181, 42.9728528387 ], [ -83.765691116, 42.9728542412 ], [ -83.7651529088, 42.9728680405 ], [ -83.7637469623, 42.9728913046 ], [ -83.7633440776, 42.9728956327 ], [ -83.7626800733, 42.9728900603 ], [ -83.7620157214, 42.97291 ], [ -83.7609866262, 42.9729074991 ], [ -83.7603686003, 42.9729252272 ], [ -83.7576044169, 42.9729301413 ] ] } },
{ "type": "Feature", "properties": { "PR": "1497102", "Aadt": 15195, "AadtCommercial": 396, "FacilityType": 2, "Year": "2024", "LocationId": "25-6817" }, "geometry": { "type": "LineString", "coordinates": [ [ -83.6941718161, 43.0901901693 ], [ -83.6942071775, 43.0929286102 ], [ -83.6941853094, 43.0937640463 ], [ -83.6941915377, 43.0945746696 ], [ -83.6941898196, 43.0953923597 ], [ -83.6941718114, 43.0962826312 ], [ -83.6941823385, 43.0968519581 ], [ -83.6941803434, 43.0970173719 ], [ -83.6941994702, 43.0972211843 ], [ -83.6942036207, 43.0978157642 ], [ -83.6942390302, 43.098624156 ], [ -83.6942438797, 43.0989030697 ], [ -83.694235384, 43.0990730982 ], [ -83.694229076, 43.0993867258 ], [ -83.6942437518, 43.1001193084 ], [ -83.6942664039, 43.1004086128 ], [ -83.6942623016, 43.1007583451 ], [ -83.6942679375, 43.1009449012 ], [ -83.69427488, 43.1011956542 ], [ -83.694320456, 43.1048159041 ] ] } },
{ "type": "Feature", "properties": { "PR": "1503104", "Aadt": 2764, "AadtCommercial": null, "FacilityType": 4, "Year": "2024", "LocationId": "25-1205" }, "geometry": { "type": "LineString", "coordinates": [ [ -83.6806374569, 42.944054373 ], [ -83.6800232438, 42.9439346337 ], [ -83.679773322, 42.9438739148 ], [ -83.6795876405, 42.9437820862 ], [ -83.6794042459, 42.9436300801 ], [ -83.679314134, 42.9435124169 ], [ -83.6792742518, 42.9434004165 ], [ -83.67925292, 42.9432980625 ], [ -83.6792573194, 42.9431823379 ], [ -83.6792806209, 42.9430670013 ], [ -83.6792962147, 42.9429885675 ], [ -83.6793630933, 42.9428880237 ], [ -83.6794240225, 42.942778092 ], [ -83.6795537317, 42.9426834694 ], [ -83.6797212444, 42.9425896222 ], [ -83.6800277242, 42.9424893612 ], [ -83.6802283123, 42.9424957778 ], [ -83.6804029734, 42.942508893 ], [ -83.6806028402, 42.9425415887 ], [ -83.6808651779, 42.9426375253 ], [ -83.6809975077, 42.9427403276 ], [ -83.681135235, 42.9428718375 ], [ -83.6812407315, 42.94299792 ], [ -83.6813395884, 42.9431960705 ] ] } },
{ "type": "Feature", "properties": { "PR": "1525901", "Aadt": 4362, "AadtCommercial": 122, "FacilityType": 2, "Year": "2024", "LocationId": "25-6627" }, "geometry": { "type": "LineString", "coordinates": [ [ -83.7093218163, 43.0068731523 ], [ -83.7074743449, 43.007846639 ], [ -83.7066711294, 43.0083346338 ], [ -83.7054448061, 43.0090746814 ], [ -83.7047956433, 43.00943998 ], [ -83.7044067021, 43.0097846319 ], [ -83.7039070853, 43.0102047912 ], [ -83.7029895794, 43.0110320337 ], [ -83.7022708241, 43.0118124636 ] ] } },
{ "type": "Feature", "properties": { "PR": "1497008", "Aadt": 15038, "AadtCommercial": 782, "FacilityType": 2, "Year": "2024", "LocationId": "25-4614" }, "geometry": { "type": "LineString", "coordinates": [ [ -83.655073757, 43.0255359605 ], [ -83.6550704913, 43.0259412438 ], [ -83.6550658068, 43.026048393 ], [ -83.6551054859, 43.026679522 ], [ -83.6551134913, 43.0274279173 ], [ -83.6552015883, 43.0288794168 ], [ -83.6552016276, 43.0303789535 ], [ -83.6552597757, 43.0318724536 ], [ -83.6553050392, 43.0329061108 ] ] } },
{ "type": "Feature", "properties": { "PR": "1494804", "Aadt": 2442, "AadtCommercial": null, "FacilityType": 4, "Year": "2024", "LocationId": "25-4500" }, "geometry": { "type": "LineString", "coordinates": [ [ -83.7107431002, 42.9919885483 ], [ -83.7103056524, 42.9921532389 ], [ -83.7099250521, 42.9923502884 ], [ -83.7090393912, 42.9928154487 ], [ -83.7071052616, 42.9939185005 ], [ -83.7061197464, 42.9944533221 ], [ -83.7057243702, 42.9946644277 ], [ -83.7055489823, 42.9947681015 ], [ -83.7052269219, 42.9948874481 ], [ -83.7047941126, 42.9950086573 ] ] } },
{ "type": "Feature", "properties": { "PR": "1519606", "Aadt": 3468, "AadtCommercial": 98, "FacilityType": 2, "Year": "2024", "LocationId": "25-5102" }, "geometry": { "type": "LineString", "coordinates": [ [ -83.9096480895, 42.9126160242 ], [ -83.9071586228, 42.912626527 ], [ -83.8899586017, 42.9128304078 ], [ -83.8857291707, 42.9128245286 ], [ -83.8792632838, 42.9127931953 ], [ -83.874954637, 42.9127781919 ], [ -83.8732827808, 42.9127883235 ], [ -83.8701216304, 42.9127837809 ], [ -83.8500691459, 42.9127793885 ] ] } }
]
}
